,Gas,Model_name,CV_r2,CV_mse,test_r2_total_model,test_mse_by_total_model,test_r2_separa_model,test_mse_separa_model,best_param
0,CFCs,GBR_separate,0.8758270498258673,1.4212468791162385,-1,-1,0.9464437170471605,1.0654139717008504,"{'learning_rate': 0.5, 'n_estimators': 200}"
1,CFCs,ETR_separate,0.9145142201776105,1.0313746187142312,-1,-1,0.9537802605907475,0.950802176174048,{'n_estimators': 120}
2,CFCs,LGBM_separate,0.8952617797777205,1.2737617547394797,-1,-1,0.9530932765787464,1.1277488691030286,"{'learning_rate': 0.5, 'n_estimators': 200, 'num_leaves': 20}"
3,CFCs,BGLGBM_separate,0.9165818122194602,1.0268609098762869,-1,-1,0.957519682479961,0.867891091958124,{'n_estimators': 50}
4,CFCs,GBR_separate,0.8839510252623104,1.8596212306896551,-1,-1,0.9693056520544042,0.619320384235457,"{'learning_rate': 0.1, 'n_estimators': 200}"
5,CFCs,ETR_separate,0.9212211740714841,1.4293420256617981,-1,-1,0.9489358600509014,1.0782330830546651,{'n_estimators': 150}
6,CFCs,LGBM_separate,0.8607946625796178,2.122264157407025,-1,-1,0.9565613769407805,0.801069338503055,"{'learning_rate': 0.5, 'n_estimators': 200, 'num_leaves': 10}"
7,CFCs,BGLGBM_separate,0.8740110395434819,2.0058400381869212,-1,-1,0.9618699470842554,0.7515726880522536,{'n_estimators': 30}
