,Gas,Model_name,CV_r2,CV_mse,test_r2_total_model,test_mse_by_total_model,test_r2_separa_model,test_mse_separa_model,best_param
0,CFCs,GBR_separate,0.8756398016449006,1.687694709768819,-1,-1,0.9563071834523045,1.0458686860706068,"{'learning_rate': 0.5, 'n_estimators': 200}"
1,CFCs,ETR_separate,0.8998562725536375,1.4070981608225168,-1,-1,0.9571254673947547,1.0604454667967194,{'n_estimators': 100}
2,CFCs,LGBM_separate,0.8863759233479203,1.6154362738936967,-1,-1,0.9633816958522835,0.9359036994805888,"{'learning_rate': 0.1, 'n_estimators': 200, 'num_leaves': 50}"
3,CFCs,BGLGBM_separate,0.8965015710025217,1.4557500699851047,-1,-1,0.960274062543748,0.9870739721646082,{'n_estimators': 30}
4,CFCs,GBR_separate,0.9185140776163931,1.3314921700160582,-1,-1,0.9590531861306881,1.1584838392041579,"{'learning_rate': 0.5, 'n_estimators': 200}"
5,CFCs,ETR_separate,0.9264140713815252,1.1942428853672329,-1,-1,0.961851058762743,0.971918404122742,{'n_estimators': 150}
6,CFCs,LGBM_separate,0.9174982227204274,1.383755751533167,-1,-1,0.9648149333036267,0.9856236781239138,"{'learning_rate': 0.5, 'n_estimators': 200, 'num_leaves': 10}"
7,CFCs,BGLGBM_separate,0.921620329695499,1.287476601200495,-1,-1,0.9523035425763516,1.226954885384279,{'n_estimators': 50}
