,Gas,Model_name,CV_r2,CV_mse,test_r2_total_model,test_mse_by_total_model,test_r2_separa_model,test_mse_separa_model,best_param
0,CFCs,GBR_separate,0.8571375318716082,1.9524365907049095,-1,-1,0.9635047188595183,0.36836255599285966,"{'learning_rate': 0.5, 'n_estimators': 200}"
1,CFCs,ETR_separate,0.881884815339558,1.5618885337865631,-1,-1,0.9612830943708284,0.3905297053424639,{'n_estimators': 150}
2,CFCs,LGBM_separate,0.8660578631319773,1.8156168352292508,-1,-1,0.9741716499109477,0.26990760469335284,"{'learning_rate': 0.1, 'n_estimators': 200, 'num_leaves': 50}"
3,CFCs,BGLGBM_separate,0.8902544254415303,1.5006590798964825,-1,-1,0.9694138677236827,0.3093154938176433,{'n_estimators': 50}
4,CFCs,GBR_separate,0.945625875303703,1.1326861771962262,-1,-1,0.977824223781477,0.2340569943546325,"{'learning_rate': 0.5, 'n_estimators': 200}"
5,CFCs,ETR_separate,0.9508562614347082,0.9545433660674743,-1,-1,0.9643403683770496,0.3630103508128545,{'n_estimators': 200}
6,CFCs,LGBM_separate,0.9460211017703968,1.0645864275768737,-1,-1,0.9761239188405129,0.25244481071270697,"{'learning_rate': 0.1, 'n_estimators': 200, 'num_leaves': 20}"
7,CFCs,BGLGBM_separate,0.9463215808390011,1.0895742900945171,-1,-1,0.9740970976648289,0.25651705296003113,{'n_estimators': 50}
