,Gas,Model_name,CV_r2,CV_mse,test_r2_total_model,test_mse_by_total_model,test_r2_separa_model,test_mse_separa_model,best_param
0,CFCs,GBR_separate,0.8936932431383624,1.5611429393055487,-1,-1,0.9635477840259589,0.7501954008049757,"{'learning_rate': 0.5, 'n_estimators': 200}"
1,CFCs,ETR_separate,0.913527805128855,1.2683446211953755,-1,-1,0.9611755723105965,0.7803166201881193,{'n_estimators': 180}
2,CFCs,LGBM_separate,0.9141823420658121,1.2670030717473764,-1,-1,0.9646936527819008,0.7260824663224729,"{'learning_rate': 0.1, 'n_estimators': 200, 'num_leaves': 50}"
3,CFCs,BGLGBM_separate,0.924483372414041,1.1159134669354591,-1,-1,0.96939455437879,0.6184409179930671,{'n_estimators': 30}
4,CFCs,GBR_separate,0.9457917991570582,0.9944283395641218,-1,-1,0.9582574102308041,0.9516712835727359,"{'learning_rate': 0.5, 'n_estimators': 200}"
5,CFCs,ETR_separate,0.9441042790416565,1.0304301894761454,-1,-1,0.9630944211947524,0.741719649001676,{'n_estimators': 120}
6,CFCs,LGBM_separate,0.9421560344709627,1.0846329875375584,-1,-1,0.9691931924428299,0.7431324562071925,"{'learning_rate': 0.5, 'n_estimators': 200, 'num_leaves': 10}"
7,CFCs,BGLGBM_separate,0.9539000058932586,0.8542266420034338,-1,-1,0.9690878826998767,0.7035148720453652,{'n_estimators': 50}
