,Gas,Model_name,CV_r2,CV_mse,test_r2_total_model,test_mse_by_total_model,test_r2_separa_model,test_mse_separa_model,best_param
0,CFCs,GBR_separate,0.8758681507174918,1.4472902896591913,-1,-1,0.956642749623315,1.014662761205991,"{'learning_rate': 0.5, 'n_estimators': 200}"
1,CFCs,ETR_separate,0.8748144036873441,1.4281841653945542,-1,-1,0.9525337272255291,1.0431486061913777,{'n_estimators': 180}
2,CFCs,LGBM_separate,0.8890632308643923,1.2627959737860297,-1,-1,0.9637391426750502,0.8493576186342082,"{'learning_rate': 0.1, 'n_estimators': 200, 'num_leaves': 50}"
3,CFCs,BGLGBM_separate,0.890955123189293,1.253935953586108,-1,-1,0.9633937726272297,0.8270434120428637,{'n_estimators': 30}
4,CFCs,GBR_separate,0.8904933734261032,1.6941987929911335,-1,-1,0.9626940429222886,0.9497841643181457,"{'learning_rate': 0.5, 'n_estimators': 200}"
5,CFCs,ETR_separate,0.9273509227664647,1.2311127255989471,-1,-1,0.9515675218124222,1.073774049894756,{'n_estimators': 200}
6,CFCs,LGBM_separate,0.9121905952155812,1.3843289515540993,-1,-1,0.9619645217250052,0.9231977331006609,"{'learning_rate': 0.5, 'n_estimators': 200, 'num_leaves': 20}"
7,CFCs,BGLGBM_separate,0.9235740553232384,1.2153790602463665,-1,-1,0.961790650983428,0.8889293353886163,{'n_estimators': 50}
