,Gas,Model_name,CV_r2,CV_mse,test_r2_total_model,test_mse_by_total_model,test_r2_separa_model,test_mse_separa_model,best_param
0,CFCs,GBR_separate,0.858785496116672,1.7505293009571132,-1,-1,0.959493680229179,1.0091497529517397,"{'learning_rate': 0.5, 'n_estimators': 200}"
1,CFCs,ETR_separate,0.8894067995190701,1.3567795626191963,-1,-1,0.9645028133829302,0.8441145556679311,{'n_estimators': 180}
2,CFCs,LGBM_separate,0.8876230194842545,1.372439233995203,-1,-1,0.9631566710932091,0.8669681628845666,"{'learning_rate': 0.1, 'n_estimators': 200, 'num_leaves': 50}"
3,CFCs,BGLGBM_separate,0.8974781251092946,1.259526392648741,-1,-1,0.9508223262550455,1.1057311005558825,{'n_estimators': 50}
4,CFCs,GBR_separate,0.9201324465251718,1.1615072289096138,-1,-1,0.9662813817643259,0.7881018287620362,"{'learning_rate': 0.1, 'n_estimators': 200}"
5,CFCs,ETR_separate,0.911339542818614,1.3753783483254534,-1,-1,0.9589391488345024,0.9505178682722376,{'n_estimators': 200}
6,CFCs,LGBM_separate,0.9062087019215225,1.40040227383493,-1,-1,0.9645496560939573,0.835193495518953,"{'learning_rate': 0.5, 'n_estimators': 200, 'num_leaves': 20}"
7,CFCs,BGLGBM_separate,0.9288309134938542,1.0964740313054844,-1,-1,0.9540157776412262,1.041868070509734,{'n_estimators': 30}
