,Gas,Model_name,CV_r2,CV_mse,test_r2_total_model,test_mse_by_total_model,test_r2_separa_model,test_mse_separa_model,best_param
0,CFCs,GBR_separate,0.8644111700013116,1.7648305911838116,-1,-1,0.9445142359210639,0.8519855801651012,"{'learning_rate': 0.5, 'n_estimators': 200}"
1,CFCs,ETR_separate,0.8830944422493457,1.5165177285456746,-1,-1,0.7201769013514716,2.675595118445435,{'n_estimators': 120}
2,CFCs,LGBM_separate,0.8942125162358099,1.412042418025666,-1,-1,0.8617247098631893,1.5471220266529362,"{'learning_rate': 0.1, 'n_estimators': 200, 'num_leaves': 50}"
3,CFCs,BGLGBM_separate,0.9004585726690113,1.32708998480074,-1,-1,0.8517639837105522,1.655239794724993,{'n_estimators': 50}
4,CFCs,GBR_separate,0.957577633326008,0.728145186983817,-1,-1,0.8034738803260182,3.966548507029432,"{'learning_rate': 0.1, 'n_estimators': 200}"
5,CFCs,ETR_separate,0.9568844342439812,0.7110150739902695,-1,-1,0.7472718980712667,3.2528946131128635,{'n_estimators': 180}
6,CFCs,LGBM_separate,0.9469442201848798,0.8880319759321497,-1,-1,0.7592231095108627,4.8570449651720855,"{'learning_rate': 0.5, 'n_estimators': 200, 'num_leaves': 30}"
7,CFCs,BGLGBM_separate,0.947120434637106,0.8664416407901567,-1,-1,0.7597628228711703,4.412673834300676,{'n_estimators': 50}
