,CV_r2,CV_mse,test_r2_separa_model,test_mse_separa_model
0,0.007804345434663084,0.07810071051280151,0.0194492065151387,0.16656229566290018
