,CV_r2,CV_mse,test_r2_separa_model,test_mse_separa_model
0,0.006469601693615703,0.06521791245978785,0.019257378568194206,0.16030537302701284
