,CV_r2,CV_mse,test_r2_separa_model,test_mse_separa_model
0,0.924821809897151,0.7356503759320728,0.9294184987805444,0.6526322755755722
