,CV_r2,CV_mse,test_r2_separa_model,test_mse_separa_model
0,0.9139619951578761,0.8417829758394927,0.9189347010312686,0.7456598501046973
