,CV_r2,CV_mse,test_r2_separa_model,test_mse_separa_model
0,0.006399553230889897,0.0638626006469235,0.018051054268228117,0.16018319030356926
