,CV_r2,CV_mse,test_r2_separa_model,test_mse_separa_model
0,0.929073921628314,0.6939139475558691,0.934047471236151,0.6122621552933203
