,CV_r2,CV_mse,test_r2_separa_model,test_mse_separa_model
0,0.926216432573716,0.7217123744845284,0.9306826960790007,0.6448351808310905
