,CV_r2,CV_mse,test_r2_separa_model,test_mse_separa_model
0,0.008952889458072393,0.0838981695705157,0.024271373308229646,0.21721077226482316
