,CV_r2,CV_mse,test_r2_separa_model,test_mse_separa_model,kpg_pca_mse
0,0.8309667665578084,1.5953380169366387,0.8244899014425101,1.3865740314584403,0.03839797499261759
1,0.7927784042080686,1.9460564014941435,0.8075854596886028,1.7319685291458362,0.03839797499261759
2,0.8194087834552584,1.6977800449828868,0.8170781178072805,1.5393623625690709,0.03839797499261759
