,CV_r2,CV_mse,test_r2_separa_model,test_mse_separa_model,kpg_pca_mse
0,0.09516264735344755,0.664363882974812,0.12602584562678182,0.834021952822774,0.004647211118667971
1,0.11850613237525859,0.8170483933020842,0.12963470448848727,1.0297452997695629,0.004647211118667971
2,0.1014335466401532,0.6983418668309896,0.1392448677785715,1.0001380172982657,0.004647211118667971
