,CV_r2,CV_mse,test_r2_separa_model,test_mse_separa_model,kpg_pca_mse
0,0.8771974140412901,1.1994550963848056,0.8714595399247045,1.0697166309709276,0.03019653479532574
1,0.8665528324344344,1.2939455223415366,0.8628462037147017,1.2316726668683022,0.03019653479532574
2,0.883226153927137,1.1359083638078122,0.877122716291021,1.0636801804496185,0.03019653479532574
