,CV_r2,CV_mse,test_r2_separa_model,test_mse_separa_model,kpg_pca_mse
0,0.007241261963807429,0.08254991680108661,0.06417062840475118,0.49544173055895463,0.00097895488815529
1,0.010431139796977587,0.10875749329185953,0.0653189531190358,0.5362122344747393,0.00097895488815529
2,0.007992381908561516,0.08539422358496176,0.06257495547051224,0.4880666177500406,0.00097895488815529
