,CV_r2,CV_mse,test_r2_separa_model,test_mse_separa_model,kpg_pca_mse
0,0.8203088363081471,1.6890696371037337,0.8035469840783566,1.519856563083885,0.040369371347171466
1,0.7773272762864917,2.0696098715758704,0.7921965718098771,1.831926000915245,0.040369371347171466
2,0.8058332767971962,1.810461497113538,0.8034212507910325,1.631474246272798,0.040369371347171466
