,Gas,Model_name,CV_r2,CV_mse,test_r2_total_model,test_mse_by_total_model,test_r2_separa_model,test_mse_separa_model,best_param,kpg_pca_mse
0,Methane,ETR_separate,0.88720428586355,1.034331837225686,-1,-1,0.9590215746099789,0.3036110206223498,{'n_estimators': 150},0.028409361731176568
1,Methane,LGBM_separate,0.8867320467633174,1.043789094754934,-1,-1,0.9670894863392475,0.2692336343898345,"{'learning_rate': 0.5, 'n_estimators': 200, 'num_leaves': 50}",0.028409361731176568
2,Methane,BGLGBM_separate,0.903005156467381,0.8975568459158145,-1,-1,0.9687190310507164,0.24181349007264502,{'n_estimators': 30},0.028409361731176568
