,Gas,Model_name,CV_r2,CV_mse,test_r2_total_model,test_mse_by_total_model,test_r2_separa_model,test_mse_separa_model,best_param,kpg_pca_mse
0,Methane,ETR_separate,0.8710217272174535,1.2360046828003959,-1,-1,0.8650503279092161,1.568463466029388,{'n_estimators': 200},0.03483069308703156
1,Methane,LGBM_separate,0.8596005417967888,1.334808036163959,-1,-1,0.8900742871019446,1.4483398253111561,"{'learning_rate': 0.5, 'n_estimators': 200, 'num_leaves': 30}",0.03483069308703156
2,Methane,BGLGBM_separate,0.8778354523972689,1.1662631970454984,-1,-1,0.8668113335466052,1.5811473370222895,{'n_estimators': 50},0.03483069308703156
