,Gas,Model_name,CV_r2,CV_mse,test_r2_total_model,test_mse_by_total_model,test_r2_separa_model,test_mse_separa_model,best_param,kpg_pca_mse
0,Methane,ETR_separate,0.8646759747370162,1.3028391672339719,-1,-1,0.8620755364545598,1.3002429499163028,{'n_estimators': 200},0.037819574330310954
1,Methane,LGBM_separate,0.8397806345802905,1.5285015046324264,-1,-1,0.8214299955527395,1.8638083750247103,"{'learning_rate': 0.5, 'n_estimators': 200, 'num_leaves': 20}",0.037819574330310954
2,Methane,BGLGBM_separate,0.8601963437801885,1.3496233906695494,-1,-1,0.852130455866808,1.452487866132625,{'n_estimators': 50},0.037819574330310954
