,Gas,Model_name,CV_r2,CV_mse,test_r2_total_model,test_mse_by_total_model,test_r2_separa_model,test_mse_separa_model,best_param,kpg_pca_mse
0,Methane,ETR_separate,0.899765416470732,1.0056474935934951,-1,-1,0.8415377555431279,1.4190577814855705,{'n_estimators': 150},0.029470236673617273
1,Methane,LGBM_separate,0.8927186211217532,1.0832368603950628,-1,-1,0.8424491514652495,1.5061730380617286,"{'learning_rate': 0.5, 'n_estimators': 200, 'num_leaves': 30}",0.029470236673617273
2,Methane,BGLGBM_separate,0.9129539973265558,0.8774633190049478,-1,-1,0.8567768029884364,1.2849039847376176,{'n_estimators': 50},0.029470236673617273
