,Gas,Model_name,CV_r2,CV_mse,test_r2_total_model,test_mse_by_total_model,test_r2_separa_model,test_mse_separa_model,best_param,kpg_pca_mse
0,Methane,ETR_separate,0.8898897004727662,1.08102088393349,-1,-1,0.8719394917318067,1.4643360168459705,{'n_estimators': 200},0.03254596761309696
1,Methane,LGBM_separate,0.856681956250118,1.4064228780795798,-1,-1,0.8769280038373295,1.4803589295527397,"{'learning_rate': 0.5, 'n_estimators': 200, 'num_leaves': 30}",0.03254596761309696
2,Methane,BGLGBM_separate,0.8834940869858681,1.1437258380222368,-1,-1,0.8701264382040785,1.5172816515177665,{'n_estimators': 50},0.03254596761309696
