,Gas,Model_name,CV_r2,CV_mse,test_r2_total_model,test_mse_by_total_model,test_r2_separa_model,test_mse_separa_model,best_param,kpg_pca_mse
0,Methane,ETR_separate,0.8689073850559799,1.2552890926968565,-1,-1,0.8121734031033732,1.5202493470441456,{'n_estimators': 200},0.0342904492318558
1,Methane,LGBM_separate,0.8431448665993571,1.4203873587554194,-1,-1,0.8009743770981501,1.615239934073843,"{'learning_rate': 0.5, 'n_estimators': 200, 'num_leaves': 20}",0.0342904492318558
2,Methane,BGLGBM_separate,0.8710771103275757,1.1827408522728682,-1,-1,0.8287022711836843,1.4125439640251325,{'n_estimators': 50},0.0342904492318558
