,Gas,Model_name,CV_r2,CV_mse,test_r2_total_model,test_mse_by_total_model,test_r2_separa_model,test_mse_separa_model,best_param,kpg_pca_mse
0,Methane,ETR_separate,0.8473950390607226,1.3670014925261804,-1,-1,0.91752496637808,1.017972131868951,{'n_estimators': 200},0.041758526087566736
1,Methane,LGBM_separate,0.8231637788897936,1.604400839861156,-1,-1,0.8700579317341101,1.448948118354431,"{'learning_rate': 0.5, 'n_estimators': 200, 'num_leaves': 10}",0.041758526087566736
2,Methane,BGLGBM_separate,0.8462549818167799,1.3791742018465023,-1,-1,0.9015309439640521,1.1776477287618337,{'n_estimators': 50},0.041758526087566736
