,Gas,Model_name,CV_r2,CV_mse,test_r2_total_model,test_mse_by_total_model,test_r2_separa_model,test_mse_separa_model,best_param,kpg_pca_mse
0,Methane,ETR_separate,0.9064034731143653,0.9213447397302177,-1,-1,0.912802054434825,0.943652704540249,{'n_estimators': 200},0.02990711339688896
1,Methane,LGBM_separate,0.8945988225955872,1.0348504100171976,-1,-1,0.8971213141558046,1.0775091621716326,"{'learning_rate': 0.5, 'n_estimators': 200, 'num_leaves': 50}",0.02990711339688896
2,Methane,BGLGBM_separate,0.9170652196698373,0.8218819030539175,-1,-1,0.9153134740573804,0.8904442094453078,{'n_estimators': 50},0.02990711339688896
