,Gas,Model_name,CV_r2,CV_mse,test_r2_total_model,test_mse_by_total_model,test_r2_separa_model,test_mse_separa_model,best_param,kpg_pca_mse
0,Methane,ETR_separate,0.9045859168566208,0.8493252398914157,-1,-1,0.6765783491198786,1.438427989544976,{'n_estimators': 150},0.033694204733169954
1,Methane,LGBM_separate,0.8835827191560751,1.0299949734554308,-1,-1,0.5818827926702366,1.7689592175688462,"{'learning_rate': 0.5, 'n_estimators': 200, 'num_leaves': 30}",0.033694204733169954
2,Methane,BGLGBM_separate,0.9088733066512662,0.8056679324678317,-1,-1,0.6690555200986621,1.4498448900260779,{'n_estimators': 50},0.033694204733169954
