,Gas,Model_name,CV_r2,CV_mse,test_r2_total_model,test_mse_by_total_model,test_r2_separa_model,test_mse_separa_model,best_param,kpg_pca_mse
0,Methane,ETR_separate,0.8646544824645549,1.2985332905351308,-1,-1,0.923703772707478,0.6746445875058159,{'n_estimators': 200},0.03109544260246272
1,Methane,LGBM_separate,0.8514233331217811,1.3818652149379542,-1,-1,0.9310200796632871,0.6874952613519869,"{'learning_rate': 0.5, 'n_estimators': 200, 'num_leaves': 30}",0.03109544260246272
2,Methane,BGLGBM_separate,0.8743237112384618,1.1801008235976653,-1,-1,0.9349513235915855,0.633442885319625,{'n_estimators': 50},0.03109544260246272
