,Gas,Model_name,CV_r2,CV_mse,test_r2_total_model,test_mse_by_total_model,test_r2_separa_model,test_mse_separa_model,best_param,kpg_pca_mse
0,Methane,ETR_separate,0.8492536967389936,1.4008869295757276,-1,-1,0.7333751816307021,2.473965094702186,{'n_estimators': 200},0.03929245617398703
1,Methane,LGBM_separate,0.8317100958004208,1.520095494284305,-1,-1,0.7782545995717527,2.2277287834375197,"{'learning_rate': 0.5, 'n_estimators': 200, 'num_leaves': 10}",0.03929245617398703
2,Methane,BGLGBM_separate,0.863829478080298,1.184703128125512,-1,-1,0.7586126103864106,2.275601619148047,{'n_estimators': 50},0.03929245617398703
