,Gas,Model_name,CV_r2,CV_mse,test_r2_total_model,test_mse_by_total_model,test_r2_separa_model,test_mse_separa_model,best_param,kpg_pca_mse
0,Methane,ETR_separate,0.8593730888649308,1.5396143906015172,-1,-1,0.7888759642286866,1.4158579239375344,{'n_estimators': 180},0.03651568242742288
1,Methane,LGBM_separate,0.8176999445256822,1.8978335531253472,-1,-1,0.7758905899262404,1.5291782113851284,"{'learning_rate': 0.5, 'n_estimators': 200, 'num_leaves': 30}",0.03651568242742288
2,Methane,BGLGBM_separate,0.8453497448772896,1.6346216052648344,-1,-1,0.7823727521603419,1.4190840070854578,{'n_estimators': 50},0.03651568242742288
