,Gas,Model_name,CV_r2,CV_mse,test_r2_total_model,test_mse_by_total_model,test_r2_separa_model,test_mse_separa_model,best_param,kpg_pca_mse
0,Methane,ETR_separate,0.8862779518612316,1.1225654995861747,-1,-1,0.9165302098288977,0.7894725953468745,{'n_estimators': 100},0.029358207765071864
1,Methane,LGBM_separate,0.8870076844479847,1.1092153716035156,-1,-1,0.9254538108883993,0.742725776330054,"{'learning_rate': 0.5, 'n_estimators': 200, 'num_leaves': 50}",0.029358207765071864
2,Methane,BGLGBM_separate,0.8990180402610418,0.9985256531207265,-1,-1,0.9291360664478826,0.6915632104593202,{'n_estimators': 50},0.029358207765071864
