,Gas,Model_name,CV_r2,CV_mse,test_r2_total_model,test_mse_by_total_model,test_r2_separa_model,test_mse_separa_model,best_param,kpg_pca_mse
0,Methane,ETR_separate,0.8778212262938492,1.188779438664009,-1,-1,0.901809483719087,0.7855735010593173,{'n_estimators': 200},0.031016692202225683
1,Methane,LGBM_separate,0.8673091979554582,1.289940468077618,-1,-1,0.8855519834651168,1.0262371651353661,"{'learning_rate': 0.5, 'n_estimators': 200, 'num_leaves': 50}",0.031016692202225683
2,Methane,BGLGBM_separate,0.8846186035773336,1.1268174598686072,-1,-1,0.9065333362174179,0.7991927097896967,{'n_estimators': 50},0.031016692202225683
