,Gas,Model_name,CV_r2,CV_mse,test_r2_total_model,test_mse_by_total_model,test_r2_separa_model,test_mse_separa_model,best_param,kpg_pca_mse
0,Methane,ETR_separate,0.79484898238627,2.211790301242656,-1,-1,0.8967193332242865,1.3264073287963698,{'n_estimators': 120},0.04221187896623514
1,Methane,LGBM_separate,0.7769947100125008,2.342824928566861,-1,-1,0.8059564877462124,2.8199080583647675,"{'learning_rate': 0.5, 'n_estimators': 200, 'num_leaves': 20}",0.04221187896623514
2,Methane,BGLGBM_separate,0.7906168624409314,2.2277473281080353,-1,-1,0.8314960312300116,2.355563623977926,{'n_estimators': 50},0.04221187896623514
