,Gas,Model_name,CV_r2,CV_mse,test_r2_total_model,test_mse_by_total_model,test_r2_separa_model,test_mse_separa_model,best_param,kpg_pca_mse
0,Methane,ETR_separate,0.8879896433052581,1.1186449887277659,-1,-1,0.9430009864345964,0.5293696854902145,{'n_estimators': 200},0.030557474997051977
1,Methane,LGBM_separate,0.8845897462152716,1.1540310246686167,-1,-1,0.9571913160201693,0.41587885014554604,"{'learning_rate': 0.5, 'n_estimators': 200, 'num_leaves': 30}",0.030557474997051977
2,Methane,BGLGBM_separate,0.9051245760316734,0.9480639124274255,-1,-1,0.9563059224020309,0.4237111906034188,{'n_estimators': 50},0.030557474997051977
