,Gas,Model_name,CV_r2,CV_mse,test_r2_total_model,test_mse_by_total_model,test_r2_separa_model,test_mse_separa_model,best_param,kpg_pca_mse
0,Methane,ETR_separate,0.8982180671900087,0.9862818353731864,-1,-1,0.9652126116651742,0.27600346539928633,{'n_estimators': 180},0.028843937423895676
1,Methane,LGBM_separate,0.897914581750678,0.9911511110694221,-1,-1,0.9323172664242051,0.5407344891648079,"{'learning_rate': 0.5, 'n_estimators': 200, 'num_leaves': 50}",0.028843937423895676
2,Methane,BGLGBM_separate,0.9119367980546655,0.8543951112644624,-1,-1,0.9596060705005552,0.3196404611431815,{'n_estimators': 50},0.028843937423895676
