,Gas,Model_name,CV_r2,CV_mse,test_r2_total_model,test_mse_by_total_model,test_r2_separa_model,test_mse_separa_model,best_param,kpg_pca_mse
0,Methane,ETR_separate,0.8918779774879442,1.0461256795420044,-1,-1,0.8628626486548134,1.452022469295286,{'n_estimators': 120},0.030223074628196466
1,Methane,LGBM_separate,0.8893291079726696,1.0647240293040645,-1,-1,0.9043268117678207,1.0638645975860226,"{'learning_rate': 0.5, 'n_estimators': 200, 'num_leaves': 30}",0.030223074628196466
2,Methane,BGLGBM_separate,0.9048699355817391,0.9151893560482657,-1,-1,0.9283985172364076,0.8339316844435637,{'n_estimators': 30},0.030223074628196466
