,Gas,Model_name,CV_r2,CV_mse,test_r2_total_model,test_mse_by_total_model,test_r2_separa_model,test_mse_separa_model,best_param,kpg_pca_mse
0,Methane,ETR_separate,0.8786102205157169,1.184553245363698,-1,-1,0.826123053020438,1.5053315518761772,{'n_estimators': 100},0.03168402852560935
1,Methane,LGBM_separate,0.8625731838703882,1.3292368711553244,-1,-1,0.7854534638039963,2.0465790951897502,"{'learning_rate': 0.5, 'n_estimators': 200, 'num_leaves': 50}",0.03168402852560935
2,Methane,BGLGBM_separate,0.8824935112441196,1.1479196659938282,-1,-1,0.8122751814468654,1.702767786632684,{'n_estimators': 50},0.03168402852560935
