,Gas,Model_name,CV_r2,CV_mse,test_r2_total_model,test_mse_by_total_model,test_r2_separa_model,test_mse_separa_model,best_param,kpg_pca_mse
0,Methane,ETR_separate,0.8853417703209663,1.0844301103359941,-1,-1,0.904916698457236,0.8315215907659501,{'n_estimators': 200},0.032951783552706365
1,Methane,LGBM_separate,0.8828316103854881,1.111063305677312,-1,-1,0.9476847862159663,0.47396316924778376,"{'learning_rate': 0.5, 'n_estimators': 200, 'num_leaves': 50}",0.032951783552706365
2,Methane,BGLGBM_separate,0.898449133669773,0.9640987768852474,-1,-1,0.9357231107914017,0.5903913158550682,{'n_estimators': 50},0.032951783552706365
