,Gas,Model_name,CV_r2,CV_mse,test_r2_total_model,test_mse_by_total_model,test_r2_separa_model,test_mse_separa_model,best_param,kpg_pca_mse
0,Methane,ETR_separate,0.8695490644538925,1.3415033934917608,-1,-1,0.8733462060500833,1.1399457738023338,{'n_estimators': 200},0.03359945030232935
1,Methane,LGBM_separate,0.8452777939761807,1.5625884630551092,-1,-1,0.8805963412577765,1.1475580373225767,"{'learning_rate': 0.5, 'n_estimators': 200, 'num_leaves': 30}",0.03359945030232935
2,Methane,BGLGBM_separate,0.8754693669070901,1.274448213880479,-1,-1,0.8747792198500872,1.1894348515755153,{'n_estimators': 30},0.03359945030232935
