,Gas,Model_name,CV_r2,CV_mse,test_r2_total_model,test_mse_by_total_model,test_r2_separa_model,test_mse_separa_model,best_param,kpg_pca_mse
0,Methane,ETR_separate,0.9065648402379306,0.9017959036655252,-1,-1,0.8682323014690589,1.4158142866722236,{'n_estimators': 150},0.02968430786576932
1,Methane,LGBM_separate,0.895850127879173,0.9995132811191066,-1,-1,0.9283027621527595,0.9126040518661244,"{'learning_rate': 0.5, 'n_estimators': 200, 'num_leaves': 50}",0.02968430786576932
2,Methane,BGLGBM_separate,0.9137547099527625,0.8363364240218617,-1,-1,0.9304738476483845,0.817993101115698,{'n_estimators': 50},0.02968430786576932
