,Gas,Model_name,CV_r2,CV_mse,test_r2_total_model,test_mse_by_total_model,test_r2_separa_model,test_mse_separa_model,best_param,kpg_pca_mse
0,Methane,ETR_separate,0.8405230844819126,1.322469737566553,-1,-1,0.8541168727863849,1.4416884300098856,{'n_estimators': 200},0.03439265515343108
1,Methane,LGBM_separate,0.808448729526566,1.609618614387135,-1,-1,0.8283899032205106,1.7934053028518002,"{'learning_rate': 0.5, 'n_estimators': 200, 'num_leaves': 20}",0.03439265515343108
2,Methane,BGLGBM_separate,0.8386139490479968,1.3619677192503947,-1,-1,0.8581671407358131,1.3946629523488674,{'n_estimators': 50},0.03439265515343108
