,Gas,Model_name,CV_r2,CV_mse,test_r2_total_model,test_mse_by_total_model,test_r2_separa_model,test_mse_separa_model,best_param,kpg_pca_mse
0,Methane,ETR_separate,0.8671643845309284,1.3383542824858075,-1,-1,0.9263855755894039,0.47358834021896895,{'n_estimators': 180},0.03144744634488615
1,Methane,LGBM_separate,0.8553349661115682,1.462092624398789,-1,-1,0.9428970938347613,0.4084852109137044,"{'learning_rate': 0.5, 'n_estimators': 200, 'num_leaves': 30}",0.03144744634488615
2,Methane,BGLGBM_separate,0.875202440744286,1.2606677716668748,-1,-1,0.9392285827066802,0.4364089541231748,{'n_estimators': 50},0.03144744634488615
