,Gas,Model_name,CV_r2,CV_mse,test_r2_total_model,test_mse_by_total_model,test_r2_separa_model,test_mse_separa_model,best_param,kpg_pca_mse
0,Methane,ETR_separate,0.8368042531161658,1.4365789306749817,-1,-1,0.7802623978765925,2.1630669489531864,{'n_estimators': 200},0.03352391303976845
1,Methane,LGBM_separate,0.8324661935007466,1.5329140074501044,-1,-1,0.7546490879018168,2.7737161048809638,"{'learning_rate': 0.5, 'n_estimators': 200, 'num_leaves': 10}",0.03352391303976845
2,Methane,BGLGBM_separate,0.8534868140387235,1.3106057883054736,-1,-1,0.7901879351377961,2.1865575689056365,{'n_estimators': 50},0.03352391303976845
