,Gas,Model_name,CV_r2,CV_mse,test_r2_total_model,test_mse_by_total_model,test_r2_separa_model,test_mse_separa_model,best_param,kpg_pca_mse
0,Methane,ETR_separate,0.8925014007775542,1.053198931550051,-1,-1,0.9200087835731445,0.6719610800032948,{'n_estimators': 100},0.02826234721782851
1,Methane,LGBM_separate,0.8867252593212729,1.1086133467925792,-1,-1,0.9192448513212296,0.7265871790979577,"{'learning_rate': 0.5, 'n_estimators': 200, 'num_leaves': 50}",0.02826234721782851
2,Methane,BGLGBM_separate,0.9062555771938413,0.9155535394239502,-1,-1,0.9226942911870484,0.7015042819238436,{'n_estimators': 50},0.02826234721782851
