,Gas,Model_name,CV_r2,CV_mse,test_r2_total_model,test_mse_by_total_model,test_r2_separa_model,test_mse_separa_model,best_param,kpg_pca_mse
0,Methane,ETR_separate,0.8895245932459355,1.0822169243397952,-1,-1,0.9152781482513838,0.6296147888434693,{'n_estimators': 200},0.030397562510078236
1,Methane,LGBM_separate,0.8719602713918769,1.2479769717715103,-1,-1,0.7650288318150722,1.5872437994944806,"{'learning_rate': 0.5, 'n_estimators': 200, 'num_leaves': 50}",0.030397562510078236
2,Methane,BGLGBM_separate,0.8924625103322399,1.0524380598812022,-1,-1,0.8650886821525952,0.8933715552982037,{'n_estimators': 50},0.030397562510078236
