,Gas,Model_name,CV_r2,CV_mse,test_r2_total_model,test_mse_by_total_model,test_r2_separa_model,test_mse_separa_model,best_param,kpg_pca_mse
0,Methane,ETR_separate,0.9047326353797207,0.9410217574321313,-1,-1,0.8871764911565287,1.3747545966622934,{'n_estimators': 180},0.028015182061726502
1,Methane,LGBM_separate,0.9083424194984069,0.9060523628913373,-1,-1,0.9211791595640157,1.142180577082222,"{'learning_rate': 0.5, 'n_estimators': 200, 'num_leaves': 30}",0.028015182061726502
2,Methane,BGLGBM_separate,0.9182843105748114,0.8078708812384011,-1,-1,0.9126712052870184,1.105135183853204,{'n_estimators': 50},0.028015182061726502
