,Gas,Model_name,CV_r2,CV_mse,test_r2_total_model,test_mse_by_total_model,test_r2_separa_model,test_mse_separa_model,best_param,kpg_pca_mse
0,Methane,ETR_separate,0.8695469351084026,1.4795435719567505,-1,-1,0.7087369443416924,2.6369184736309896,{'n_estimators': 120},0.03900784635928699
1,Methane,LGBM_separate,0.8537958394683056,1.6617671439875028,-1,-1,0.6652345954672021,3.704493722062632,"{'learning_rate': 0.5, 'n_estimators': 200, 'num_leaves': 20}",0.03900784635928699
2,Methane,BGLGBM_separate,0.8637251522075726,1.5566555603049894,-1,-1,0.6950373593573177,2.9748047670987097,{'n_estimators': 50},0.03900784635928699
