,Gas,Model_name,CV_r2,CV_mse,test_r2_total_model,test_mse_by_total_model,test_r2_separa_model,test_mse_separa_model,best_param,kpg_pca_mse
0,Methane,ETR_separate,0.8927711565065317,1.0429545639116138,-1,-1,0.6508128952410641,1.4985150929358177,{'n_estimators': 200},0.032392927172743405
1,Methane,LGBM_separate,0.8900717449450648,1.0740178070226964,-1,-1,0.612614397585745,1.7744348252729474,"{'learning_rate': 0.5, 'n_estimators': 200, 'num_leaves': 30}",0.032392927172743405
2,Methane,BGLGBM_separate,0.9039786121343878,0.9328753134979888,-1,-1,0.6513343698435452,1.6026662455453449,{'n_estimators': 50},0.032392927172743405
