,Gas,Model_name,CV_r2,CV_mse,test_r2_total_model,test_mse_by_total_model,test_r2_separa_model,test_mse_separa_model,best_param,kpg_pca_mse
0,Methane,ETR_separate,0.9028653671604534,0.9681936217939808,-1,-1,0.9075577053403681,0.5902568746550451,{'n_estimators': 150},0.028915366104121966
1,Methane,LGBM_separate,0.9054838236350353,0.9437289166954363,-1,-1,0.8730162008001285,0.9237469393605954,"{'learning_rate': 0.5, 'n_estimators': 200, 'num_leaves': 50}",0.028915366104121966
2,Methane,BGLGBM_separate,0.9161238671670752,0.8378989513419915,-1,-1,0.8941769525178045,0.6926831202696794,{'n_estimators': 50},0.028915366104121966
