,Gas,Model_name,CV_r2,CV_mse,test_r2_total_model,test_mse_by_total_model,test_r2_separa_model,test_mse_separa_model,best_param,kpg_pca_mse
0,Methane,ETR_separate,0.8866421338305075,1.1683718293031127,-1,-1,0.8073008690627954,1.3889803507665615,{'n_estimators': 50},0.032206767935212696
1,Methane,LGBM_separate,0.878743258652975,1.2510202450742582,-1,-1,0.8069264641513868,1.4730008211927146,"{'learning_rate': 0.5, 'n_estimators': 200, 'num_leaves': 50}",0.032206767935212696
2,Methane,BGLGBM_separate,0.9018294551992436,1.007181228125868,-1,-1,0.8283335754769391,1.2443120134920167,{'n_estimators': 50},0.032206767935212696
