,Gas,Model_name,CV_r2,CV_mse,test_r2_total_model,test_mse_by_total_model,test_r2_separa_model,test_mse_separa_model,best_param,kpg_pca_mse
0,Methane,ETR_separate,0.8816021080737088,1.127914051988295,-1,-1,0.9112667009884249,0.7240297808023386,{'n_estimators': 200},0.02790913464073913
1,Methane,LGBM_separate,0.861877034452036,1.3138242251430348,-1,-1,0.8857033720746479,1.0424799039089858,"{'learning_rate': 0.5, 'n_estimators': 200, 'num_leaves': 30}",0.02790913464073913
2,Methane,BGLGBM_separate,0.8850435121984891,1.0976451945731764,-1,-1,0.912110426690642,0.7802221825969069,{'n_estimators': 50},0.02790913464073913
