,Gas,Model_name,CV_r2,CV_mse,test_r2_total_model,test_mse_by_total_model,test_r2_separa_model,test_mse_separa_model,best_param,kpg_pca_mse
0,Methane,ETR_separate,0.866933792976457,1.3264903655176374,-1,-1,0.8484449688229242,1.004457844333957,{'n_estimators': 200},0.0335583966220772
1,Methane,LGBM_separate,0.8540345755531826,1.4392856080749497,-1,-1,0.8323834551984436,1.1315011172727991,"{'learning_rate': 0.5, 'n_estimators': 200, 'num_leaves': 30}",0.0335583966220772
2,Methane,BGLGBM_separate,0.869772217067544,1.2940531685860681,-1,-1,0.8369134975197443,1.12380364879064,{'n_estimators': 30},0.0335583966220772
