,Gas,Model_name,CV_r2,CV_mse,test_r2_total_model,test_mse_by_total_model,test_r2_separa_model,test_mse_separa_model,best_param,kpg_pca_mse
0,Methane,ETR_separate,0.8794308135923039,1.0532750272010953,-1,-1,0.8088515369478867,1.6148023435753136,{'n_estimators': 200},0.032780003773033264
1,Methane,LGBM_separate,0.8472973112558273,1.3405449642575604,-1,-1,0.8019323192096237,1.7880800226269833,"{'learning_rate': 0.5, 'n_estimators': 200, 'num_leaves': 30}",0.032780003773033264
2,Methane,BGLGBM_separate,0.8727191798746384,1.1113327345071984,-1,-1,0.8027206709133979,1.653504558663025,{'n_estimators': 50},0.032780003773033264
