,Gas,Model_name,CV_r2,CV_mse,test_r2_total_model,test_mse_by_total_model,test_r2_separa_model,test_mse_separa_model,best_param,kpg_pca_mse
0,Methane,ETR_separate,0.8965943726056143,1.0308054381647869,-1,-1,0.66169935267024,1.522623696873253,{'n_estimators': 150},0.031027699087873322
1,Methane,LGBM_separate,0.8860310155923365,1.1327899191182538,-1,-1,0.696682485231286,1.3295396917216606,"{'learning_rate': 0.5, 'n_estimators': 200, 'num_leaves': 20}",0.031027699087873322
2,Methane,BGLGBM_separate,0.8959235330861169,1.0284450874452928,-1,-1,0.6464636337779395,1.5622714932513326,{'n_estimators': 50},0.031027699087873322
