,Gas,Model_name,CV_r2,CV_mse,test_r2_total_model,test_mse_by_total_model,test_r2_separa_model,test_mse_separa_model,best_param,kpg_pca_mse
0,Methane,ETR_separate,0.9021594037037819,0.964914724988102,-1,-1,0.8259113182240497,1.6226509280590455,{'n_estimators': 200},0.027859242659555895
1,Methane,LGBM_separate,0.8851285193021325,1.1290404209009854,-1,-1,0.8514243987345221,1.462302498514015,"{'learning_rate': 0.5, 'n_estimators': 200, 'num_leaves': 50}",0.027859242659555895
2,Methane,BGLGBM_separate,0.9027750131571199,0.9540320555391754,-1,-1,0.8642732640768669,1.3589272602421854,{'n_estimators': 50},0.027859242659555895
