,Gas,Model_name,CV_r2,CV_mse,test_r2_total_model,test_mse_by_total_model,test_r2_separa_model,test_mse_separa_model,best_param,kpg_pca_mse
0,Methane,ETR_separate,0.8860278560399575,1.1014709705935761,-1,-1,0.9134305233440907,0.7428821525946159,{'n_estimators': 120},0.03276849336303571
1,Methane,LGBM_separate,0.8756865660825796,1.2012273960693611,-1,-1,0.9249872239780206,0.651779293265052,"{'learning_rate': 0.5, 'n_estimators': 200, 'num_leaves': 50}",0.03276849336303571
2,Methane,BGLGBM_separate,0.8975491148530358,0.9900554483029265,-1,-1,0.9509649679601846,0.4152238260162825,{'n_estimators': 50},0.03276849336303571
