,Gas,Model_name,CV_r2,CV_mse,test_r2_total_model,test_mse_by_total_model,test_r2_separa_model,test_mse_separa_model,best_param,kpg_pca_mse
0,Methane,ETR_separate,0.8894786885965515,1.101523803732206,-1,-1,0.8451523431525473,1.2516940654674162,{'n_estimators': 180},0.031134552390529934
1,Methane,LGBM_separate,0.8776111472278065,1.2152989477297471,-1,-1,0.8509714176556606,1.1264434184521563,"{'learning_rate': 0.5, 'n_estimators': 200, 'num_leaves': 20}",0.031134552390529934
2,Methane,BGLGBM_separate,0.8950172417337257,1.0420123750516208,-1,-1,0.8705527303593813,1.0410833446856351,{'n_estimators': 50},0.031134552390529934
