,Gas,Model_name,CV_r2,CV_mse,test_r2_total_model,test_mse_by_total_model,test_r2_separa_model,test_mse_separa_model,best_param,kpg_pca_mse
0,Methane,ETR_separate,0.9012931531614718,0.9754224390572075,-1,-1,0.88945773060888,1.2878355081649455,{'n_estimators': 150},0.029798186526356563
1,Methane,LGBM_separate,0.9002891678580252,0.9861361642547631,-1,-1,0.9221046526117835,1.0529210125868573,"{'learning_rate': 0.5, 'n_estimators': 200, 'num_leaves': 50}",0.029798186526356563
2,Methane,BGLGBM_separate,0.9121352848629373,0.8687509529241144,-1,-1,0.9119561989702906,1.0661107728449215,{'n_estimators': 50},0.029798186526356563
