,Gas,Model_name,CV_r2,CV_mse,test_r2_total_model,test_mse_by_total_model,test_r2_separa_model,test_mse_separa_model,best_param,kpg_pca_mse
0,Methane,ETR_separate,0.899612445731924,1.0062139231656555,-1,-1,0.9031898155307183,0.8856413467852359,{'n_estimators': 180},0.029855408926808148
1,Methane,LGBM_separate,0.8944754210435162,1.0661489007324,-1,-1,0.8692547314130159,1.2829789998595977,"{'learning_rate': 0.5, 'n_estimators': 200, 'num_leaves': 50}",0.029855408926808148
2,Methane,BGLGBM_separate,0.9125681042188951,0.8790394662588952,-1,-1,0.9241722816878384,0.7489579271014887,{'n_estimators': 50},0.029855408926808148
