,Gas,Model_name,CV_r2,CV_mse,test_r2_total_model,test_mse_by_total_model,test_r2_separa_model,test_mse_separa_model,best_param,kpg_pca_mse
0,Methane,ETR_separate,0.7622545864914338,3.0598110671142615,-1,-1,0.810724161671901,1.9048779348082456,{'n_estimators': 200},0.030378406807318993
1,Methane,LGBM_separate,0.6673856136353773,3.928365253159712,-1,-1,0.7566565128001933,2.8772775329312785,"{'learning_rate': 0.5, 'n_estimators': 180, 'num_leaves': 10}",0.030378406807318993
2,Methane,BGLGBM_separate,0.7363085680594004,3.3426446503832956,-1,-1,0.7544063697093125,2.7874421971364893,{'n_estimators': 30},0.030378406807318993
