,Gas,Model_name,CV_r2,CV_mse,test_r2_total_model,test_mse_by_total_model,test_r2_separa_model,test_mse_separa_model,best_param,kpg_pca_mse
0,Methane,ETR_separate,0.8828944147957325,1.093345562459652,-1,-1,0.8043482269240158,1.1114689479533628,{'n_estimators': 200},0.030366973765462935
1,Methane,LGBM_separate,0.8770670844927645,1.1333097823198093,-1,-1,0.7379506571913266,1.4019560356056466,"{'learning_rate': 0.5, 'n_estimators': 200, 'num_leaves': 30}",0.030366973765462935
2,Methane,BGLGBM_separate,0.8879892838592814,1.0353659275972718,-1,-1,0.7959607500561569,1.1134109343616327,{'n_estimators': 30},0.030366973765462935
