,Gas,Model_name,CV_r2,CV_mse,test_r2_total_model,test_mse_by_total_model,test_r2_separa_model,test_mse_separa_model,best_param,kpg_pca_mse
0,Methane,ETR_separate,0.904590469358476,0.9294925780752127,-1,-1,0.9201718750407588,0.8351314334240515,{'n_estimators': 200},0.02958573725475267
1,Methane,LGBM_separate,0.887224367881449,1.0979008192639095,-1,-1,0.8969681398639762,1.1413005357660764,"{'learning_rate': 0.5, 'n_estimators': 200, 'num_leaves': 30}",0.02958573725475267
2,Methane,BGLGBM_separate,0.9098220818232129,0.8778831082916358,-1,-1,0.9163708215417667,0.9214832804295441,{'n_estimators': 50},0.02958573725475267
