,Gas,Model_name,CV_r2,CV_mse,test_r2_total_model,test_mse_by_total_model,test_r2_separa_model,test_mse_separa_model,best_param,kpg_pca_mse
0,Methane,ETR_separate,0.8996990995661436,0.9901374422357143,-1,-1,0.8354567931798176,1.4813602225211684,{'n_estimators': 200},0.027496663201393157
1,Methane,LGBM_separate,0.8943428785933953,1.0358257545760237,-1,-1,0.8665801818295276,1.2679346994970968,"{'learning_rate': 0.5, 'n_estimators': 200, 'num_leaves': 50}",0.027496663201393157
2,Methane,BGLGBM_separate,0.912095837288158,0.866018146440274,-1,-1,0.8650535381987732,1.2466375029156618,{'n_estimators': 50},0.027496663201393157
