,Gas,Model_name,CV_r2,CV_mse,test_r2_total_model,test_mse_by_total_model,test_r2_separa_model,test_mse_separa_model,best_param,kpg_pca_mse
0,Methane,ETR_separate,0.897542145465758,1.006353231131439,-1,-1,0.8220546049196868,1.4427678014963852,{'n_estimators': 200},0.03145049780910699
1,Methane,LGBM_separate,0.8999376370381438,0.9755683105353127,-1,-1,0.8246885829059274,1.4807243211991825,"{'learning_rate': 0.1, 'n_estimators': 200, 'num_leaves': 50}",0.03145049780910699
2,Methane,BGLGBM_separate,0.9056618378056343,0.921243310260766,-1,-1,0.8164509134289697,1.5235565602466026,{'n_estimators': 50},0.03145049780910699
