,Gas,Model_name,CV_r2,CV_mse,test_r2_total_model,test_mse_by_total_model,test_r2_separa_model,test_mse_separa_model,best_param,kpg_pca_mse
0,Methane,ETR_separate,0.8912042337546835,1.0667572391363673,-1,-1,0.9542996900997438,0.3090956230932664,{'n_estimators': 120},0.02927354771862174
1,Methane,LGBM_separate,0.88632378710718,1.1169311053445008,-1,-1,0.9579279993088359,0.35872460523672045,"{'learning_rate': 0.5, 'n_estimators': 200, 'num_leaves': 50}",0.02927354771862174
2,Methane,BGLGBM_separate,0.9023193852474225,0.9599095370210794,-1,-1,0.9573724787872467,0.3296857238664189,{'n_estimators': 50},0.02927354771862174
