,Gas,Model_name,CV_r2,CV_mse,test_r2_total_model,test_mse_by_total_model,test_r2_separa_model,test_mse_separa_model,best_param,kpg_pca_mse
0,Methane,ETR_separate,0.8688275063444537,1.2133132288792243,-1,-1,0.8371907474246649,1.3934699854796133,{'n_estimators': 100},0.03199979260063321
1,Methane,LGBM_separate,0.8697560540991741,1.2003784206903723,-1,-1,0.8454062837383868,1.3381617587227506,"{'learning_rate': 0.1, 'n_estimators': 200, 'num_leaves': 50}",0.03199979260063321
2,Methane,BGLGBM_separate,0.8768868693682681,1.1387059185238277,-1,-1,0.8560859055275287,1.2391662912549481,{'n_estimators': 50},0.03199979260063321
