,Gas,Model_name,CV_r2,CV_mse,test_r2_total_model,test_mse_by_total_model,test_r2_separa_model,test_mse_separa_model,best_param,kpg_pca_mse
0,Methane,ETR_separate,0.9027954879075757,0.9875951138636477,-1,-1,0.9116574261152941,0.5088804670042331,{'n_estimators': 200},0.03092252263818123
1,Methane,LGBM_separate,0.896587119828801,1.046588452576113,-1,-1,0.909602197029747,0.5488496499922253,"{'learning_rate': 0.5, 'n_estimators': 200, 'num_leaves': 50}",0.03092252263818123
2,Methane,BGLGBM_separate,0.9121391274561382,0.8907563785653073,-1,-1,0.9324421870837456,0.39890064528758035,{'n_estimators': 50},0.03092252263818123
