,Gas,Model_name,CV_r2,CV_mse,test_r2_total_model,test_mse_by_total_model,test_r2_separa_model,test_mse_separa_model,best_param,kpg_pca_mse
0,Methane,ETR_separate,0.9008170525526129,0.9761621245148188,-1,-1,0.7995357841644546,1.7399913681847474,{'n_estimators': 100},0.030212893769434895
1,Methane,LGBM_separate,0.9039689981335675,0.9413893400631534,-1,-1,0.8735769180302777,1.0715613437941642,"{'learning_rate': 0.5, 'n_estimators': 200, 'num_leaves': 30}",0.030212893769434895
2,Methane,BGLGBM_separate,0.911094015745468,0.8720896087632743,-1,-1,0.8547265469419607,1.188399042236937,{'n_estimators': 30},0.030212893769434895
