,Gas,Model_name,CV_r2,CV_mse,test_r2_total_model,test_mse_by_total_model,test_r2_separa_model,test_mse_separa_model,best_param,kpg_pca_mse
0,Methane,ETR_separate,0.9030460955853808,0.9764369269078419,-1,-1,0.8752589773255101,0.9347275199913209,{'n_estimators': 120},0.028974850169957832
1,Methane,LGBM_separate,0.8990570875856344,1.01260352791703,-1,-1,0.8976649678712507,0.7429664592619903,"{'learning_rate': 0.5, 'n_estimators': 200, 'num_leaves': 50}",0.028974850169957832
2,Methane,BGLGBM_separate,0.9117527938993893,0.8886722037065411,-1,-1,0.8771539634290645,0.8712623742341907,{'n_estimators': 50},0.028974850169957832
