,Gas,Model_name,CV_r2,CV_mse,test_r2_total_model,test_mse_by_total_model,test_r2_separa_model,test_mse_separa_model,best_param,kpg_pca_mse
0,Methane,ETR_separate,0.8843682671460789,1.1652144346329543,-1,-1,0.8650000697335922,0.9568291799989085,{'n_estimators': 200},0.03261373118551706
1,Methane,LGBM_separate,0.8656623332551604,1.3472860402685147,-1,-1,0.9136924581565781,0.5956733273206236,"{'learning_rate': 0.5, 'n_estimators': 200, 'num_leaves': 20}",0.03261373118551706
2,Methane,BGLGBM_separate,0.8847652866321244,1.1617079045467535,-1,-1,0.9123792620795073,0.6018744236404517,{'n_estimators': 50},0.03261373118551706
