,Gas,Model_name,CV_r2,CV_mse,test_r2_total_model,test_mse_by_total_model,test_r2_separa_model,test_mse_separa_model,best_param,kpg_pca_mse
0,Methane,ETR_separate,0.9004587900164566,0.950818979689281,-1,-1,0.9644057500415599,0.3755602608008272,{'n_estimators': 150},0.026446749319574154
1,Methane,LGBM_separate,0.8994952997684631,0.9599342292779521,-1,-1,0.9432400180698092,0.6721629501414653,"{'learning_rate': 0.5, 'n_estimators': 200, 'num_leaves': 50}",0.026446749319574154
2,Methane,BGLGBM_separate,0.9138249772084606,0.825117145508232,-1,-1,0.9587411384359018,0.4466741637253803,{'n_estimators': 50},0.026446749319574154
