,Gas,Model_name,CV_r2,CV_mse,test_r2_total_model,test_mse_by_total_model,test_r2_separa_model,test_mse_separa_model,best_param,kpg_pca_mse
0,Methane,ETR_separate,0.8758579569296729,1.2555118823533156,-1,-1,0.7584342080084254,2.098330303337467,{'n_estimators': 180},0.029667481313348426
1,Methane,LGBM_separate,0.8358141778631702,1.678206111817396,-1,-1,0.7784564408986421,2.0637279444799996,"{'learning_rate': 0.5, 'n_estimators': 200, 'num_leaves': 20}",0.029667481313348426
2,Methane,BGLGBM_separate,0.8638809036331662,1.3816494975796798,-1,-1,0.7890885443286431,1.8858736308421316,{'n_estimators': 50},0.029667481313348426
