,Gas,Model_name,CV_r2,CV_mse,test_r2_total_model,test_mse_by_total_model,test_r2_separa_model,test_mse_separa_model,best_param,kpg_pca_mse
0,Methane,ETR_separate,0.8987991339231026,1.0066636015976493,-1,-1,0.8774860255981386,0.8333081019970674,{'n_estimators': 200},0.02922054691993487
1,Methane,LGBM_separate,0.8964954310650931,1.0324478892882751,-1,-1,0.8834257876309642,0.8650598074675224,"{'learning_rate': 0.5, 'n_estimators': 200, 'num_leaves': 30}",0.02922054691993487
2,Methane,BGLGBM_separate,0.911194987933021,0.8841345368603107,-1,-1,0.884220539895156,0.7936053198920239,{'n_estimators': 50},0.02922054691993487
