,Gas,Model_name,CV_r2,CV_mse,test_r2_total_model,test_mse_by_total_model,test_r2_separa_model,test_mse_separa_model,best_param,kpg_pca_mse
0,Methane,ETR_separate,0.9000299028121201,0.9901918529958467,-1,-1,0.943229638867011,0.6669835612393715,{'n_estimators': 200},0.02671092549775748
1,Methane,LGBM_separate,0.8866403419653238,1.1237872660141661,-1,-1,0.921279644955836,0.8750314421871277,"{'learning_rate': 0.5, 'n_estimators': 200, 'num_leaves': 50}",0.02671092549775748
2,Methane,BGLGBM_separate,0.9079664620906884,0.9121411948010545,-1,-1,0.9403993655107783,0.6754960132351168,{'n_estimators': 30},0.02671092549775748
