,Gas,Model_name,CV_r2,CV_mse,test_r2_total_model,test_mse_by_total_model,test_r2_separa_model,test_mse_separa_model,best_param,kpg_pca_mse
0,Methane,ETR_separate,0.8886139264903667,1.0533942289012979,-1,-1,0.850819266241719,0.8941061309122776,{'n_estimators': 200},0.027285925280694446
1,Methane,LGBM_separate,0.8892307446709946,1.0510748975747854,-1,-1,0.9104166346417687,0.6781580629464357,"{'learning_rate': 0.5, 'n_estimators': 200, 'num_leaves': 30}",0.027285925280694446
2,Methane,BGLGBM_separate,0.8976741042010197,0.9659709016203053,-1,-1,0.8896029541773456,0.6920416876885156,{'n_estimators': 50},0.027285925280694446
