,Gas,Model_name,CV_r2,CV_mse,test_r2_total_model,test_mse_by_total_model,test_r2_separa_model,test_mse_separa_model,best_param,kpg_pca_mse
0,Methane,ETR_separate,0.910905836647205,0.8848126464033935,-1,-1,0.8171721409586161,1.6422673743986493,{'n_estimators': 100},0.029730605919597843
1,Methane,LGBM_separate,0.8962722011024458,1.0293214625514928,-1,-1,0.8730917642951609,1.3179536389956952,"{'learning_rate': 0.5, 'n_estimators': 200, 'num_leaves': 30}",0.029730605919597843
2,Methane,BGLGBM_separate,0.9122299252682546,0.8697917119118361,-1,-1,0.8515135472555997,1.444598842348711,{'n_estimators': 30},0.029730605919597843
