,Gas,Model_name,CV_r2,CV_mse,test_r2_total_model,test_mse_by_total_model,test_r2_separa_model,test_mse_separa_model,best_param,kpg_pca_mse
0,Methane,ETR_separate,0.8793958223398477,1.1227297053311134,-1,-1,0.7511975695319192,2.1103670999120223,{'n_estimators': 180},0.02914406716345864
1,Methane,LGBM_separate,0.853921784779361,1.3786689968377426,-1,-1,0.7316138796210039,2.6094413485648045,"{'learning_rate': 0.5, 'n_estimators': 200, 'num_leaves': 30}",0.02914406716345864
2,Methane,BGLGBM_separate,0.8855445451078751,1.0769101694016974,-1,-1,0.7790732418232661,1.938342285351745,{'n_estimators': 50},0.02914406716345864
