,Gas,Model_name,CV_r2,CV_mse,test_r2_total_model,test_mse_by_total_model,test_r2_separa_model,test_mse_separa_model,best_param,kpg_pca_mse
0,Methane,ETR_separate,0.897788289502202,1.285354313764602,-1,-1,0.8907092739284092,1.0940964880287447,{'n_estimators': 150},0.04595630052558965
1,Methane,LGBM_separate,0.8671194663986252,1.6662037472684355,-1,-1,0.8660655929117917,1.544179864981942,"{'learning_rate': 0.5, 'n_estimators': 200, 'num_leaves': 10}",0.04595630052558965
2,Methane,BGLGBM_separate,0.9039296861623016,1.2258359076656469,-1,-1,0.8729900313320642,1.3843534623523495,{'n_estimators': 30},0.04595630052558965
