,Gas,Model_name,CV_r2,CV_mse,test_r2_total_model,test_mse_by_total_model,test_r2_separa_model,test_mse_separa_model,best_param,kpg_pca_mse
0,Methane,ETR_separate,0.8163870325894298,1.677509510170434,-1,-1,0.9062800304097197,0.7679823085561842,{'n_estimators': 120},0.03935575105412655
1,Methane,LGBM_separate,0.7711202705165329,2.1627760810125674,-1,-1,0.8454980537921476,1.4787426959092582,"{'learning_rate': 0.5, 'n_estimators': 200, 'num_leaves': 20}",0.03935575105412655
2,Methane,BGLGBM_separate,0.818601516929524,1.721991176962702,-1,-1,0.8959073017422222,0.879291079734231,{'n_estimators': 30},0.03935575105412655
