,Gas,Model_name,CV_r2,CV_mse,test_r2_total_model,test_mse_by_total_model,test_r2_separa_model,test_mse_separa_model,best_param,kpg_pca_mse
0,Methane,ETR_separate,0.8979521715792889,0.9760949809528252,-1,-1,0.8213488108846462,1.4288729907150923,{'n_estimators': 100},0.02887885607843769
1,Methane,LGBM_separate,0.8951933723478763,0.9952822173114108,-1,-1,0.789391346250042,1.9009405896507225,"{'learning_rate': 0.5, 'n_estimators': 200, 'num_leaves': 50}",0.02887885607843769
2,Methane,BGLGBM_separate,0.909797778195436,0.859869578599476,-1,-1,0.8129737859153755,1.5230327029626065,{'n_estimators': 50},0.02887885607843769
