,Gas,Model_name,CV_r2,CV_mse,test_r2_total_model,test_mse_by_total_model,test_r2_separa_model,test_mse_separa_model,best_param,kpg_pca_mse
0,Methane,ETR_separate,0.8906419715829454,1.0522170813504035,-1,-1,0.8740906759732907,1.3599571228045928,{'n_estimators': 200},0.028620278712226898
1,Methane,LGBM_separate,0.8817326701778017,1.1225431451581667,-1,-1,0.9077316561386752,1.17166824269867,"{'learning_rate': 0.5, 'n_estimators': 200, 'num_leaves': 30}",0.028620278712226898
2,Methane,BGLGBM_separate,0.8955444465515867,0.9970301048691702,-1,-1,0.9345501666850073,0.7992183683595496,{'n_estimators': 50},0.028620278712226898
