,Gas,Model_name,CV_r2,CV_mse,test_r2_total_model,test_mse_by_total_model,test_r2_separa_model,test_mse_separa_model,best_param,kpg_pca_mse
0,Methane,ETR_separate,0.8906199669027212,1.0301776975631456,-1,-1,0.8743103351809142,1.4797964666901926,{'n_estimators': 200},0.03301763848893509
1,Methane,LGBM_separate,0.8790033485043465,1.1496027161089717,-1,-1,0.847895418845382,2.072039448077608,"{'learning_rate': 0.5, 'n_estimators': 200, 'num_leaves': 20}",0.03301763848893509
2,Methane,BGLGBM_separate,0.8922022088322953,1.0280860726912269,-1,-1,0.8601390211589963,1.6917882896789733,{'n_estimators': 50},0.03301763848893509
