,Gas,Model_name,CV_r2,CV_mse,test_r2_total_model,test_mse_by_total_model,test_r2_separa_model,test_mse_separa_model,best_param,kpg_pca_mse
0,Methane,ETR_separate,0.9030563729807664,0.9660151569291797,-1,-1,0.9404059525735883,0.4448290091878177,{'n_estimators': 200},0.029022204738066493
1,Methane,LGBM_separate,0.899820636974278,1.0001141684140333,-1,-1,0.9391575485090145,0.44138413865353254,"{'learning_rate': 0.5, 'n_estimators': 200, 'num_leaves': 50}",0.029022204738066493
2,Methane,BGLGBM_separate,0.918213235445459,0.8172593645276167,-1,-1,0.9375305851324854,0.452260251674007,{'n_estimators': 50},0.029022204738066493
