,Gas,Model_name,CV_r2,CV_mse,test_r2_total_model,test_mse_by_total_model,test_r2_separa_model,test_mse_separa_model,best_param,kpg_pca_mse
0,Methane,ETR_separate,0.8856688309714192,1.0795100312677313,-1,-1,0.9282543726953234,0.7782070971114579,{'n_estimators': 150},0.02955095684358412
1,Methane,LGBM_separate,0.883285148413832,1.115568969014219,-1,-1,0.9435977395434544,0.6651146751677112,"{'learning_rate': 0.5, 'n_estimators': 200, 'num_leaves': 50}",0.02955095684358412
2,Methane,BGLGBM_separate,0.8986780606013867,0.9648702069677908,-1,-1,0.9589146492470043,0.45486888544015164,{'n_estimators': 50},0.02955095684358412
