,Gas,Model_name,CV_r2,CV_mse,test_r2_total_model,test_mse_by_total_model,test_r2_separa_model,test_mse_separa_model,best_param,kpg_pca_mse
0,Methane,ETR_separate,0.8976175614467877,1.02840970654218,-1,-1,0.7836969234761552,1.4651683425900712,{'n_estimators': 150},0.03256657453338807
1,Methane,LGBM_separate,0.9012296107921033,0.9950414981069438,-1,-1,0.7148715928717091,1.9563378801612221,"{'learning_rate': 0.5, 'n_estimators': 200, 'num_leaves': 50}",0.03256657453338807
2,Methane,BGLGBM_separate,0.9115193785612028,0.8906874588895188,-1,-1,0.7646163423031107,1.6252238009365136,{'n_estimators': 50},0.03256657453338807
