,Gas,Model_name,CV_r2,CV_mse,test_r2_total_model,test_mse_by_total_model,test_r2_separa_model,test_mse_separa_model,best_param,kpg_pca_mse
0,Methane,ETR_separate,0.8703474909601742,1.1064926304589295,-1,-1,0.8126251934435945,1.7584101912557462,{'n_estimators': 100},0.03700759027766257
1,Methane,LGBM_separate,0.8554199687365186,1.236208078745747,-1,-1,0.7814403870999573,2.2290065974047164,"{'learning_rate': 0.5, 'n_estimators': 200, 'num_leaves': 30}",0.03700759027766257
2,Methane,BGLGBM_separate,0.8660797590290643,1.1402747592654254,-1,-1,0.8287280930350132,1.8204344519795443,{'n_estimators': 10},0.03700759027766257
