,Gas,Model_name,CV_r2,CV_mse,test_r2_total_model,test_mse_by_total_model,test_r2_separa_model,test_mse_separa_model,best_param,kpg_pca_mse
0,Methane,ETR_separate,0.885936642048106,1.1298811909434612,-1,-1,0.818141011828325,1.4172389856494538,{'n_estimators': 120},0.03003093340726145
1,Methane,LGBM_separate,0.8605540654762318,1.3828045805999412,-1,-1,0.8229135930529407,1.4203691692134268,"{'learning_rate': 0.5, 'n_estimators': 200, 'num_leaves': 20}",0.03003093340726145
2,Methane,BGLGBM_separate,0.8833282953236903,1.1574836339386259,-1,-1,0.8403880305574218,1.2142402263307632,{'n_estimators': 50},0.03003093340726145
