,Gas,Model_name,CV_r2,CV_mse,test_r2_total_model,test_mse_by_total_model,test_r2_separa_model,test_mse_separa_model,best_param,kpg_pca_mse
0,Methane,ETR_separate,0.8719800106957092,1.19155438697938,-1,-1,0.9173689191210979,0.7280894941421846,{'n_estimators': 200},0.03281944084090682
1,Methane,LGBM_separate,0.8500810308158282,1.397544981913087,-1,-1,0.8806029183910827,1.2254784334432953,"{'learning_rate': 0.5, 'n_estimators': 200, 'num_leaves': 20}",0.03281944084090682
2,Methane,BGLGBM_separate,0.8707232610337903,1.203024889229971,-1,-1,0.9004134870749048,0.9358750610945133,{'n_estimators': 30},0.03281944084090682
