,Gas,Model_name,CV_r2,CV_mse,test_r2_total_model,test_mse_by_total_model,test_r2_separa_model,test_mse_separa_model,best_param,kpg_pca_mse
0,Methane,ETR_separate,0.8962421283737829,0.9948565089944921,-1,-1,0.7797413159009785,2.2738026269597964,{'n_estimators': 200},0.02903734304392369
1,Methane,LGBM_separate,0.8948307477366548,1.0062898870094013,-1,-1,0.7648890895271941,2.5968173560195,"{'learning_rate': 0.5, 'n_estimators': 200, 'num_leaves': 30}",0.02903734304392369
2,Methane,BGLGBM_separate,0.9076514802694831,0.8856574714286545,-1,-1,0.8082756748297648,2.1752793823130334,{'n_estimators': 10},0.02903734304392369
