,Gas,Model_name,CV_r2,CV_mse,test_r2_total_model,test_mse_by_total_model,test_r2_separa_model,test_mse_separa_model,best_param,kpg_pca_mse
0,Methane,ETR_separate,0.8436269547109918,1.3855590001964888,-1,-1,0.9065638080270242,0.9241561393041265,{'n_estimators': 200},0.03576239735668256
1,Methane,LGBM_separate,0.8217765888076911,1.588169004211822,-1,-1,0.9111387985867936,0.9918158516108061,"{'learning_rate': 0.5, 'n_estimators': 200, 'num_leaves': 30}",0.03576239735668256
2,Methane,BGLGBM_separate,0.8445060086431109,1.391095668997424,-1,-1,0.9333017838498984,0.6883466850114588,{'n_estimators': 50},0.03576239735668256
