,Gas,Model_name,CV_r2,CV_mse,test_r2_total_model,test_mse_by_total_model,test_r2_separa_model,test_mse_separa_model,best_param,kpg_pca_mse
0,Methane,ETR_separate,0.8743695827093845,1.1283564953434018,-1,-1,0.9259168113248933,0.5297999595657332,{'n_estimators': 150},0.033550179225410856
1,Methane,LGBM_separate,0.8560504548649238,1.286342486205649,-1,-1,0.9284740380637753,0.5351850255941952,"{'learning_rate': 0.5, 'n_estimators': 200, 'num_leaves': 50}",0.033550179225410856
2,Methane,BGLGBM_separate,0.8749535542658846,1.1329152937343232,-1,-1,0.9198772360073224,0.5575736012981583,{'n_estimators': 50},0.033550179225410856
