,Gas,Model_name,CV_r2,CV_mse,test_r2_total_model,test_mse_by_total_model,test_r2_separa_model,test_mse_separa_model,best_param,kpg_pca_mse
0,Methane,ETR_separate,0.8410322115692745,1.3133369007150553,-1,-1,0.7637236427298958,2.1374099272342835,{'n_estimators': 200},0.0338221306242067
1,Methane,LGBM_separate,0.7973862651514102,1.622819288501034,-1,-1,0.7774614296640514,2.6343480409111257,"{'learning_rate': 0.5, 'n_estimators': 200, 'num_leaves': 10}",0.0338221306242067
2,Methane,BGLGBM_separate,0.8171098586570651,1.4815507210013137,-1,-1,0.7908665664688939,2.2002900792754994,{'n_estimators': 50},0.0338221306242067
