,Gas,Model_name,CV_r2,CV_mse,test_r2_total_model,test_mse_by_total_model,test_r2_separa_model,test_mse_separa_model,best_param,kpg_pca_mse
0,Methane,ETR_separate,0.8496422575445035,1.5155447490653529,-1,-1,0.9213532415687502,0.6275895497354694,{'n_estimators': 150},0.03741791772476349
1,Methane,LGBM_separate,0.8181387570503162,1.8364303241614697,-1,-1,0.8812424713177486,0.9506646476179031,"{'learning_rate': 0.5, 'n_estimators': 200, 'num_leaves': 20}",0.03741791772476349
2,Methane,BGLGBM_separate,0.8274717056969465,1.7359511200079916,-1,-1,0.9054541593057265,0.8085957546872375,{'n_estimators': 50},0.03741791772476349
