,Gas,Model_name,CV_r2,CV_mse,test_r2_total_model,test_mse_by_total_model,test_r2_separa_model,test_mse_separa_model,best_param,kpg_pca_mse
0,Methane,ETR_separate,0.8829628354425436,1.1043690831424915,-1,-1,0.9287474058082287,0.5184601362414848,{'n_estimators': 100},0.032055709500230914
1,Methane,LGBM_separate,0.8782822960342539,1.150496282968171,-1,-1,0.9298927020189297,0.5318380232632166,"{'learning_rate': 0.5, 'n_estimators': 200, 'num_leaves': 30}",0.032055709500230914
2,Methane,BGLGBM_separate,0.8948461583973344,0.9932046652326264,-1,-1,0.9437669453409389,0.4078079921625373,{'n_estimators': 50},0.032055709500230914
