,Gas,Model_name,CV_r2,CV_mse,test_r2_total_model,test_mse_by_total_model,test_r2_separa_model,test_mse_separa_model,best_param,kpg_pca_mse
0,Methane,ETR_separate,0.8582326195233522,1.320552256120616,-1,-1,0.896259444731747,0.6575955954120868,{'n_estimators': 150},0.036063145584714
1,Methane,LGBM_separate,0.8369599810147438,1.4562794458360646,-1,-1,0.8722403473607876,0.778864349526212,"{'learning_rate': 0.5, 'n_estimators': 200, 'num_leaves': 30}",0.036063145584714
2,Methane,BGLGBM_separate,0.8561733441958115,1.3001127730564916,-1,-1,0.8938793092771686,0.674061786115975,{'n_estimators': 50},0.036063145584714
