,Gas,Model_name,CV_r2,CV_mse,test_r2_total_model,test_mse_by_total_model,test_r2_separa_model,test_mse_separa_model,best_param,kpg_pca_mse
0,Methane,ETR_separate,0.8763232920951542,1.2307931345602792,-1,-1,0.9090745675622969,0.5120445117346796,{'n_estimators': 100},0.034208835253806205
1,Methane,LGBM_separate,0.8431760543004867,1.5444049227978645,-1,-1,0.9155909737968065,0.5412516980382303,"{'learning_rate': 0.5, 'n_estimators': 200, 'num_leaves': 30}",0.034208835253806205
2,Methane,BGLGBM_separate,0.8669017234998162,1.3126278401607423,-1,-1,0.9447685467944991,0.3265638679736333,{'n_estimators': 50},0.034208835253806205
