,Gas,Model_name,CV_r2,CV_mse,test_r2_total_model,test_mse_by_total_model,test_r2_separa_model,test_mse_separa_model,best_param,kpg_pca_mse
0,Methane,ETR_separate,0.8655355001627132,1.4570053788401485,-1,-1,0.7231867722523255,2.221796084137583,{'n_estimators': 200},0.03512759734310813
1,Methane,LGBM_separate,0.8634435830953648,1.507558266037481,-1,-1,0.7459520788145655,2.230521248789667,"{'learning_rate': 0.5, 'n_estimators': 200, 'num_leaves': 20}",0.03512759734310813
2,Methane,BGLGBM_separate,0.8659897928627472,1.4413424518089184,-1,-1,0.7635943386958209,2.010974943556757,{'n_estimators': 50},0.03512759734310813
