,Gas,Model_name,CV_r2,CV_mse,test_r2_total_model,test_mse_by_total_model,test_r2_separa_model,test_mse_separa_model,best_param,kpg_pca_mse
0,Methane,ETR_separate,0.8819656284514924,0.9758035088497158,-1,-1,0.6705960453362116,1.4841967253275896,{'n_estimators': 200},0.03390171732393248
1,Methane,LGBM_separate,0.8648324785294316,1.1212340204748243,-1,-1,0.6170978788319113,1.9346748586056377,"{'learning_rate': 0.5, 'n_estimators': 200, 'num_leaves': 30}",0.03390171732393248
2,Methane,BGLGBM_separate,0.882813765073273,0.9708773960992225,-1,-1,0.6105030854371805,1.7847305537282787,{'n_estimators': 50},0.03390171732393248
