,Gas,Model_name,CV_r2,CV_mse,test_r2_total_model,test_mse_by_total_model,test_r2_separa_model,test_mse_separa_model,best_param,kpg_pca_mse
0,Methane,ETR_separate,0.8834090637725825,1.1195547904770287,-1,-1,0.9047227499953104,0.8264449228352297,{'n_estimators': 120},0.03013251834862758
1,Methane,LGBM_separate,0.8657081695503159,1.2751448862342267,-1,-1,0.9068426835138493,0.7859174270056627,"{'learning_rate': 0.5, 'n_estimators': 200, 'num_leaves': 30}",0.03013251834862758
2,Methane,BGLGBM_separate,0.8891696472571924,1.0536828780452603,-1,-1,0.9361939703646904,0.5788696064738962,{'n_estimators': 50},0.03013251834862758
