,Gas,Model_name,CV_r2,CV_mse,test_r2_total_model,test_mse_by_total_model,test_r2_separa_model,test_mse_separa_model,best_param,kpg_pca_mse
0,Methane,ETR_separate,0.6832990595739955,2.325732280656763,-1,-1,0.7090340594743517,1.57983062254078,{'n_estimators': 200},0.0434626060926587
1,Methane,LGBM_separate,0.5671183179791909,3.136988232082001,-1,-1,0.6658901345392843,2.179995292206433,"{'learning_rate': 0.5, 'n_estimators': 200, 'num_leaves': 10}",0.0434626060926587
2,Methane,BGLGBM_separate,0.6478512207785292,2.602921862603303,-1,-1,0.7172308121997253,1.6796520512573956,{'n_estimators': 50},0.0434626060926587
