,Gas,Model_name,CV_r2,CV_mse,test_r2_total_model,test_mse_by_total_model,test_r2_separa_model,test_mse_separa_model,best_param,kpg_pca_mse
0,Methane,ETR_separate,0.8790439983040432,1.251649130143033,-1,-1,0.889047805037376,1.3335692244855148,{'n_estimators': 200},0.033953178643510495
1,Methane,LGBM_separate,0.8523012401727303,1.5334241813786194,-1,-1,0.8451391179879231,1.8422857007644102,"{'learning_rate': 0.5, 'n_estimators': 200, 'num_leaves': 20}",0.033953178643510495
2,Methane,BGLGBM_separate,0.8747061705453534,1.2954009771017994,-1,-1,0.875794794825265,1.4492128739696528,{'n_estimators': 30},0.033953178643510495
