,Gas,Model_name,CV_r2,CV_mse,test_r2_total_model,test_mse_by_total_model,test_r2_separa_model,test_mse_separa_model,best_param,kpg_pca_mse
0,Methane,ETR_separate,0.9101488185806801,0.8750703496742354,-1,-1,0.9053048307264738,1.0102594806742997,{'n_estimators': 200},0.027190231696777506
1,Methane,LGBM_separate,0.9084249341591709,0.8898435898484178,-1,-1,0.9025261159660769,1.0527833710546806,"{'learning_rate': 0.5, 'n_estimators': 200, 'num_leaves': 30}",0.027190231696777506
2,Methane,BGLGBM_separate,0.9225751112386243,0.7525372394136678,-1,-1,0.9087081854020735,0.949051498370125,{'n_estimators': 50},0.027190231696777506
