,Gas,Model_name,CV_r2,CV_mse,test_r2_total_model,test_mse_by_total_model,test_r2_separa_model,test_mse_separa_model,best_param,kpg_pca_mse
0,Methane,ETR_separate,0.8967886724998554,1.0476908233231543,-1,-1,0.9300290820136157,0.4513274488126499,{'n_estimators': 200},0.028095504856332092
1,Methane,LGBM_separate,0.8980572247926514,1.0263893910734803,-1,-1,0.9480001614791596,0.3824744908727107,"{'learning_rate': 0.5, 'n_estimators': 200, 'num_leaves': 50}",0.028095504856332092
2,Methane,BGLGBM_separate,0.9116717604008858,0.8925777796530197,-1,-1,0.9512062584790866,0.3290077112471788,{'n_estimators': 30},0.028095504856332092
