,Gas,Model_name,CV_r2,CV_mse,test_r2_total_model,test_mse_by_total_model,test_r2_separa_model,test_mse_separa_model,best_param,kpg_pca_mse
0,Methane,ETR_separate,0.8645835996502587,1.3851858456481696,-1,-1,0.7230928367130893,2.210018925274203,{'n_estimators': 200},0.03479626773381918
1,Methane,LGBM_separate,0.8507870555065635,1.5703312042902806,-1,-1,0.71035048832807,2.5050081563434885,"{'learning_rate': 0.5, 'n_estimators': 200, 'num_leaves': 20}",0.03479626773381918
2,Methane,BGLGBM_separate,0.8679827600512298,1.365010461379984,-1,-1,0.7533180529599022,2.0448078522685185,{'n_estimators': 50},0.03479626773381918
