,Gas,Model_name,CV_r2,CV_mse,test_r2_total_model,test_mse_by_total_model,test_r2_separa_model,test_mse_separa_model,best_param,kpg_pca_mse
0,Methane,ETR_separate,0.8885364409576331,1.1586812831640037,-1,-1,0.8659439483949449,0.8558043152042047,{'n_estimators': 200},0.03447334180050694
1,Methane,LGBM_separate,0.8827096836498715,1.211467196257667,-1,-1,0.870357372494023,0.8874572596608467,"{'learning_rate': 0.1, 'n_estimators': 200, 'num_leaves': 50}",0.03447334180050694
2,Methane,BGLGBM_separate,0.8869253202088409,1.168017011361228,-1,-1,0.8664652238835675,0.8801327836513404,{'n_estimators': 30},0.03447334180050694
