,Gas,Model_name,CV_r2,CV_mse,test_r2_total_model,test_mse_by_total_model,test_r2_separa_model,test_mse_separa_model,best_param,kpg_pca_mse
0,Methane,ETR_separate,0.8552110417941234,1.443132912000848,-1,-1,0.8856199534320355,0.7198701648003527,{'n_estimators': 200},0.031563090848458285
1,Methane,LGBM_separate,0.8486677958348064,1.5159650098929138,-1,-1,0.8899805124303182,0.8004827320537319,"{'learning_rate': 0.5, 'n_estimators': 200, 'num_leaves': 30}",0.031563090848458285
2,Methane,BGLGBM_separate,0.8690592310989647,1.309472952860413,-1,-1,0.902266779611135,0.6631270054093968,{'n_estimators': 50},0.031563090848458285
