,Gas,Model_name,CV_r2,CV_mse,test_r2_total_model,test_mse_by_total_model,test_r2_separa_model,test_mse_separa_model,best_param,kpg_pca_mse
0,Methane,ETR_separate,0.8611549081980522,1.3614455648198471,-1,-1,0.8094693048692998,1.257579072295082,{'n_estimators': 200},0.027858501395515583
1,Methane,LGBM_separate,0.8433260285870743,1.5311708237733055,-1,-1,0.7416946077217665,1.8053123857624507,"{'learning_rate': 0.5, 'n_estimators': 200, 'num_leaves': 20}",0.027858501395515583
2,Methane,BGLGBM_separate,0.866241445120383,1.3094238658560275,-1,-1,0.786059621541763,1.3593280960932774,{'n_estimators': 50},0.027858501395515583
