,Gas,Model_name,CV_r2,CV_mse,test_r2_total_model,test_mse_by_total_model,test_r2_separa_model,test_mse_separa_model,best_param,kpg_pca_mse
0,Methane,ETR_separate,0.9052825638075624,0.9411938621047853,-1,-1,0.910719826018135,0.5633020223175783,{'n_estimators': 100},0.02685638341874383
1,Methane,LGBM_separate,0.8986287534427003,1.0075915646292941,-1,-1,0.945930110427565,0.3862263341358732,"{'learning_rate': 0.5, 'n_estimators': 200, 'num_leaves': 50}",0.02685638341874383
2,Methane,BGLGBM_separate,0.9119833239461498,0.8725329325657839,-1,-1,0.9271987763903595,0.4802647419864311,{'n_estimators': 50},0.02685638341874383
