,Gas,Model_name,CV_r2,CV_mse,test_r2_total_model,test_mse_by_total_model,test_r2_separa_model,test_mse_separa_model,best_param,kpg_pca_mse
0,Methane,ETR_separate,0.8842227835616129,1.0859253283114305,-1,-1,0.853179396168888,1.2947917876143074,{'n_estimators': 200},0.03096172766548864
1,Methane,LGBM_separate,0.8607620014381953,1.3026012802106173,-1,-1,0.7527211924109753,2.0062635226702903,"{'learning_rate': 0.5, 'n_estimators': 200, 'num_leaves': 30}",0.03096172766548864
2,Methane,BGLGBM_separate,0.8842675029859738,1.0855899181972544,-1,-1,0.8143341541669669,1.587377240914424,{'n_estimators': 50},0.03096172766548864
