,Gas,Model_name,CV_r2,CV_mse,test_r2_total_model,test_mse_by_total_model,test_r2_separa_model,test_mse_separa_model,best_param,kpg_pca_mse
0,Methane,ETR_separate,0.8870273978218355,1.0476443234278694,-1,-1,0.9352856082062287,0.7760560357370896,{'n_estimators': 150},0.02704317836862209
1,Methane,LGBM_separate,0.8801526278419605,1.1049110970846319,-1,-1,0.9433475490056187,0.7307290802447058,"{'learning_rate': 0.5, 'n_estimators': 200, 'num_leaves': 50}",0.02704317836862209
2,Methane,BGLGBM_separate,0.8976004513967784,0.9388726562899183,-1,-1,0.9525503903828757,0.5676097623590755,{'n_estimators': 50},0.02704317836862209
