,Gas,Model_name,CV_r2,CV_mse,test_r2_total_model,test_mse_by_total_model,test_r2_separa_model,test_mse_separa_model,best_param,kpg_pca_mse
0,Methane,ETR_separate,0.8873270529130647,1.0693352796050366,-1,-1,0.8349120875448501,1.35908335997885,{'n_estimators': 120},0.032497465152032626
1,Methane,LGBM_separate,0.8911034398368953,1.045514172716598,-1,-1,0.8180628075194553,1.5386439575985829,"{'learning_rate': 0.1, 'n_estimators': 200, 'num_leaves': 50}",0.032497465152032626
2,Methane,BGLGBM_separate,0.8957661889563976,1.0005330382461814,-1,-1,0.8300706520803963,1.3961355293389404,{'n_estimators': 10},0.032497465152032626
