,Gas,Model_name,CV_r2,CV_mse,test_r2_total_model,test_mse_by_total_model,test_r2_separa_model,test_mse_separa_model,best_param,kpg_pca_mse
0,Methane,ETR_separate,0.9042015211919635,0.9243246074458898,-1,-1,0.9074632461077121,0.9955499666537504,{'n_estimators': 200},0.02982098130078214
1,Methane,LGBM_separate,0.9003709085508131,0.961609456259259,-1,-1,0.9185769542981759,0.9584422008841298,"{'learning_rate': 0.5, 'n_estimators': 200, 'num_leaves': 50}",0.02982098130078214
2,Methane,BGLGBM_separate,0.9172820386064877,0.7975129870179265,-1,-1,0.9156145185002941,0.8851180903352567,{'n_estimators': 50},0.02982098130078214
