,Gas,Model_name,CV_r2,CV_mse,test_r2_total_model,test_mse_by_total_model,test_r2_separa_model,test_mse_separa_model,best_param,kpg_pca_mse
0,Methane,ETR_separate,0.8896984242911945,1.108881927533055,-1,-1,0.9356016211065412,0.7584632596026435,{'n_estimators': 120},0.030049355950437097
1,Methane,LGBM_separate,0.8762730666181794,1.2543222844219861,-1,-1,0.9219153452563099,0.8833268759475348,"{'learning_rate': 0.5, 'n_estimators': 200, 'num_leaves': 30}",0.030049355950437097
2,Methane,BGLGBM_separate,0.8969607773190846,1.0368506643413204,-1,-1,0.9358286601319168,0.7327655075953275,{'n_estimators': 30},0.030049355950437097
