,Gas,Model_name,CV_r2,CV_mse,test_r2_total_model,test_mse_by_total_model,test_r2_separa_model,test_mse_separa_model,best_param,kpg_pca_mse
0,Methane,ETR_separate,0.9009043005524375,1.0246719108933984,-1,-1,0.9128395268453897,0.5079591048009933,{'n_estimators': 200},0.029704401200457625
1,Methane,LGBM_separate,0.8923004507723487,1.116604779335928,-1,-1,0.9294173997117028,0.49512734545194376,"{'learning_rate': 0.5, 'n_estimators': 200, 'num_leaves': 30}",0.029704401200457625
2,Methane,BGLGBM_separate,0.9083103637225454,0.949289374727751,-1,-1,0.9418176978219777,0.3653172687793668,{'n_estimators': 30},0.029704401200457625
