,Gas,Model_name,CV_r2,CV_mse,test_r2_total_model,test_mse_by_total_model,test_r2_separa_model,test_mse_separa_model,best_param,kpg_pca_mse
0,Methane,ETR_separate,0.8825107640700972,1.1515875000450557,-1,-1,0.9174157267700418,0.7585840270705916,{'n_estimators': 200},0.029228288157461663
1,Methane,LGBM_separate,0.8758386078381546,1.2199791051901916,-1,-1,0.9275900580836888,0.6808328731230894,"{'learning_rate': 0.5, 'n_estimators': 200, 'num_leaves': 30}",0.029228288157461663
2,Methane,BGLGBM_separate,0.8864823281931031,1.1141946169515813,-1,-1,0.9397818822832397,0.5706067017354057,{'n_estimators': 50},0.029228288157461663
