,Gas,Model_name,CV_r2,CV_mse,test_r2_total_model,test_mse_by_total_model,test_r2_separa_model,test_mse_separa_model,best_param,kpg_pca_mse
0,Methane,ETR_separate,0.8292244175205632,1.1269002692199073,-1,-1,0.7639572423206435,1.6168589676378582,{'n_estimators': 200},0.03509677669654828
1,Methane,LGBM_separate,0.8123086650573915,1.3130044282585893,-1,-1,0.8140614576326058,1.3786670930759286,"{'learning_rate': 0.5, 'n_estimators': 200, 'num_leaves': 10}",0.03509677669654828
2,Methane,BGLGBM_separate,0.8147441981673399,1.271565121861912,-1,-1,0.8129535729515065,1.2513719261913998,{'n_estimators': 50},0.03509677669654828
