,Gas,Model_name,CV_r2,CV_mse,test_r2_total_model,test_mse_by_total_model,test_r2_separa_model,test_mse_separa_model,best_param,kpg_pca_mse
0,Methane,ETR_separate,0.8659126562984248,1.3691269834078477,-1,-1,0.8538423307500218,1.3367124616324493,{'n_estimators': 200},0.03456150190933195
1,Methane,LGBM_separate,0.8270957001086323,1.7472936528446534,-1,-1,0.8247670584895652,1.7450643437129483,"{'learning_rate': 0.5, 'n_estimators': 200, 'num_leaves': 30}",0.03456150190933195
2,Methane,BGLGBM_separate,0.8616082617067704,1.4085085245335345,-1,-1,0.8253789379308653,1.6864033443907473,{'n_estimators': 50},0.03456150190933195
