,Gas,Model_name,CV_r2,CV_mse,test_r2_total_model,test_mse_by_total_model,test_r2_separa_model,test_mse_separa_model,best_param,kpg_pca_mse
0,Methane,ETR_separate,0.7374565725948343,2.3036279255222722,-1,-1,0.8545928851198332,1.0645716388856017,{'n_estimators': 200},0.03664418675519511
1,Methane,LGBM_separate,0.7189932658175865,2.4186679262209894,-1,-1,0.8776240774517827,0.9933524317372913,"{'learning_rate': 0.5, 'n_estimators': 200, 'num_leaves': 10}",0.03664418675519511
2,Methane,BGLGBM_separate,0.7424681869979484,2.268167010047226,-1,-1,0.8670639382331178,0.9584736298165365,{'n_estimators': 30},0.03664418675519511
