,Gas,Model_name,CV_r2,CV_mse,test_r2_total_model,test_mse_by_total_model,test_r2_separa_model,test_mse_separa_model,best_param,kpg_pca_mse
0,Methane,ETR_separate,0.8882535388880075,1.0708947902938548,-1,-1,0.9116205269241707,0.6965173421021188,{'n_estimators': 200},0.031602906628869214
1,Methane,LGBM_separate,0.8853479962598104,1.098226604646764,-1,-1,0.9146344402065365,0.7460443771612035,"{'learning_rate': 0.5, 'n_estimators': 200, 'num_leaves': 30}",0.031602906628869214
2,Methane,BGLGBM_separate,0.9011435721482013,0.9482776515263535,-1,-1,0.9048124942074713,0.7939202240168456,{'n_estimators': 30},0.031602906628869214
