,Gas,Model_name,CV_r2,CV_mse,test_r2_total_model,test_mse_by_total_model,test_r2_separa_model,test_mse_separa_model,best_param,kpg_pca_mse
0,Methane,ETR_separate,0.8679271786088346,1.2844992639051551,-1,-1,0.7823066937979646,2.381412878671318,{'n_estimators': 180},0.0343703925126888
1,Methane,LGBM_separate,0.8255154977262664,1.6908060120126702,-1,-1,0.7746513753753121,2.709447995077737,"{'learning_rate': 0.5, 'n_estimators': 180, 'num_leaves': 30}",0.0343703925126888
2,Methane,BGLGBM_separate,0.8563426253502003,1.3973657489774163,-1,-1,0.8010827041411979,2.2953002084746634,{'n_estimators': 30},0.0343703925126888
