,Gas,Model_name,CV_r2,CV_mse,test_r2_total_model,test_mse_by_total_model,test_r2_separa_model,test_mse_separa_model,best_param,kpg_pca_mse
0,Methane,ETR_separate,0.7738538214832056,1.8304769333946542,-1,-1,0.8818611485281657,0.7576702248459387,{'n_estimators': 50},0.03699809922252441
1,Methane,LGBM_separate,0.6900121425155865,2.385700653772523,-1,-1,0.856502281461477,1.0120178264978585,"{'learning_rate': 0.5, 'n_estimators': 200, 'num_leaves': 10}",0.03699809922252441
2,Methane,BGLGBM_separate,0.742081127978331,2.058677965697139,-1,-1,0.8574158183591379,0.9533095879542859,{'n_estimators': 10},0.03699809922252441
