,Gas,Model_name,CV_r2,CV_mse,test_r2_total_model,test_mse_by_total_model,test_r2_separa_model,test_mse_separa_model,best_param,kpg_pca_mse
0,Methane,ETR_separate,0.8859696006521686,1.0984707062020602,-1,-1,0.9033435693058367,1.0332447345058757,{'n_estimators': 100},0.031187530261894535
1,Methane,LGBM_separate,0.8820732138621269,1.1346306238151147,-1,-1,0.899322309094219,1.2650569405259096,"{'learning_rate': 0.5, 'n_estimators': 200, 'num_leaves': 30}",0.031187530261894535
2,Methane,BGLGBM_separate,0.89969600893664,0.968780545401289,-1,-1,0.9095841805945117,1.109767521243795,{'n_estimators': 50},0.031187530261894535
