,Gas,Model_name,CV_r2,CV_mse,test_r2_total_model,test_mse_by_total_model,test_r2_separa_model,test_mse_separa_model,best_param,kpg_pca_mse
0,Methane,ETR_separate,0.88883943983665,1.1303396439874842,-1,-1,0.8014819300231478,1.7522785621862753,{'n_estimators': 200},0.028809258630499684
1,Methane,LGBM_separate,0.8720479687464191,1.2976876913596294,-1,-1,0.8605824186178197,1.4133940427538005,"{'learning_rate': 0.5, 'n_estimators': 200, 'num_leaves': 30}",0.028809258630499684
2,Methane,BGLGBM_separate,0.8884402558752352,1.1323153655285592,-1,-1,0.8458638487513594,1.4083202686937029,{'n_estimators': 50},0.028809258630499684
