,Gas,Model_name,CV_r2,CV_mse,test_r2_total_model,test_mse_by_total_model,test_r2_separa_model,test_mse_separa_model,best_param,kpg_pca_mse
0,Methane,ETR_separate,0.9032228276317161,0.9197061395610373,-1,-1,0.9344413082634604,0.7711732634864297,{'n_estimators': 100},0.030430580873112102
1,Methane,LGBM_separate,0.8996470249385504,0.9490583460421329,-1,-1,0.9367950230663025,0.8071945453537581,"{'learning_rate': 0.5, 'n_estimators': 200, 'num_leaves': 50}",0.030430580873112102
2,Methane,BGLGBM_separate,0.9139204466708376,0.8209679372833669,-1,-1,0.9495117206675201,0.6099410428039095,{'n_estimators': 50},0.030430580873112102
