,Gas,Model_name,CV_r2,CV_mse,test_r2_total_model,test_mse_by_total_model,test_r2_separa_model,test_mse_separa_model,best_param,kpg_pca_mse
0,Methane,ETR_separate,0.884123684493985,1.1093845422274409,-1,-1,0.9286869293757111,0.5262666079877357,{'n_estimators': 150},0.03026220447144896
1,Methane,LGBM_separate,0.8714581759510851,1.2187263832989201,-1,-1,0.9171233011751203,0.6189845535557013,"{'learning_rate': 0.5, 'n_estimators': 200, 'num_leaves': 50}",0.03026220447144896
2,Methane,BGLGBM_separate,0.8930023627190572,1.01873448751817,-1,-1,0.9464867710626871,0.3893037730151794,{'n_estimators': 50},0.03026220447144896
