,Gas,Model_name,CV_r2,CV_mse,test_r2_total_model,test_mse_by_total_model,test_r2_separa_model,test_mse_separa_model,best_param,kpg_pca_mse
0,Methane,ETR_separate,0.7866606502593487,2.1956414759426317,-1,-1,0.6783950211529667,2.137734564617008,{'n_estimators': 180},0.043439168163523854
1,Methane,LGBM_separate,0.6668555252056066,3.0454084667186097,-1,-1,0.8133406155305788,1.8336642310816182,"{'learning_rate': 0.5, 'n_estimators': 180, 'num_leaves': 10}",0.043439168163523854
2,Methane,BGLGBM_separate,0.6832663311413711,2.8309534885444982,-1,-1,0.7286663817375396,1.9832063425924362,{'n_estimators': 50},0.043439168163523854
