,Gas,Model_name,CV_r2,CV_mse,test_r2_total_model,test_mse_by_total_model,test_r2_separa_model,test_mse_separa_model,best_param,kpg_pca_mse
0,Methane,ETR_separate,0.9012483271528229,0.9568975814721414,-1,-1,0.8667637104394724,1.4349104214475186,{'n_estimators': 150},0.02763307681529751
1,Methane,LGBM_separate,0.8999233194357655,0.9614791708912926,-1,-1,0.9336340462623586,0.8261398569570259,"{'learning_rate': 0.5, 'n_estimators': 200, 'num_leaves': 30}",0.02763307681529751
2,Methane,BGLGBM_separate,0.912013303096138,0.8502969791070271,-1,-1,0.9340755520768675,0.7935662854589043,{'n_estimators': 50},0.02763307681529751
