,Gas,Model_name,CV_r2,CV_mse,test_r2_total_model,test_mse_by_total_model,test_r2_separa_model,test_mse_separa_model,best_param,kpg_pca_mse
0,Methane,ETR_separate,0.8044590820717529,1.8272245583921578,-1,-1,0.6439945449228732,2.219951039758526,{'n_estimators': 120},0.0470550229119611
1,Methane,LGBM_separate,0.8126168014691576,1.8310049652521847,-1,-1,0.6258990488187461,2.501578549402808,"{'learning_rate': 0.5, 'n_estimators': 200, 'num_leaves': 10}",0.0470550229119611
2,Methane,BGLGBM_separate,0.8122108067307637,1.8368995761441815,-1,-1,0.6286218292855197,2.2564678125708357,{'n_estimators': 30},0.0470550229119611
