,Gas,Model_name,CV_r2,CV_mse,test_r2_total_model,test_mse_by_total_model,test_r2_separa_model,test_mse_separa_model,best_param,kpg_pca_mse
0,Methane,ETR_separate,0.8656407180979672,1.2274124521215757,-1,-1,0.8241280735282729,1.067419073326402,{'n_estimators': 200},0.03058620972272964
1,Methane,LGBM_separate,0.8527286709644301,1.3548813684647452,-1,-1,0.7861981888583491,1.4042557360086345,"{'learning_rate': 0.5, 'n_estimators': 200, 'num_leaves': 20}",0.03058620972272964
2,Methane,BGLGBM_separate,0.8688955552248849,1.1992204573711718,-1,-1,0.8342482072864268,1.014517928083074,{'n_estimators': 50},0.03058620972272964
