,Gas,Model_name,CV_r2,CV_mse,test_r2_total_model,test_mse_by_total_model,test_r2_separa_model,test_mse_separa_model,best_param,kpg_pca_mse
0,Methane,ETR_separate,0.8799851013135334,1.2038331846503934,-1,-1,0.9236499381029375,0.7366369541733181,{'n_estimators': 100},0.02984003122127906
1,Methane,LGBM_separate,0.8735407397254809,1.2862439538078376,-1,-1,0.9314731953683346,0.7353076096161691,"{'learning_rate': 0.5, 'n_estimators': 200, 'num_leaves': 50}",0.02984003122127906
2,Methane,BGLGBM_separate,0.894078380836573,1.0686301172341754,-1,-1,0.9208465259297447,0.7559604577132596,{'n_estimators': 50},0.02984003122127906
