,Gas,Model_name,CV_r2,CV_mse,test_r2_total_model,test_mse_by_total_model,test_r2_separa_model,test_mse_separa_model,best_param,kpg_pca_mse
0,Methane,ETR_separate,0.9128914658809928,0.8843161774228527,-1,-1,0.8076502565313917,1.707913194781236,{'n_estimators': 150},0.029951925145958697
1,Methane,LGBM_separate,0.9034120530550386,0.9768909070835882,-1,-1,0.8456241468650348,1.4753677188129304,"{'learning_rate': 0.5, 'n_estimators': 200, 'num_leaves': 30}",0.029951925145958697
2,Methane,BGLGBM_separate,0.9198741905671557,0.8127672772169934,-1,-1,0.8411493584618372,1.5213524854957559,{'n_estimators': 50},0.029951925145958697
