,Gas,Model_name,CV_r2,CV_mse,test_r2_total_model,test_mse_by_total_model,test_r2_separa_model,test_mse_separa_model,best_param,kpg_pca_mse
0,Methane,ETR_separate,0.8179372794842596,1.6188202081400658,-1,-1,0.941026766146523,0.5615414415971373,{'n_estimators': 180},0.04113948735361379
1,Methane,LGBM_separate,0.7629977274299713,2.0983002686362404,-1,-1,0.898670375087913,1.148513430911009,"{'learning_rate': 0.5, 'n_estimators': 200, 'num_leaves': 20}",0.04113948735361379
2,Methane,BGLGBM_separate,0.7939279236045607,1.8205844871438217,-1,-1,0.9241959781202633,0.7905259803161514,{'n_estimators': 50},0.04113948735361379
