,Gas,Model_name,CV_r2,CV_mse,test_r2_total_model,test_mse_by_total_model,test_r2_separa_model,test_mse_separa_model,best_param,kpg_pca_mse
0,Methane,ETR_separate,0.8879354434890988,1.0650317943911634,-1,-1,0.8871510500709281,0.8968914131887981,{'n_estimators': 150},0.032308478917895345
1,Methane,LGBM_separate,0.8745192653711387,1.200447141215561,-1,-1,0.8760406144306441,0.9900103889540863,"{'learning_rate': 0.1, 'n_estimators': 200, 'num_leaves': 50}",0.032308478917895345
2,Methane,BGLGBM_separate,0.8819371579791856,1.1236427582456365,-1,-1,0.8869735855235688,0.8756707519349382,{'n_estimators': 50},0.032308478917895345
