,Gas,Model_name,CV_r2,CV_mse,test_r2_total_model,test_mse_by_total_model,test_r2_separa_model,test_mse_separa_model,best_param,kpg_pca_mse
0,Methane,ETR_separate,0.8814139724002548,1.1227336420652987,-1,-1,0.9077299942707143,0.6126763041082165,{'n_estimators': 150},0.03210845263972746
1,Methane,LGBM_separate,0.8649253767357408,1.27528253264648,-1,-1,0.8719810318131133,0.8370792143528588,"{'learning_rate': 0.5, 'n_estimators': 200, 'num_leaves': 50}",0.03210845263972746
2,Methane,BGLGBM_separate,0.8832476533747983,1.1067357911435913,-1,-1,0.899376822689894,0.6565224928238503,{'n_estimators': 50},0.03210845263972746
