,Gas,Model_name,CV_r2,CV_mse,test_r2_total_model,test_mse_by_total_model,test_r2_separa_model,test_mse_separa_model,best_param,kpg_pca_mse
0,Methane,ETR_separate,0.8057163021505589,1.8400474878686304,-1,-1,0.7173243385695126,2.4568720339498924,{'n_estimators': 200},0.03276658208565472
1,Methane,LGBM_separate,0.7317890176576448,2.517911508767816,-1,-1,0.677021774461713,2.33757064567743,"{'learning_rate': 0.5, 'n_estimators': 200, 'num_leaves': 10}",0.03276658208565472
2,Methane,BGLGBM_separate,0.7878158216627196,1.995245460966046,-1,-1,0.6913318196889469,2.4044816913054654,{'n_estimators': 50},0.03276658208565472
