,Gas,Model_name,CV_r2,CV_mse,test_r2_total_model,test_mse_by_total_model,test_r2_separa_model,test_mse_separa_model,best_param,kpg_pca_mse
0,Methane,ETR_separate,0.9010091072586836,0.9827249149407187,-1,-1,0.7735112915077123,1.1350138459279602,{'n_estimators': 120},0.029153070775323964
1,Methane,LGBM_separate,0.8968548652554726,1.02526218046058,-1,-1,0.7291681766753796,1.5766596420645886,"{'learning_rate': 0.5, 'n_estimators': 200, 'num_leaves': 50}",0.029153070775323964
2,Methane,BGLGBM_separate,0.9117180268824905,0.8778646362619181,-1,-1,0.6993893338367267,1.5096283904484709,{'n_estimators': 50},0.029153070775323964
