,Gas,Model_name,CV_r2,CV_mse,test_r2_total_model,test_mse_by_total_model,test_r2_separa_model,test_mse_separa_model,best_param,kpg_pca_mse
0,Methane,ETR_separate,0.9052454350304334,0.9478722296651065,-1,-1,0.8945284314690886,0.986612667522539,{'n_estimators': 200},0.027120128182476916
1,Methane,LGBM_separate,0.8968155690132003,1.0263807994061653,-1,-1,0.9069885491761571,0.9061155488788695,"{'learning_rate': 0.5, 'n_estimators': 200, 'num_leaves': 50}",0.027120128182476916
2,Methane,BGLGBM_separate,0.9109497820856752,0.8868886874217736,-1,-1,0.8976536440458314,0.9590327357598296,{'n_estimators': 50},0.027120128182476916
