,Gas,Model_name,CV_r2,CV_mse,test_r2_total_model,test_mse_by_total_model,test_r2_separa_model,test_mse_separa_model,best_param,kpg_pca_mse
0,Methane,ETR_separate,0.8961633981393744,1.0409679036898534,-1,-1,0.9160782761768861,0.39188580712605814,{'n_estimators': 100},0.03067551178589849
1,Methane,LGBM_separate,0.8923655337269558,1.0749406327383688,-1,-1,0.92572896241716,0.4152875949000361,"{'learning_rate': 0.5, 'n_estimators': 200, 'num_leaves': 30}",0.03067551178589849
2,Methane,BGLGBM_separate,0.9075717067716171,0.9282039736482813,-1,-1,0.9385944037954858,0.29823322938159746,{'n_estimators': 30},0.03067551178589849
