,Gas,Model_name,CV_r2,CV_mse,test_r2_total_model,test_mse_by_total_model,test_r2_separa_model,test_mse_separa_model,best_param,kpg_pca_mse
0,Methane,ETR_separate,0.8916273049237283,1.0835033128321008,-1,-1,0.9148376635219347,0.39730697982660257,{'n_estimators': 200},0.030423433990642068
1,Methane,LGBM_separate,0.8899372820589655,1.1044090628628198,-1,-1,0.9573023074237241,0.2330746360836674,"{'learning_rate': 0.5, 'n_estimators': 200, 'num_leaves': 30}",0.030423433990642068
2,Methane,BGLGBM_separate,0.9075046572798952,0.9283954218434405,-1,-1,0.94436001206207,0.27322831452557833,{'n_estimators': 50},0.030423433990642068
