,Gas,Model_name,CV_r2,CV_mse,test_r2_total_model,test_mse_by_total_model,test_r2_separa_model,test_mse_separa_model,best_param,kpg_pca_mse
0,Methane,ETR_separate,0.8687149655153986,1.1312610166575936,-1,-1,0.8573192996256969,1.471860592164914,{'n_estimators': 150},0.031459136008550985
1,Methane,LGBM_separate,0.8351953862798872,1.4148061736360755,-1,-1,0.8884499149204397,1.3496347494899323,"{'learning_rate': 0.5, 'n_estimators': 200, 'num_leaves': 20}",0.031459136008550985
2,Methane,BGLGBM_separate,0.8652027240200499,1.156810187095414,-1,-1,0.9185755635275743,0.969507010984365,{'n_estimators': 50},0.031459136008550985
