,Gas,Model_name,CV_r2,CV_mse,test_r2_total_model,test_mse_by_total_model,test_r2_separa_model,test_mse_separa_model,best_param,kpg_pca_mse
0,Methane,ETR_separate,0.8633600962709451,1.145067098949971,-1,-1,0.8196939285004383,1.6375054056561824,{'n_estimators': 200},0.03232603953720119
1,Methane,LGBM_separate,0.8486598703735799,1.2595947209575544,-1,-1,0.8769103399240727,1.4162240999526663,"{'learning_rate': 0.1, 'n_estimators': 200, 'num_leaves': 50}",0.03232603953720119
2,Methane,BGLGBM_separate,0.8514784198582793,1.2378215066752358,-1,-1,0.8864056234706259,1.2793325235961193,{'n_estimators': 50},0.03232603953720119
