,Gas,Model_name,CV_r2,CV_mse,test_r2_total_model,test_mse_by_total_model,test_r2_separa_model,test_mse_separa_model,best_param,kpg_pca_mse
0,Methane,ETR_separate,0.8042502843978057,1.9940142268758116,-1,-1,0.7735040325213286,1.2584638923831462,{'n_estimators': 180},0.03448027493206446
1,Methane,LGBM_separate,0.7255639631174573,2.743823804083786,-1,-1,0.8084976847061932,1.3297172628977023,"{'learning_rate': 0.5, 'n_estimators': 200, 'num_leaves': 20}",0.03448027493206446
2,Methane,BGLGBM_separate,0.7817704343436744,2.231172065428651,-1,-1,0.8173696761854982,1.0396949414414494,{'n_estimators': 30},0.03448027493206446
