,Gas,Model_name,CV_r2,CV_mse,test_r2_total_model,test_mse_by_total_model,test_r2_separa_model,test_mse_separa_model,best_param,kpg_pca_mse
0,Methane,ETR_separate,0.8454909650232747,1.2494860579678038,-1,-1,0.8624189048443388,0.8570835253740049,{'n_estimators': 200},0.030188100900839416
1,Methane,LGBM_separate,0.8080751478253525,1.5509870901726814,-1,-1,0.7562493155418115,1.773726848689911,"{'learning_rate': 0.5, 'n_estimators': 200, 'num_leaves': 20}",0.030188100900839416
2,Methane,BGLGBM_separate,0.8279831781612806,1.3945488618133837,-1,-1,0.8230889151233695,1.0749703731549534,{'n_estimators': 50},0.030188100900839416
