,Gas,Model_name,CV_r2,CV_mse,test_r2_total_model,test_mse_by_total_model,test_r2_separa_model,test_mse_separa_model,best_param,kpg_pca_mse
0,Methane,ETR_separate,0.8976562386067716,0.9809553067460393,-1,-1,0.9416877404393287,0.7138407412291495,{'n_estimators': 120},0.02935230855490788
1,Methane,LGBM_separate,0.9033088471943136,0.9266255479359735,-1,-1,0.9607903510168302,0.5392012510324801,"{'learning_rate': 0.5, 'n_estimators': 200, 'num_leaves': 50}",0.02935230855490788
2,Methane,BGLGBM_separate,0.9154709903070964,0.8114441302709468,-1,-1,0.9600188515722684,0.4939428945910722,{'n_estimators': 50},0.02935230855490788
