,CV_r2,CV_mse,test_r2_separa_model,test_mse_separa_model
0,0.9083223080015259,1.0362699857428554,0.9094171894632248,1.0037508244922864
1,0.8941865827553649,1.1935234860790915,0.8901938528627116,1.1906522083158728
2,0.8945711443011906,1.1914048943692626,0.899441268473137,1.1340543904641374
3,0.9124641966918279,0.9895714576650779,0.9120758984456981,0.9552177539320679
