,Gas,Model_name,CV_r2,CV_mse,test_r2_total_model,test_mse_by_total_model,test_r2_separa_model,test_mse_separa_model,best_param
0,Methane,GBR_separate,0.9095894194102933,1.0762629876559855,-1,-1,0.9157742612181395,0.8163331583217117,"{'learning_rate': 0.5, 'n_estimators': 200}"
1,Methane,ETR_separate,0.9165506593876076,0.9925940377838899,-1,-1,0.9168767457030407,0.774439157944942,{'n_estimators': 200}
2,Methane,LGBM_separate,0.9147462456913104,1.015571379922886,-1,-1,0.9249217152593808,0.7387566488405432,"{'learning_rate': 0.5, 'n_estimators': 200, 'num_leaves': 50}"
3,Methane,BGLGBM_separate,0.9261008990872167,0.8759594394732957,-1,-1,0.9257976846470686,0.6934836785648311,{'n_estimators': 50}
