,Gas,Model_name,CV_r2,CV_mse,test_r2_total_model,test_mse_by_total_model,test_r2_separa_model,test_mse_separa_model,best_param
0,Methane,GBR_separate,0.9093086093412092,1.0353224204273996,-1,-1,0.9118932334273033,0.9980823074880536,"{'learning_rate': 0.5, 'n_estimators': 200}"
1,Methane,ETR_separate,0.8950894869114914,1.1971542612537638,-1,-1,0.8790380131161807,1.2991499131384425,{'n_estimators': 150}
2,Methane,LGBM_separate,0.8951948510603585,1.2023045747457748,-1,-1,0.8918626965449906,1.2234607827612825,"{'learning_rate': 0.5, 'n_estimators': 200, 'num_leaves': 30}"
3,Methane,BGLGBM_separate,0.9139307837635166,0.9786098385208624,-1,-1,0.9039167372425876,1.0508984757133608,{'n_estimators': 50}
