,Gas,Model_name,CV_r2,CV_mse,test_r2_total_model,test_mse_by_total_model,test_r2_separa_model,test_mse_separa_model,best_param
0,Methane,GBR_separate,0.9019866684205002,1.0421701937770118,-1,-1,0.9232760567075649,1.0061655194866443,"{'learning_rate': 0.5, 'n_estimators': 200}"
1,Methane,ETR_separate,0.8831498252005627,1.2550136771282394,-1,-1,0.9173350527481174,1.0363430392835504,{'n_estimators': 150}
2,Methane,LGBM_separate,0.8723441615687655,1.3459117879115396,-1,-1,0.9289659617160015,0.9582136075001669,"{'learning_rate': 0.5, 'n_estimators': 200, 'num_leaves': 50}"
3,Methane,BGLGBM_separate,0.9026384146215264,1.0388469228970751,-1,-1,0.9341336245333137,0.8490201873508243,{'n_estimators': 50}
