,CV_r2,CV_mse,test_r2_separa_model,test_mse_separa_model,kpg_pca_mse
0,0.825158722491106,1.875381442820723,0.7891637248719863,2.0165948108534173,0.03849676427604713
1,0.7752571183449308,2.399915142233502,0.7930820078777744,2.0178567774070526,0.03849676427604713
2,0.8023461940438377,2.1534940319407827,0.7899557786482683,2.097628270122569,0.03849676427604713
