,CV_r2,CV_mse,test_r2_separa_model,test_mse_separa_model,kpg_pca_mse
0,0.9260663790595125,0.9697769077591963,0.9002448793900462,0.8360866102274263,0.024741566400338273
1,0.9190080997990856,1.0662142096263791,0.9061742974733914,0.8773735797789353,0.024741566400338273
2,0.9306608147260992,0.9152690271214976,0.9168257538538692,0.6948684895958143,0.024741566400338273
