,CV_r2,CV_mse,test_r2_separa_model,test_mse_separa_model,kpg_pca_mse
0,0.9281508979289713,0.9574874772167051,0.9007823528143286,0.8269996865671859,0.024402274563500394
1,0.9205278725038045,1.0588069057529468,0.9051413272785046,0.8416443162416797,0.024402274563500394
2,0.9323394966419793,0.9053329224774322,0.9171348667056322,0.7023634427795055,0.024402274563500394
