,CV_r2,CV_mse,test_r2_separa_model,test_mse_separa_model,kpg_pca_mse
0,0.9332919175097337,0.8852950854508966,0.9030782927404849,0.7965322013614472,0.02229179502078895
1,0.9307082984189822,0.9209941100777969,0.9090778709572714,0.9014419352942676,0.02229179502078895
2,0.9396491844241545,0.8044005678796164,0.9182526588675114,0.715533558866648,0.02229179502078895
