,CV_r2,CV_mse,test_r2_separa_model,test_mse_separa_model,kpg_pca_mse
0,0.0373786265821636,0.4721718912256214,0.13352950058095936,2.051486271737337,0.003112692959383608
1,0.04733973603880677,0.5546989977223158,0.08285418563203552,1.8690345840093079,0.003112692959383608
2,0.031900130125027765,0.4829795559184923,0.10741438863290943,1.9476957678373423,0.003112692959383608
