,CV_r2,CV_mse,test_r2_separa_model,test_mse_separa_model,kpg_pca_mse
0,0.9354142419267997,0.8556255563643147,0.9041436569804504,0.7893113074445292,0.02105202220544603
1,0.9341362920894194,0.8739152286400406,0.9162899741443362,0.8135353518278371,0.02105202220544603
2,0.942636605288553,0.7617568189483503,0.9208499944658267,0.6915958838514672,0.02105202220544603
