,CV_r2,CV_mse,test_r2_separa_model,test_mse_separa_model,kpg_pca_mse
0,0.003660547695856727,0.03408195318319956,0.0810017778889344,0.25410136558765534,0.0003970188175412203
1,0.003078850823602768,0.04056886268510316,0.04646304977181555,0.22117082691340262,0.0003970188175412203
2,0.002869797246716524,0.03505811909590068,0.05636292055284272,0.22063053928042575,0.0003970188175412203
