,CV_r2,CV_mse,test_r2_separa_model,test_mse_separa_model,kpg_pca_mse
0,0.9367471315194731,0.8344605058374657,0.9056078140375405,0.7580570077699252,0.020041891380608728
1,0.9382712996945318,0.816066037331153,0.9250158309069347,0.6818620080524854,0.020041891380608728
2,0.9453132426008719,0.7233611433439435,0.9249120693722597,0.6086532963646702,0.020041891380608728
