,CV_r2,CV_mse,test_r2_separa_model,test_mse_separa_model,kpg_pca_mse
0,0.0032924064376288484,0.029053361416527427,0.08275986951147656,0.2443307752250488,0.0003064639228507337
1,0.0030684152300310095,0.04600750050563962,0.04431929272132349,0.32902805173198485,0.0003064639228507337
2,0.0023946699795623938,0.028937320813593438,0.05516826108448741,0.2659229817480039,0.0003064639228507337
