,CV_r2,CV_mse,test_r2_separa_model,test_mse_separa_model,kpg_pca_mse
0,0.8709462146631748,1.4602939427968977,0.8265944427912383,1.8633808072922737,0.03382217245229281
1,0.8385730078132645,1.7620493695505237,0.8293495116164676,1.8264094417219772,0.03382217245229281
2,0.856827222236893,1.5932420776262444,0.8292444790743193,1.8270964757718822,0.03382217245229281
