,CV_r2,CV_mse,test_r2_separa_model,test_mse_separa_model,kpg_pca_mse
0,0.0024574031733661356,0.02430266864553309,0.07731268300859906,0.24354985445859548,0.0002502856527880101
1,0.0024633731145450163,0.0341931934820209,0.04122657591962672,0.26761190230831133,0.0002502856527880101
2,0.0022588448357096676,0.028532695558531974,0.05598335322343213,0.21144722897932006,0.0002502856527880101
