,CV_r2,CV_mse,test_r2_separa_model,test_mse_separa_model,kpg_pca_mse
0,0.9390943618312474,0.8083102419543473,0.9113518981174911,0.6972425754659078,0.018281992143441363
1,0.9432365379671542,0.7552954637423566,0.9301412047469694,0.5772479453044265,0.018281992143441363
2,0.9482037040248297,0.6898055446716643,0.928977776967756,0.5552795540298001,0.018281992143441363
