,CV_r2,CV_mse,test_r2_separa_model,test_mse_separa_model,kpg_pca_mse
0,0.0018724377219891586,0.01702315618139439,0.07543113179181533,0.21276248058803773,0.00017533943238942477
1,0.003006553243812367,0.035948955880780085,0.048797577702266025,0.17964527407866965,0.00017533943238942477
2,0.0021190326415855888,0.022767396445535177,0.05643014472209458,0.1754439298697489,0.00017533943238942477
