,CV_r2,CV_mse,test_r2_separa_model,test_mse_separa_model,kpg_pca_mse
0,0.889848329458055,1.3846342269661491,0.8636847165285535,1.2451390534334936,0.031010706960658035
1,0.8680399390210221,1.6351410479917305,0.8505435917058745,1.4553325742803493,0.031010706960658035
2,0.881815522586919,1.4742781227561523,0.8626781197339953,1.3526367226311387,0.031010706960658035
