,CV_r2,CV_mse,test_r2_separa_model,test_mse_separa_model,kpg_pca_mse
0,0.9045514486952679,1.2670353400115664,0.8757903337995914,1.179615175657563,0.028763220622786786
1,0.8885868958987378,1.4615024975430868,0.8622190723384855,1.468942129309928,0.028763220622786786
2,0.9018625853247751,1.302573901211986,0.8701611697795977,1.3101837730276165,0.028763220622786786
