,CV_r2,CV_mse,test_r2_separa_model,test_mse_separa_model,kpg_pca_mse
0,0.9068897555016714,1.209662526801553,0.8763490739900432,1.1989632265946057,0.028515459011897126
1,0.8918160216712722,1.4079739825316189,0.8652395327042324,1.4004623353030643,0.028515459011897126
2,0.9067228945613109,1.2201245243982817,0.8737972307413252,1.2922159691173078,0.028515459011897126
