,CV_r2,CV_mse,test_r2_separa_model,test_mse_separa_model,kpg_pca_mse
0,0.009487841667346055,0.11234516257854711,0.08116266030075414,1.1596247286345298,0.0019434573202567545
1,0.014692208401015908,0.18452408282471755,0.07310658895602162,1.1910403548686503,0.0019434573202567545
2,0.010034280293991529,0.13612468714284426,0.08351815635930106,1.4227858299316845,0.0019434573202567545
