,CV_r2,CV_mse,test_r2_separa_model,test_mse_separa_model,kpg_pca_mse
0,0.012160288091214616,0.14368827257431016,0.07322959153542014,1.0355272671365865,0.0016841261691981214
1,0.013921405770096425,0.15616622432813118,0.056098401447888684,1.150520332289745,0.0016841261691981214
2,0.01149473281930021,0.144758744865243,0.061811233959004806,1.2372475914835475,0.0016841261691981214
