,CV_r2,CV_mse,test_r2_separa_model,test_mse_separa_model,kpg_pca_mse
0,0.9120210998630646,1.1309573458714857,0.8867762809027736,1.1240344852753874,0.027793904410773593
1,0.8983178318300516,1.3084176218713774,0.878351350635569,1.363845342868669,0.027793904410773593
2,0.912284302554278,1.131928362047885,0.8869229903423458,1.2135912180477277,0.027793904410773593
