,CV_r2,CV_mse,test_r2_separa_model,test_mse_separa_model,kpg_pca_mse
0,0.00944309679023492,0.09081872000064994,0.07168004351768298,1.0586493296000747,0.0017809397932342826
1,0.01083348833526959,0.12324766365104634,0.04944253702574754,1.0387170871273905,0.0017809397932342826
2,0.00962992165365955,0.09369372185476152,0.057294726836985624,1.214921747186424,0.0017809397932342826
