,CV_r2,CV_mse,test_r2_separa_model,test_mse_separa_model,kpg_pca_mse
0,0.01237301792169853,0.1233537786162288,0.07223763224807775,0.29406631827119845,0.0019032432202350307
1,0.01310633185225599,0.14156232658056342,0.05104034481420269,0.4021500938566922,0.0019032432202350307
2,0.01156765506136267,0.13598540830066366,0.04819948108638313,0.3635354071186084,0.0019032432202350307
