,CV_r2,CV_mse,test_r2_separa_model,test_mse_separa_model,kpg_pca_mse
0,0.00886626059483193,0.07835752573815617,0.07944618563417627,0.2659030300467806,0.0017214155341406699
1,0.011016917154216639,0.11745970520593484,0.047862966899239544,0.3088882037645402,0.0017214155341406699
2,0.00859766409454703,0.09137716390207103,0.045955201922822306,0.34206823995192187,0.0017214155341406699
