,Gas,Model_name,CV_r2,CV_mse,test_r2_total_model,test_mse_by_total_model,test_r2_separa_model,test_mse_separa_model,best_param,kpg_pca_mse
0,CO2,ETR_separate,0.8842329900344399,1.4038496393393463,-1,-1,0.9574558625339913,1.2847377969955902,{'n_estimators': 200},0.0278476135969307
1,CO2,LGBM_separate,0.8544211496022216,1.7044225256808487,-1,-1,0.9373663625622147,1.9063584731117957,"{'learning_rate': 0.5, 'n_estimators': 200, 'num_leaves': 20}",0.0278476135969307
2,CO2,BGLGBM_separate,0.8735481382034891,1.497508140865298,-1,-1,0.9471255435172176,1.536158989266504,{'n_estimators': 50},0.0278476135969307
