,Gas,Model_name,CV_r2,CV_mse,test_r2_total_model,test_mse_by_total_model,test_r2_separa_model,test_mse_separa_model,best_param,kpg_pca_mse
0,CO2,ETR_separate,0.9033733432131441,1.282141509869858,-1,-1,0.8756632314261155,1.206151766675036,{'n_estimators': 200},0.030198134172696945
1,CO2,LGBM_separate,0.8692302171066938,1.6567878080585647,-1,-1,0.8682336249940827,1.5097613775503247,"{'learning_rate': 0.5, 'n_estimators': 200, 'num_leaves': 20}",0.030198134172696945
2,CO2,BGLGBM_separate,0.894372465299489,1.4005741886311402,-1,-1,0.8822056354727978,1.3663054900447396,{'n_estimators': 50},0.030198134172696945
