,Gas,Model_name,CV_r2,CV_mse,test_r2_total_model,test_mse_by_total_model,test_r2_separa_model,test_mse_separa_model,best_param,kpg_pca_mse
0,CO2,ETR_separate,0.9361045770770303,0.9248008936920883,-1,-1,0.8709537374641423,0.7195304033817175,{'n_estimators': 180},0.02418306377770158
1,CO2,LGBM_separate,0.9303638548285014,1.015158024215583,-1,-1,0.8735148471801053,0.7459841105929184,"{'learning_rate': 0.5, 'n_estimators': 200, 'num_leaves': 50}",0.02418306377770158
2,CO2,BGLGBM_separate,0.9383889216158761,0.8957502532105689,-1,-1,0.8934270690960993,0.5826641014821474,{'n_estimators': 30},0.02418306377770158
