,Gas,Model_name,CV_r2,CV_mse,test_r2_total_model,test_mse_by_total_model,test_r2_separa_model,test_mse_separa_model,best_param,kpg_pca_mse
0,CO2,ETR_separate,0.9419026026342607,0.8665131855791597,-1,-1,0.8616657826768482,0.7771740528019923,{'n_estimators': 200},0.020962249780036378
1,CO2,LGBM_separate,0.9400355101318834,0.897733221920002,-1,-1,0.8817886015705032,0.713867008408963,"{'learning_rate': 0.5, 'n_estimators': 200, 'num_leaves': 50}",0.020962249780036378
2,CO2,BGLGBM_separate,0.9474116731979343,0.7877999969953622,-1,-1,0.8724216809085391,0.762448311745264,{'n_estimators': 50},0.020962249780036378
