,Gas,Model_name,CV_r2,CV_mse,test_r2_total_model,test_mse_by_total_model,test_r2_separa_model,test_mse_separa_model,best_param,kpg_pca_mse
0,CO2,ETR_separate,0.9411408640568848,0.7939929739277044,-1,-1,0.9265026905733059,0.3528127688876156,{'n_estimators': 180},0.01875715756983342
1,CO2,LGBM_separate,0.9415676299729705,0.8017597657324782,-1,-1,0.9256004296435535,0.39900134401901816,"{'learning_rate': 0.5, 'n_estimators': 200, 'num_leaves': 50}",0.01875715756983342
2,CO2,BGLGBM_separate,0.949736221854144,0.6874444635165793,-1,-1,0.9403717611202739,0.27011038016372907,{'n_estimators': 50},0.01875715756983342
