,Gas,Model_name,CV_r2,CV_mse,test_r2_total_model,test_mse_by_total_model,test_r2_separa_model,test_mse_separa_model,best_param,kpg_pca_mse
0,CO2,ETR_separate,0.9362134086431325,0.8238994367274728,-1,-1,0.9150004579160829,0.8481028128439022,{'n_estimators': 180},0.02164734016907081
1,CO2,LGBM_separate,0.9356175030329549,0.8385075132135619,-1,-1,0.8525358900769077,1.2778168139760306,"{'learning_rate': 0.5, 'n_estimators': 200, 'num_leaves': 50}",0.02164734016907081
2,CO2,BGLGBM_separate,0.9440659085921574,0.7247859200098595,-1,-1,0.8785434339853593,1.1211592927714613,{'n_estimators': 50},0.02164734016907081
