,Gas,Model_name,CV_r2,CV_mse,test_r2_total_model,test_mse_by_total_model,test_r2_separa_model,test_mse_separa_model,best_param,kpg_pca_mse
0,CO2,ETR_separate,0.9125006641872597,1.0678657072195716,-1,-1,0.9661163727002897,1.0479215728454216,{'n_estimators': 180},0.02297181408508795
1,CO2,LGBM_separate,0.9075478923126831,1.1430985142408463,-1,-1,0.9489134457981291,1.4746371990412384,"{'learning_rate': 0.5, 'n_estimators': 200, 'num_leaves': 50}",0.02297181408508795
2,CO2,BGLGBM_separate,0.918514818417542,1.018313630498219,-1,-1,0.9555611106414603,1.3117728071889063,{'n_estimators': 10},0.02297181408508795
