,Gas,Model_name,CV_r2,CV_mse,test_r2_total_model,test_mse_by_total_model,test_r2_separa_model,test_mse_separa_model,best_param,kpg_pca_mse
0,CO2,ETR_separate,0.9423144428629471,0.7642829112777523,-1,-1,0.9105305829692325,0.8683952671209164,{'n_estimators': 180},0.02000076965298723
1,CO2,LGBM_separate,0.9416397461224266,0.778243786528888,-1,-1,0.8189841545328185,1.4230026682501364,"{'learning_rate': 0.5, 'n_estimators': 200, 'num_leaves': 50}",0.02000076965298723
2,CO2,BGLGBM_separate,0.9484589713735989,0.693412552434088,-1,-1,0.8855046926083315,1.0399958526009832,{'n_estimators': 50},0.02000076965298723
