,Gas,Model_name,CV_r2,CV_mse,test_r2_total_model,test_mse_by_total_model,test_r2_separa_model,test_mse_separa_model,best_param,kpg_pca_mse
0,CO2,ETR_separate,0.9210379697467859,0.9817021814932874,-1,-1,0.9501274898839812,1.1532574864801253,{'n_estimators': 180},0.026496277935120372
1,CO2,LGBM_separate,0.9183806674529424,1.0171972420331732,-1,-1,0.9733734392791826,0.5843097439062267,"{'learning_rate': 0.5, 'n_estimators': 200, 'num_leaves': 30}",0.026496277935120372
2,CO2,BGLGBM_separate,0.9287815293468423,0.8899648202077358,-1,-1,0.970911893521816,0.6016861922058998,{'n_estimators': 10},0.026496277935120372
