,Gas,Model_name,CV_r2,CV_mse,test_r2_total_model,test_mse_by_total_model,test_r2_separa_model,test_mse_separa_model,best_param,kpg_pca_mse
0,CO2,ETR_separate,0.9362490031485136,0.8265385728481398,-1,-1,0.9426247743161602,1.0927895135736658,{'n_estimators': 180},0.019816322137137937
1,CO2,LGBM_separate,0.9313782064376183,0.8909893175830422,-1,-1,0.9704549590281204,0.5874548006789246,"{'learning_rate': 0.5, 'n_estimators': 200, 'num_leaves': 50}",0.019816322137137937
2,CO2,BGLGBM_separate,0.94367881531284,0.7361168310760953,-1,-1,0.963596201558616,0.7045477770341597,{'n_estimators': 50},0.019816322137137937
