,Gas,Model_name,CV_r2,CV_mse,test_r2_total_model,test_mse_by_total_model,test_r2_separa_model,test_mse_separa_model,best_param,kpg_pca_mse
0,CO2,ETR_separate,0.9276502492991657,0.8211203395496793,-1,-1,0.9387929384621849,0.8192424022462165,{'n_estimators': 200},0.028285807207905272
1,CO2,LGBM_separate,0.907171527713451,1.0499457327783823,-1,-1,0.8610326879700072,1.765708674820225,"{'learning_rate': 0.5, 'n_estimators': 200, 'num_leaves': 30}",0.028285807207905272
2,CO2,BGLGBM_separate,0.9201957929301454,0.9192386955166573,-1,-1,0.8943657167852617,1.2367928303036564,{'n_estimators': 30},0.028285807207905272
