,Gas,Model_name,CV_r2,CV_mse,test_r2_total_model,test_mse_by_total_model,test_r2_separa_model,test_mse_separa_model,best_param,kpg_pca_mse
0,CO2,ETR_separate,0.9069253914219096,1.2253021381005549,-1,-1,0.6517351515460392,0.828623686988794,{'n_estimators': 180},0.03159498526997716
1,CO2,LGBM_separate,0.8948859194964223,1.3866997736203837,-1,-1,0.7012749194623393,0.8052327986571447,"{'learning_rate': 0.5, 'n_estimators': 200, 'num_leaves': 50}",0.03159498526997716
2,CO2,BGLGBM_separate,0.9075995715562843,1.2178848138437872,-1,-1,0.7172061831454954,0.7349428028780244,{'n_estimators': 50},0.03159498526997716
