,Gas,Model_name,CV_r2,CV_mse,test_r2_total_model,test_mse_by_total_model,test_r2_separa_model,test_mse_separa_model,best_param,kpg_pca_mse
0,CO2,ETR_separate,0.9347369527320574,0.8766492733674458,-1,-1,0.9174790767379831,0.3679893083947436,{'n_estimators': 180},0.020333189652187195
1,CO2,LGBM_separate,0.9405274980980266,0.8019606656424848,-1,-1,0.9103824728755949,0.4298545404096765,"{'learning_rate': 0.5, 'n_estimators': 200, 'num_leaves': 50}",0.020333189652187195
2,CO2,BGLGBM_separate,0.9464521693166839,0.7223093397929241,-1,-1,0.9255372710855211,0.35377554913642845,{'n_estimators': 50},0.020333189652187195
