,Gas,Model_name,CV_r2,CV_mse,test_r2_total_model,test_mse_by_total_model,test_r2_separa_model,test_mse_separa_model,best_param,kpg_pca_mse
0,CO2,ETR_separate,0.9139304813543829,1.1601679641852534,-1,-1,0.9352094161143224,0.9326485623072834,{'n_estimators': 180},0.02563723450633614
1,CO2,LGBM_separate,0.8968201173124994,1.3533260093460504,-1,-1,0.9261630197480075,1.0603872629167086,"{'learning_rate': 0.5, 'n_estimators': 200, 'num_leaves': 30}",0.02563723450633614
2,CO2,BGLGBM_separate,0.9122976216829144,1.169424618618694,-1,-1,0.9495406708283826,0.7068808635221979,{'n_estimators': 30},0.02563723450633614
