,Gas,Model_name,CV_r2,CV_mse,test_r2_total_model,test_mse_by_total_model,test_r2_separa_model,test_mse_separa_model,best_param,kpg_pca_mse
0,CO2,ETR_separate,0.9019308442077036,1.2976275548960394,-1,-1,0.9338036292283883,0.963656907561408,{'n_estimators': 180},0.03141968207341815
1,CO2,LGBM_separate,0.8871851390582031,1.499295140119679,-1,-1,0.8621744877596649,2.265191241596209,"{'learning_rate': 0.5, 'n_estimators': 200, 'num_leaves': 30}",0.03141968207341815
2,CO2,BGLGBM_separate,0.9006004540603378,1.3249828273889155,-1,-1,0.892898345444281,1.6648561429150148,{'n_estimators': 30},0.03141968207341815
