,Gas,Model_name,CV_r2,CV_mse,test_r2_total_model,test_mse_by_total_model,test_r2_separa_model,test_mse_separa_model,best_param,kpg_pca_mse
0,CO2,ETR_separate,0.9346086231393004,0.8655024194975042,-1,-1,0.6514336919625299,0.7945839869214545,{'n_estimators': 100},0.019348026919487088
1,CO2,LGBM_separate,0.9373908710450468,0.8287802627655969,-1,-1,0.8678305046939117,0.3345779776560627,"{'learning_rate': 0.5, 'n_estimators': 200, 'num_leaves': 50}",0.019348026919487088
2,CO2,BGLGBM_separate,0.9455607273394874,0.7217412103217411,-1,-1,0.8018686297618287,0.4795460411942704,{'n_estimators': 50},0.019348026919487088
