,Gas,Model_name,CV_r2,CV_mse,test_r2_total_model,test_mse_by_total_model,test_r2_separa_model,test_mse_separa_model,best_param,kpg_pca_mse
0,CO2,ETR_separate,0.8778342867940939,1.5361000263957458,-1,-1,0.9498152056046237,0.43601980999424195,{'n_estimators': 180},0.02974161591650252
1,CO2,LGBM_separate,0.8580435869266854,1.853377825901505,-1,-1,0.9136191749619416,0.7555896558007081,"{'learning_rate': 0.5, 'n_estimators': 200, 'num_leaves': 30}",0.02974161591650252
2,CO2,BGLGBM_separate,0.8863852525666438,1.4937855566175267,-1,-1,0.9489985421482385,0.41143097217259217,{'n_estimators': 50},0.02974161591650252
