,Gas,Model_name,CV_r2,CV_mse,test_r2_total_model,test_mse_by_total_model,test_r2_separa_model,test_mse_separa_model,best_param,kpg_pca_mse
0,CO2,ETR_separate,0.9340909011012843,0.8244637170629069,-1,-1,0.9539524892273518,0.8956088677749972,{'n_estimators': 180},0.019720828461351023
1,CO2,LGBM_separate,0.9420330659761399,0.7299361400454821,-1,-1,0.9637130008059774,0.8110549634798347,"{'learning_rate': 0.5, 'n_estimators': 200, 'num_leaves': 50}",0.019720828461351023
2,CO2,BGLGBM_separate,0.9459432610689179,0.6870058114441397,-1,-1,0.9712388954956824,0.5965399356953536,{'n_estimators': 30},0.019720828461351023
