,Gas,Model_name,CV_r2,CV_mse,test_r2_total_model,test_mse_by_total_model,test_r2_separa_model,test_mse_separa_model,best_param,kpg_pca_mse
0,CO2,ETR_separate,0.9063280410116592,0.9697665188903027,-1,-1,0.9647151140130805,1.082146488768413,{'n_estimators': 150},0.02333308536506094
1,CO2,LGBM_separate,0.897255094110857,1.114879094806676,-1,-1,0.9619165459814626,1.150137134586783,"{'learning_rate': 0.5, 'n_estimators': 200, 'num_leaves': 50}",0.02333308536506094
2,CO2,BGLGBM_separate,0.9120716909627365,0.9638932575762119,-1,-1,0.9475421944145765,1.4880889685015408,{'n_estimators': 50},0.02333308536506094
