,Gas,Model_name,CV_r2,CV_mse,test_r2_total_model,test_mse_by_total_model,test_r2_separa_model,test_mse_separa_model,best_param,kpg_pca_mse
0,CO2,ETR_separate,0.9322145189837279,0.8588803818120437,-1,-1,0.8710787840022871,0.8411749005109019,{'n_estimators': 180},0.02234138578938783
1,CO2,LGBM_separate,0.9344918572107737,0.8211898810142866,-1,-1,0.8653082958323672,0.9523024989389709,"{'learning_rate': 0.5, 'n_estimators': 200, 'num_leaves': 50}",0.02234138578938783
2,CO2,BGLGBM_separate,0.9423023832456504,0.7322552299618389,-1,-1,0.8815132704262787,0.7642847786183994,{'n_estimators': 50},0.02234138578938783
