,Gas,Model_name,CV_r2,CV_mse,test_r2_total_model,test_mse_by_total_model,test_r2_separa_model,test_mse_separa_model,best_param,kpg_pca_mse
0,CO2,ETR_separate,0.9115131991476341,1.1431195383180817,-1,-1,0.9516703617901425,0.7528650073174488,{'n_estimators': 200},0.027045944008158566
1,CO2,LGBM_separate,0.9029848191704216,1.2754457487170605,-1,-1,0.8639744566863672,1.4938706224825151,"{'learning_rate': 0.5, 'n_estimators': 200, 'num_leaves': 30}",0.027045944008158566
2,CO2,BGLGBM_separate,0.9119611999836941,1.1539167413453755,-1,-1,0.8873939030141345,1.2332482257247899,{'n_estimators': 30},0.027045944008158566
