,Gas,Model_name,CV_r2,CV_mse,test_r2_total_model,test_mse_by_total_model,test_r2_separa_model,test_mse_separa_model,best_param,kpg_pca_mse
0,CO2,ETR_separate,0.9170851479540115,0.9767017337675057,-1,-1,0.9209369372602587,1.2097791768740667,{'n_estimators': 200},0.027333624870999707
1,CO2,LGBM_separate,0.9058663800138683,1.1342710077440536,-1,-1,0.8993779576331684,1.5366286426267926,"{'learning_rate': 0.5, 'n_estimators': 200, 'num_leaves': 30}",0.027333624870999707
2,CO2,BGLGBM_separate,0.9202376309506672,0.9603789629064569,-1,-1,0.9074292548078856,1.4141431213638362,{'n_estimators': 30},0.027333624870999707
