,Gas,Model_name,CV_r2,CV_mse,test_r2_total_model,test_mse_by_total_model,test_r2_separa_model,test_mse_separa_model,best_param,kpg_pca_mse
0,CO2,ETR_separate,0.9384420780498273,0.7716298917702084,-1,-1,0.8722340058797919,0.8177455789657595,{'n_estimators': 200},0.019940132437040674
1,CO2,LGBM_separate,0.9439863445864486,0.6966704523150012,-1,-1,0.9022113340032033,0.59175694277801,"{'learning_rate': 0.5, 'n_estimators': 200, 'num_leaves': 50}",0.019940132437040674
2,CO2,BGLGBM_separate,0.9498227494887255,0.6270617214119387,-1,-1,0.8764205848247386,0.7889975626669287,{'n_estimators': 30},0.019940132437040674
