,Gas,Model_name,CV_r2,CV_mse,test_r2_total_model,test_mse_by_total_model,test_r2_separa_model,test_mse_separa_model,best_param,kpg_pca_mse
0,CO2,ETR_separate,0.9251162949879699,0.9810256929745522,-1,-1,0.9731527415420023,0.8507815101391503,{'n_estimators': 180},0.022307780996219974
1,CO2,LGBM_separate,0.921057656462351,1.023517179587978,-1,-1,0.9530561376540361,1.3690299422122065,"{'learning_rate': 0.5, 'n_estimators': 200, 'num_leaves': 50}",0.022307780996219974
2,CO2,BGLGBM_separate,0.9328554690264703,0.8845137603974356,-1,-1,0.956523296278658,1.2536867285042923,{'n_estimators': 50},0.022307780996219974
