,Gas,Model_name,CV_r2,CV_mse,test_r2_total_model,test_mse_by_total_model,test_r2_separa_model,test_mse_separa_model,best_param,kpg_pca_mse
0,CO2,ETR_separate,0.914917727411007,0.9597559398013559,-1,-1,0.8729837347600355,0.8398066879672322,{'n_estimators': 200},0.023551260456373783
1,CO2,LGBM_separate,0.8994347268145448,1.127446427965242,-1,-1,0.8618447656002726,1.0470437697949004,"{'learning_rate': 0.5, 'n_estimators': 200, 'num_leaves': 50}",0.023551260456373783
2,CO2,BGLGBM_separate,0.9176024887705505,0.9087991122707418,-1,-1,0.8667889544082825,0.9610952585280298,{'n_estimators': 50},0.023551260456373783
