,Gas,Model_name,CV_r2,CV_mse,test_r2_total_model,test_mse_by_total_model,test_r2_separa_model,test_mse_separa_model,best_param,kpg_pca_mse
0,CO2,ETR_separate,0.9027425167078171,1.402795801813491,-1,-1,0.9293290274161938,0.34221278409724093,{'n_estimators': 180},0.031398679221353386
1,CO2,LGBM_separate,0.887976497654859,1.5953399963615327,-1,-1,0.8891679828322993,0.513878512429784,"{'learning_rate': 0.5, 'n_estimators': 200, 'num_leaves': 20}",0.031398679221353386
2,CO2,BGLGBM_separate,0.9050604790278897,1.3622913769188287,-1,-1,0.9176399640331624,0.37595892012706694,{'n_estimators': 30},0.031398679221353386
