,Gas,Model_name,CV_r2,CV_mse,test_r2_total_model,test_mse_by_total_model,test_r2_separa_model,test_mse_separa_model,best_param,kpg_pca_mse
0,CO2,ETR_separate,0.9059593294897903,1.0275344431789544,-1,-1,0.9640138548737492,1.0819935193069075,{'n_estimators': 180},0.024064818279220527
1,CO2,LGBM_separate,0.8929188882505603,1.2183821308929554,-1,-1,0.9522326086397676,1.375757819332648,"{'learning_rate': 0.5, 'n_estimators': 200, 'num_leaves': 50}",0.024064818279220527
2,CO2,BGLGBM_separate,0.909973006648263,1.0317475833822947,-1,-1,0.9477957565577925,1.4814201417774926,{'n_estimators': 50},0.024064818279220527
