,Gas,Model_name,CV_r2,CV_mse,test_r2_total_model,test_mse_by_total_model,test_r2_separa_model,test_mse_separa_model,best_param,kpg_pca_mse
0,CO2,ETR_separate,0.9353203135704848,0.8695853652297936,-1,-1,0.9107598186401451,0.4011778319997547,{'n_estimators': 200},0.0196862624751405
1,CO2,LGBM_separate,0.9364221455792713,0.859922449621336,-1,-1,0.9213770199931874,0.37617400528599937,"{'learning_rate': 0.5, 'n_estimators': 200, 'num_leaves': 50}",0.0196862624751405
2,CO2,BGLGBM_separate,0.946442499433744,0.7216929544594906,-1,-1,0.9188310564403689,0.38306072168750566,{'n_estimators': 50},0.0196862624751405
