,Gas,Model_name,CV_r2,CV_mse,test_r2_total_model,test_mse_by_total_model,test_r2_separa_model,test_mse_separa_model,best_param,kpg_pca_mse
0,CO2,ETR_separate,0.9341484806550626,0.8319621105048727,-1,-1,0.9552066300007669,0.6130154200656713,{'n_estimators': 180},0.020209308672871584
1,CO2,LGBM_separate,0.9429563000963135,0.7201352981200961,-1,-1,0.9486979273909465,0.6454251136024006,"{'learning_rate': 0.5, 'n_estimators': 200, 'num_leaves': 50}",0.020209308672871584
2,CO2,BGLGBM_separate,0.9459002895025872,0.6833689363877078,-1,-1,0.9654693828559544,0.44723160673553136,{'n_estimators': 50},0.020209308672871584
