,Gas,Model_name,CV_r2,CV_mse,test_r2_total_model,test_mse_by_total_model,test_r2_separa_model,test_mse_separa_model,best_param,kpg_pca_mse
0,CO2,ETR_separate,0.9331068365372888,0.8703613692257273,-1,-1,0.9506168841989491,1.1908512186328273,{'n_estimators': 180},0.022871496020573832
1,CO2,LGBM_separate,0.9320463127051093,0.8815148487781581,-1,-1,0.969729212077015,0.7531255567148625,"{'learning_rate': 0.5, 'n_estimators': 200, 'num_leaves': 50}",0.022871496020573832
2,CO2,BGLGBM_separate,0.9415400789634916,0.7631921704680915,-1,-1,0.9795267645233056,0.47417683477519,{'n_estimators': 30},0.022871496020573832
