,Gas,Model_name,CV_r2,CV_mse,test_r2_total_model,test_mse_by_total_model,test_r2_separa_model,test_mse_separa_model,best_param,kpg_pca_mse
0,CO2,ETR_separate,0.9315917090012393,0.9171827703123044,-1,-1,0.9535298181829014,1.1283978404078872,{'n_estimators': 200},0.022538697226759625
1,CO2,LGBM_separate,0.927681207591443,0.9695467140186373,-1,-1,0.9529750650126922,0.9612309661719337,"{'learning_rate': 0.5, 'n_estimators': 200, 'num_leaves': 50}",0.022538697226759625
2,CO2,BGLGBM_separate,0.9401563312994881,0.8045818942721734,-1,-1,0.9797073960990078,0.4728773787923133,{'n_estimators': 50},0.022538697226759625
