,Gas,Model_name,CV_r2,CV_mse,test_r2_total_model,test_mse_by_total_model,test_r2_separa_model,test_mse_separa_model,best_param,kpg_pca_mse
0,CO2,ETR_separate,0.9110994539636929,1.0996719085084166,-1,-1,0.8729269671563475,0.8554170651230967,{'n_estimators': 180},0.02410663162771167
1,CO2,LGBM_separate,0.9077232025341729,1.1601114666416157,-1,-1,0.836063885888489,1.267128247200241,"{'learning_rate': 0.5, 'n_estimators': 200, 'num_leaves': 50}",0.02410663162771167
2,CO2,BGLGBM_separate,0.9188944786118528,1.0156902546121933,-1,-1,0.8642663694103232,0.9831667022936288,{'n_estimators': 50},0.02410663162771167
