,Gas,Model_name,CV_r2,CV_mse,test_r2_total_model,test_mse_by_total_model,test_r2_separa_model,test_mse_separa_model,best_param,kpg_pca_mse
0,CO2,ETR_separate,0.800092619526809,1.418456706202621,-1,-1,0.6205774896547389,3.963542762945757,{'n_estimators': 200},0.03228300611026909
1,CO2,LGBM_separate,0.7827937364069897,1.5232215386728902,-1,-1,0.6018993977021222,3.928310730130171,"{'learning_rate': 0.5, 'n_estimators': 200, 'num_leaves': 10}",0.03228300611026909
2,CO2,BGLGBM_separate,0.8186960183691501,1.2608271131499023,-1,-1,0.527223553056158,4.551834666496011,{'n_estimators': 10},0.03228300611026909
