,Gas,Model_name,CV_r2,CV_mse,test_r2_total_model,test_mse_by_total_model,test_r2_separa_model,test_mse_separa_model,best_param,kpg_pca_mse
0,CO2,ETR_separate,0.9329786209984933,0.8360968638863133,-1,-1,0.9171729155757534,1.200226858851978,{'n_estimators': 200},0.020042960842813644
1,CO2,LGBM_separate,0.9339179572276297,0.8319310968629827,-1,-1,0.9523401329197253,0.6220720359369862,"{'learning_rate': 0.5, 'n_estimators': 200, 'num_leaves': 50}",0.020042960842813644
2,CO2,BGLGBM_separate,0.942289545558911,0.7213037281849676,-1,-1,0.9526646296740513,0.6308581846457094,{'n_estimators': 10},0.020042960842813644
