,Gas,Model_name,CV_r2,CV_mse,test_r2_total_model,test_mse_by_total_model,test_r2_separa_model,test_mse_separa_model,best_param,kpg_pca_mse
0,CO2,ETR_separate,0.9330518321127812,0.8745820300462611,-1,-1,0.9030483012198045,0.3999748052007809,{'n_estimators': 200},0.022368462467824334
1,CO2,LGBM_separate,0.9224721764059061,1.0083103963747122,-1,-1,0.8932519753398134,0.5167875945579122,"{'learning_rate': 0.5, 'n_estimators': 200, 'num_leaves': 50}",0.022368462467824334
2,CO2,BGLGBM_separate,0.934289881522583,0.8568466592630983,-1,-1,0.8937851307734731,0.47563513058525886,{'n_estimators': 30},0.022368462467824334
