,Gas,Model_name,CV_r2,CV_mse,test_r2_total_model,test_mse_by_total_model,test_r2_separa_model,test_mse_separa_model,best_param,kpg_pca_mse
0,CO2,ETR_separate,0.898417415941909,1.1518176794260504,-1,-1,0.7566026082126138,4.667800821641174,{'n_estimators': 200},0.03574085379170465
1,CO2,LGBM_separate,0.8594827850234878,1.5635330489989665,-1,-1,0.7072852088448002,5.378571536554288,"{'learning_rate': 0.5, 'n_estimators': 200, 'num_leaves': 20}",0.03574085379170465
2,CO2,BGLGBM_separate,0.8874605082931607,1.2832281648149968,-1,-1,0.6828506522360229,5.550693398832442,{'n_estimators': 50},0.03574085379170465
