,Gas,Model_name,CV_r2,CV_mse,test_r2_total_model,test_mse_by_total_model,test_r2_separa_model,test_mse_separa_model,best_param,kpg_pca_mse
0,CO2,ETR_separate,0.9343528070912679,0.8270577705398665,-1,-1,0.9204702375888358,0.7984298979540496,{'n_estimators': 180},0.023516634121356753
1,CO2,LGBM_separate,0.9384381816970437,0.7856195127563609,-1,-1,0.8807690349252657,1.1319453042018,"{'learning_rate': 0.5, 'n_estimators': 200, 'num_leaves': 50}",0.023516634121356753
2,CO2,BGLGBM_separate,0.941948199672996,0.7394992808849655,-1,-1,0.8953528755816316,1.0220073359337665,{'n_estimators': 30},0.023516634121356753
