,Gas,Model_name,CV_r2,CV_mse,test_r2_total_model,test_mse_by_total_model,test_r2_separa_model,test_mse_separa_model,best_param,kpg_pca_mse
0,CO2,ETR_separate,0.9365450885418024,0.8418689943880882,-1,-1,0.9149864222989452,1.2349680582730491,{'n_estimators': 200},0.0189027494447431
1,CO2,LGBM_separate,0.9430484736693316,0.7582603984430639,-1,-1,0.9580593610433087,0.5413626215931628,"{'learning_rate': 0.5, 'n_estimators': 200, 'num_leaves': 50}",0.0189027494447431
2,CO2,BGLGBM_separate,0.9472008362578739,0.7027749049699956,-1,-1,0.9522127235409588,0.616726401093465,{'n_estimators': 50},0.0189027494447431
