,Gas,Model_name,CV_r2,CV_mse,test_r2_total_model,test_mse_by_total_model,test_r2_separa_model,test_mse_separa_model,best_param,kpg_pca_mse
0,CO2,ETR_separate,0.8991901747614689,1.0522086668494641,-1,-1,0.9636048162309166,1.1092940173328047,{'n_estimators': 120},0.023244550197257675
1,CO2,LGBM_separate,0.8901416772517712,1.1488896699781859,-1,-1,0.9666421844502685,1.061677624564899,"{'learning_rate': 0.5, 'n_estimators': 200, 'num_leaves': 50}",0.023244550197257675
2,CO2,BGLGBM_separate,0.9036729072632207,1.0022261550218063,-1,-1,0.9538469234631718,1.3616581963535443,{'n_estimators': 30},0.023244550197257675
