,Gas,Model_name,CV_r2,CV_mse,test_r2_total_model,test_mse_by_total_model,test_r2_separa_model,test_mse_separa_model,best_param,kpg_pca_mse
0,CO2,ETR_separate,0.9365498479083465,0.8322349575502687,-1,-1,0.8750552910743306,0.7899210583616899,{'n_estimators': 180},0.02086283941212946
1,CO2,LGBM_separate,0.936128010583731,0.8366850315917723,-1,-1,0.8607275192913881,0.9044459153679041,"{'learning_rate': 0.5, 'n_estimators': 200, 'num_leaves': 50}",0.02086283941212946
2,CO2,BGLGBM_separate,0.9445607510206298,0.7289348706883241,-1,-1,0.8739263049501254,0.8186514704222664,{'n_estimators': 50},0.02086283941212946
