,Gas,Model_name,CV_r2,CV_mse,test_r2_total_model,test_mse_by_total_model,test_r2_separa_model,test_mse_separa_model,best_param,kpg_pca_mse
0,CO2,ETR_separate,0.9335853832929863,0.9077744033279064,-1,-1,0.8031736434397232,0.5700803160636053,{'n_estimators': 200},0.02364608298011665
1,CO2,LGBM_separate,0.9219183400026164,1.0569972610723448,-1,-1,0.8327627202514402,0.45526046422216476,"{'learning_rate': 0.5, 'n_estimators': 200, 'num_leaves': 50}",0.02364608298011665
2,CO2,BGLGBM_separate,0.9355863093638748,0.8780977463103781,-1,-1,0.8281838093346333,0.474846849630933,{'n_estimators': 50},0.02364608298011665
