,Gas,Model_name,CV_r2,CV_mse,test_r2_total_model,test_mse_by_total_model,test_r2_separa_model,test_mse_separa_model,best_param,kpg_pca_mse
0,CO2,ETR_separate,0.9346348817232826,0.8389213496631898,-1,-1,0.95391953620653,0.6287009664578719,{'n_estimators': 180},0.021261969767104993
1,CO2,LGBM_separate,0.9303801375558534,0.889071832304567,-1,-1,0.9386404838883705,0.8311969222824329,"{'learning_rate': 0.5, 'n_estimators': 200, 'num_leaves': 50}",0.021261969767104993
2,CO2,BGLGBM_separate,0.9416925083706488,0.7527176099907547,-1,-1,0.9574198758835083,0.5459428375349852,{'n_estimators': 30},0.021261969767104993
