,Gas,Model_name,CV_r2,CV_mse,test_r2_total_model,test_mse_by_total_model,test_r2_separa_model,test_mse_separa_model,best_param,kpg_pca_mse
0,CO2,ETR_separate,0.9403613536344191,0.8558036355822539,-1,-1,0.860005350416825,0.7946983025778979,{'n_estimators': 200},0.020448481455018954
1,CO2,LGBM_separate,0.9403800852623639,0.857240464896428,-1,-1,0.8668634397794539,0.767257579596134,"{'learning_rate': 0.5, 'n_estimators': 200, 'num_leaves': 50}",0.020448481455018954
2,CO2,BGLGBM_separate,0.9459005058378545,0.7777982310463806,-1,-1,0.875018404514889,0.7318306123814072,{'n_estimators': 50},0.020448481455018954
