,Gas,Model_name,CV_r2,CV_mse,test_r2_total_model,test_mse_by_total_model,test_r2_separa_model,test_mse_separa_model,best_param,kpg_pca_mse
0,CO2,ETR_separate,0.918970971024088,0.9283617822184521,-1,-1,0.8699549353207576,0.8343207535374603,{'n_estimators': 180},0.02356103393898463
1,CO2,LGBM_separate,0.915063943389646,0.9861130653683075,-1,-1,0.857682439425979,0.9830169417632633,"{'learning_rate': 0.5, 'n_estimators': 200, 'num_leaves': 50}",0.02356103393898463
2,CO2,BGLGBM_separate,0.9286338477847191,0.8244117623323426,-1,-1,0.8689015339069309,0.9085547667673104,{'n_estimators': 50},0.02356103393898463
