,Gas,Model_name,CV_r2,CV_mse,test_r2_total_model,test_mse_by_total_model,test_r2_separa_model,test_mse_separa_model,best_param,kpg_pca_mse
0,CO2,ETR_separate,0.9322404822181228,0.8454583998061234,-1,-1,0.952654019810632,0.6423845712346916,{'n_estimators': 180},0.021965253705369368
1,CO2,LGBM_separate,0.9330777475913072,0.8284177771437145,-1,-1,0.9436226864537143,0.7978223076509174,"{'learning_rate': 0.5, 'n_estimators': 200, 'num_leaves': 50}",0.021965253705369368
2,CO2,BGLGBM_separate,0.9400723299010065,0.742551575948822,-1,-1,0.9587399858591199,0.5189488438310111,{'n_estimators': 50},0.021965253705369368
