,Gas,Model_name,CV_r2,CV_mse,test_r2_total_model,test_mse_by_total_model,test_r2_separa_model,test_mse_separa_model,best_param,kpg_pca_mse
0,CO2,ETR_separate,0.9379507003624615,0.8628068627094407,-1,-1,0.9277482523570619,0.35058779643128607,{'n_estimators': 180},0.021330855963533003
1,CO2,LGBM_separate,0.9429075191163079,0.7971295876790959,-1,-1,0.8733681458267831,0.5130325507447061,"{'learning_rate': 0.5, 'n_estimators': 200, 'num_leaves': 50}",0.021330855963533003
2,CO2,BGLGBM_separate,0.9485504546894195,0.7165258613837715,-1,-1,0.9442114821277944,0.25558888677329855,{'n_estimators': 30},0.021330855963533003
