,Gas,Model_name,CV_r2,CV_mse,test_r2_total_model,test_mse_by_total_model,test_r2_separa_model,test_mse_separa_model,best_param,kpg_pca_mse
0,CO2,ETR_separate,0.9266307234110883,1.0047957259315257,-1,-1,0.9433185889769929,1.0418445882546743,{'n_estimators': 180},0.024573707569144024
1,CO2,LGBM_separate,0.9196395830840103,1.093671981569758,-1,-1,0.9533196940127558,0.726830960344578,"{'learning_rate': 0.5, 'n_estimators': 200, 'num_leaves': 50}",0.024573707569144024
2,CO2,BGLGBM_separate,0.9287865216005311,0.9740916602747308,-1,-1,0.9578640579045609,0.6383923856422135,{'n_estimators': 50},0.024573707569144024
