,Gas,Model_name,CV_r2,CV_mse,test_r2_total_model,test_mse_by_total_model,test_r2_separa_model,test_mse_separa_model,best_param,kpg_pca_mse
0,CO2,ETR_separate,0.8905470907770029,1.4306877905835633,-1,-1,0.8025903606157339,0.5925181359400824,{'n_estimators': 200},0.028381814566742
1,CO2,LGBM_separate,0.8669342107588,1.6570222770445675,-1,-1,0.819685950524139,0.6032132896071963,"{'learning_rate': 0.5, 'n_estimators': 200, 'num_leaves': 20}",0.028381814566742
2,CO2,BGLGBM_separate,0.8722132492942649,1.670079302204126,-1,-1,0.7957923279880398,0.6588503007352956,{'n_estimators': 50},0.028381814566742
