,Gas,Model_name,CV_r2,CV_mse,test_r2_total_model,test_mse_by_total_model,test_r2_separa_model,test_mse_separa_model,best_param,kpg_pca_mse
0,CO2,ETR_separate,0.9088247100365212,1.2261912947392055,-1,-1,0.9687378814643437,1.0057358670317427,{'n_estimators': 200},0.02823200295836929
1,CO2,LGBM_separate,0.8855523207269144,1.4832758557214885,-1,-1,0.9678863464024077,1.0465485867555493,"{'learning_rate': 0.5, 'n_estimators': 200, 'num_leaves': 30}",0.02823200295836929
2,CO2,BGLGBM_separate,0.8988115698675447,1.3406691756788776,-1,-1,0.9669480132517911,0.9977380394773256,{'n_estimators': 50},0.02823200295836929
