,Gas,Model_name,CV_r2,CV_mse,test_r2_total_model,test_mse_by_total_model,test_r2_separa_model,test_mse_separa_model,best_param,kpg_pca_mse
0,CO2,ETR_separate,0.9399621819713954,0.8289754990009894,-1,-1,0.828986940207083,0.4976314627919869,{'n_estimators': 180},0.019434389869552517
1,CO2,LGBM_separate,0.9450398251824094,0.7597073577672785,-1,-1,0.8723632919075431,0.3971263472466253,"{'learning_rate': 0.5, 'n_estimators': 200, 'num_leaves': 50}",0.019434389869552517
2,CO2,BGLGBM_separate,0.9513866335779134,0.6719080183635315,-1,-1,0.832531889041146,0.49208601946037817,{'n_estimators': 50},0.019434389869552517
