,Gas,Model_name,CV_r2,CV_mse,test_r2_total_model,test_mse_by_total_model,test_r2_separa_model,test_mse_separa_model,best_param,kpg_pca_mse
0,CO2,ETR_separate,0.9227317240744093,1.0177674161009798,-1,-1,0.9673042108338465,1.0461745532929194,{'n_estimators': 200},0.027505041964277034
1,CO2,LGBM_separate,0.9185700888103054,1.0765306660439253,-1,-1,0.969958110353399,0.9812198397272306,"{'learning_rate': 0.5, 'n_estimators': 200, 'num_leaves': 30}",0.027505041964277034
2,CO2,BGLGBM_separate,0.926819866968305,0.9637220288888255,-1,-1,0.9678020333918901,0.9926131911956144,{'n_estimators': 30},0.027505041964277034
