,Gas,Model_name,CV_r2,CV_mse,test_r2_total_model,test_mse_by_total_model,test_r2_separa_model,test_mse_separa_model,best_param,kpg_pca_mse
0,CO2,ETR_separate,0.929238745034179,0.9653007848741865,-1,-1,0.9547910058154323,1.042649839413323,{'n_estimators': 200},0.02178779476829913
1,CO2,LGBM_separate,0.9291093984495516,0.9736774158030347,-1,-1,0.9513442211253713,1.4104785797010237,"{'learning_rate': 0.5, 'n_estimators': 200, 'num_leaves': 50}",0.02178779476829913
2,CO2,BGLGBM_separate,0.9382023587847452,0.854503800765133,-1,-1,0.9633778344607017,1.0209223446711995,{'n_estimators': 50},0.02178779476829913
