,Gas,Model_name,CV_r2,CV_mse,test_r2_total_model,test_mse_by_total_model,test_r2_separa_model,test_mse_separa_model,best_param,kpg_pca_mse
0,CO2,ETR_separate,0.9412025091998746,0.7942420015532113,-1,-1,0.9484947503852068,0.9900240119592362,{'n_estimators': 200},0.018681458709059136
1,CO2,LGBM_separate,0.9409691022596467,0.8035403679897243,-1,-1,0.9623413385166801,0.6554942387891123,"{'learning_rate': 0.5, 'n_estimators': 200, 'num_leaves': 50}",0.018681458709059136
2,CO2,BGLGBM_separate,0.9484455608788223,0.7004774143443363,-1,-1,0.9706743814214149,0.5040086407356497,{'n_estimators': 50},0.018681458709059136
