,Gas,Model_name,CV_r2,CV_mse,test_r2_total_model,test_mse_by_total_model,test_r2_separa_model,test_mse_separa_model,best_param,kpg_pca_mse
0,CO2,ETR_separate,0.9239072733854712,0.9536420172429221,-1,-1,0.9510394868129469,0.7660788861896404,{'n_estimators': 200},0.0282058756199013
1,CO2,LGBM_separate,0.9089039174346742,1.1614511644954573,-1,-1,0.8047644941536385,1.9781047645257672,"{'learning_rate': 0.5, 'n_estimators': 200, 'num_leaves': 50}",0.0282058756199013
2,CO2,BGLGBM_separate,0.9236632338256039,0.9549997350269935,-1,-1,0.8862007693410141,1.2756419169793562,{'n_estimators': 50},0.0282058756199013
