,Gas,Model_name,CV_r2,CV_mse,test_r2_total_model,test_mse_by_total_model,test_r2_separa_model,test_mse_separa_model,best_param,kpg_pca_mse
0,CO2,ETR_separate,0.9173781958393814,1.0281259973842327,-1,-1,0.9569954206763475,1.0177612409655317,{'n_estimators': 180},0.026503772763062733
1,CO2,LGBM_separate,0.9121024801490222,1.0852862166326556,-1,-1,0.9587334137634541,1.0118853993288255,"{'learning_rate': 0.5, 'n_estimators': 200, 'num_leaves': 50}",0.026503772763062733
2,CO2,BGLGBM_separate,0.9258067903857115,0.9150369647540442,-1,-1,0.9782683691242297,0.4867971903543036,{'n_estimators': 50},0.026503772763062733
