,Gas,Model_name,CV_r2,CV_mse,test_r2_total_model,test_mse_by_total_model,test_r2_separa_model,test_mse_separa_model,best_param,kpg_pca_mse
0,CO2,ETR_separate,0.9224208332103505,1.0824628720538894,-1,-1,0.6927364130688998,0.7255660251484695,{'n_estimators': 180},0.029610466998979724
1,CO2,LGBM_separate,0.9090339870017321,1.3163046731680272,-1,-1,0.7555539834502552,0.625237434420043,"{'learning_rate': 0.5, 'n_estimators': 200, 'num_leaves': 30}",0.029610466998979724
2,CO2,BGLGBM_separate,0.921619701389168,1.1408576809115103,-1,-1,0.7807934742697676,0.5375051417014717,{'n_estimators': 10},0.029610466998979724
