,Gas,Model_name,CV_r2,CV_mse,test_r2_total_model,test_mse_by_total_model,test_r2_separa_model,test_mse_separa_model,best_param,kpg_pca_mse
0,CO2,ETR_separate,0.9037943710483471,1.267267687444004,-1,-1,0.9163062216296215,1.188779868315727,{'n_estimators': 180},0.026537895287380625
1,CO2,LGBM_separate,0.8918515236927662,1.4386918659495158,-1,-1,0.9068850843346011,1.3037393265227328,"{'learning_rate': 0.5, 'n_estimators': 200, 'num_leaves': 50}",0.026537895287380625
2,CO2,BGLGBM_separate,0.9039996725625219,1.2770009796820527,-1,-1,0.9241717278559923,0.9892449177169174,{'n_estimators': 30},0.026537895287380625
