,Gas,Model_name,CV_r2,CV_mse,test_r2_total_model,test_mse_by_total_model,test_r2_separa_model,test_mse_separa_model,best_param,kpg_pca_mse
0,CO2,ETR_separate,0.9297734065696333,1.0029098054847878,-1,-1,0.9198351579294728,0.670948806286424,{'n_estimators': 200},0.02534876490953845
1,CO2,LGBM_separate,0.9242118214850106,1.1054802617233308,-1,-1,0.8900096782381944,0.7811627511255969,"{'learning_rate': 0.5, 'n_estimators': 200, 'num_leaves': 50}",0.02534876490953845
2,CO2,BGLGBM_separate,0.93721468792435,0.9116522799537761,-1,-1,0.9286725168674264,0.5065057041248274,{'n_estimators': 50},0.02534876490953845
