,Gas,Model_name,CV_r2,CV_mse,test_r2_total_model,test_mse_by_total_model,test_r2_separa_model,test_mse_separa_model,best_param,kpg_pca_mse
0,CO2,ETR_separate,0.7792393985499209,1.2827596584251837,-1,-1,0.8084572741406465,2.2790769645511477,{'n_estimators': 200},0.04341142029990459
1,CO2,LGBM_separate,0.660056419368132,1.5205354532575504,-1,-1,0.8292948770530792,2.3221886844376747,"{'learning_rate': 0.5, 'n_estimators': 180, 'num_leaves': 10}",0.04341142029990459
2,CO2,BGLGBM_separate,0.6213833523983159,1.8698656939119354,-1,-1,0.7942590858244277,2.415728113595993,{'n_estimators': 50},0.04341142029990459
