,Gas,Model_name,CV_r2,CV_mse,test_r2_total_model,test_mse_by_total_model,test_r2_separa_model,test_mse_separa_model,best_param,kpg_pca_mse
0,CO2,ETR_separate,0.9300245156287289,1.0193431931773893,-1,-1,0.9312474737225787,0.33201413065171786,{'n_estimators': 200},0.025413732685952328
1,CO2,LGBM_separate,0.9227606910440486,1.1235120570492472,-1,-1,0.8892047926350028,0.48199449753746604,"{'learning_rate': 0.5, 'n_estimators': 200, 'num_leaves': 30}",0.025413732685952328
2,CO2,BGLGBM_separate,0.9329209116164044,0.9759945724835652,-1,-1,0.935458707324529,0.2783958164431989,{'n_estimators': 50},0.025413732685952328
