,Gas,Model_name,CV_r2,CV_mse,test_r2_total_model,test_mse_by_total_model,test_r2_separa_model,test_mse_separa_model,best_param,kpg_pca_mse
0,CO2,ETR_separate,0.9027439630605549,1.2096899752543604,-1,-1,0.8741062095715411,0.8373771675627993,{'n_estimators': 200},0.02810250205154769
1,CO2,LGBM_separate,0.8956382727309343,1.2953235523492892,-1,-1,0.8659313727808938,0.9005534341584958,"{'learning_rate': 0.5, 'n_estimators': 200, 'num_leaves': 30}",0.02810250205154769
2,CO2,BGLGBM_separate,0.9086706907396772,1.1587369550593862,-1,-1,0.8642985576410006,0.9745413845064791,{'n_estimators': 10},0.02810250205154769
