,Gas,Model_name,CV_r2,CV_mse,test_r2_total_model,test_mse_by_total_model,test_r2_separa_model,test_mse_separa_model,best_param,kpg_pca_mse
0,CO2,ETR_separate,0.9308776637935157,1.0031172205798313,-1,-1,0.9217580135187811,0.681175491569633,{'n_estimators': 180},0.022201035234412896
1,CO2,LGBM_separate,0.9243789100414922,1.0999667133075177,-1,-1,0.9069087926661454,0.654473176240343,"{'learning_rate': 0.5, 'n_estimators': 200, 'num_leaves': 50}",0.022201035234412896
2,CO2,BGLGBM_separate,0.9378739453137985,0.906158063237507,-1,-1,0.9297140798839542,0.5271206599042764,{'n_estimators': 50},0.022201035234412896
