,Gas,Model_name,CV_r2,CV_mse,test_r2_total_model,test_mse_by_total_model,test_r2_separa_model,test_mse_separa_model,best_param,kpg_pca_mse
0,CO2,ETR_separate,0.9266841393936917,0.9610799225435451,-1,-1,0.952972487533421,1.1448206499179783,{'n_estimators': 200},0.023657145764137414
1,CO2,LGBM_separate,0.9184517532946069,1.0679618474777626,-1,-1,0.9703335587712846,0.6705602032324967,"{'learning_rate': 0.5, 'n_estimators': 200, 'num_leaves': 50}",0.023657145764137414
2,CO2,BGLGBM_separate,0.9308636270454501,0.9054051164936642,-1,-1,0.9800090849790978,0.47578793635859584,{'n_estimators': 30},0.023657145764137414
