,Gas,Model_name,CV_r2,CV_mse,test_r2_total_model,test_mse_by_total_model,test_r2_separa_model,test_mse_separa_model,best_param,kpg_pca_mse
0,CO2,ETR_separate,0.9414731876035436,0.7692207889231655,-1,-1,0.9470866573441994,1.0071867589514094,{'n_estimators': 200},0.01846708239734115
1,CO2,LGBM_separate,0.9430641154945034,0.7550482533663961,-1,-1,0.9643351453701379,0.6352182723189682,"{'learning_rate': 0.5, 'n_estimators': 200, 'num_leaves': 50}",0.01846708239734115
2,CO2,BGLGBM_separate,0.9493290917221382,0.6695385922191244,-1,-1,0.9646929970517794,0.6450584873642734,{'n_estimators': 50},0.01846708239734115
