,Gas,Model_name,CV_r2,CV_mse,test_r2_total_model,test_mse_by_total_model,test_r2_separa_model,test_mse_separa_model,best_param,kpg_pca_mse
0,CO2,ETR_separate,0.9376024318923475,0.806593855455823,-1,-1,0.9729128747732066,0.6383612187095745,{'n_estimators': 180},0.019080207262883432
1,CO2,LGBM_separate,0.9465726048080892,0.694628125892075,-1,-1,0.960533090333846,0.852251454698655,"{'learning_rate': 0.5, 'n_estimators': 200, 'num_leaves': 50}",0.019080207262883432
2,CO2,BGLGBM_separate,0.9499440071818895,0.6502953384067192,-1,-1,0.9810265083421639,0.42715328414693304,{'n_estimators': 50},0.019080207262883432
