,Gas,Model_name,CV_r2,CV_mse,test_r2_total_model,test_mse_by_total_model,test_r2_separa_model,test_mse_separa_model,best_param,kpg_pca_mse
0,CO2,ETR_separate,0.8357962845824881,1.7496715495238586,-1,-1,0.8674225234131144,0.8679429358619585,{'n_estimators': 200},0.03475892684000156
1,CO2,LGBM_separate,0.8035297366355134,2.0436968998436504,-1,-1,0.8404979684318934,1.153890631960505,"{'learning_rate': 0.5, 'n_estimators': 200, 'num_leaves': 10}",0.03475892684000156
2,CO2,BGLGBM_separate,0.818895458029368,1.869537836256812,-1,-1,0.8670101511820512,0.8387383757287864,{'n_estimators': 30},0.03475892684000156
