,Gas,Model_name,CV_r2,CV_mse,test_r2_total_model,test_mse_by_total_model,test_r2_separa_model,test_mse_separa_model,best_param,kpg_pca_mse
0,CO2,ETR_separate,0.9208047845856402,1.0214341261512159,-1,-1,0.946689897979453,0.7004247563219874,{'n_estimators': 200},0.02451096058542806
1,CO2,LGBM_separate,0.9161506221132016,1.08561374414363,-1,-1,0.9348317006191628,0.778497541449769,"{'learning_rate': 0.5, 'n_estimators': 200, 'num_leaves': 50}",0.02451096058542806
2,CO2,BGLGBM_separate,0.930327369964866,0.9048428634321299,-1,-1,0.9514560220476823,0.5796561260027621,{'n_estimators': 50},0.02451096058542806
