,Gas,Model_name,CV_r2,CV_mse,test_r2_total_model,test_mse_by_total_model,test_r2_separa_model,test_mse_separa_model,best_param,kpg_pca_mse
0,CO2,ETR_separate,0.9403815471045869,0.8021426762586522,-1,-1,0.9119106700343819,0.8753371216321725,{'n_estimators': 180},0.020814354853679197
1,CO2,LGBM_separate,0.9400255791342549,0.8076563348124572,-1,-1,0.8478754352412303,1.3346843900669778,"{'learning_rate': 0.5, 'n_estimators': 200, 'num_leaves': 50}",0.020814354853679197
2,CO2,BGLGBM_separate,0.9479969509835572,0.7047091904243812,-1,-1,0.8822456728302014,1.0767937605403788,{'n_estimators': 30},0.020814354853679197
