,Gas,Model_name,CV_r2,CV_mse,test_r2_total_model,test_mse_by_total_model,test_r2_separa_model,test_mse_separa_model,best_param,kpg_pca_mse
0,CO2,ETR_separate,0.8764618115009926,1.1451115598655965,-1,-1,0.5286324933949154,1.1839034915372773,{'n_estimators': 180},0.03328925161647164
1,CO2,LGBM_separate,0.8722324477832222,1.2811535333672126,-1,-1,0.6516157150524206,0.9870081693818915,"{'learning_rate': 0.5, 'n_estimators': 200, 'num_leaves': 20}",0.03328925161647164
2,CO2,BGLGBM_separate,0.8791866464030266,1.1748496988522508,-1,-1,0.6656622477336605,0.851029218549484,{'n_estimators': 30},0.03328925161647164
