,Gas,Model_name,CV_r2,CV_mse,test_r2_total_model,test_mse_by_total_model,test_r2_separa_model,test_mse_separa_model,best_param,kpg_pca_mse
0,CO2,ETR_separate,0.9336551021081348,0.822789103316204,-1,-1,0.9072344594921853,1.369813061968457,{'n_estimators': 180},0.02242806725870721
1,CO2,LGBM_separate,0.9315491617197142,0.8469136137686102,-1,-1,0.9189534960447221,1.1722254652921107,"{'learning_rate': 0.5, 'n_estimators': 200, 'num_leaves': 50}",0.02242806725870721
2,CO2,BGLGBM_separate,0.9403540828401958,0.7411506868945569,-1,-1,0.9374940742202809,0.8901045317418423,{'n_estimators': 50},0.02242806725870721
