,Gas,Model_name,CV_r2,CV_mse,test_r2_total_model,test_mse_by_total_model,test_r2_separa_model,test_mse_separa_model,best_param,kpg_pca_mse
0,CO2,ETR_separate,0.9426076372206429,0.7757861639651533,-1,-1,0.9148867457870002,0.8415607931180517,{'n_estimators': 180},0.01933291066024952
1,CO2,LGBM_separate,0.9452252722676813,0.7342755902919247,-1,-1,0.8866420214448173,1.0128332278940595,"{'learning_rate': 0.5, 'n_estimators': 200, 'num_leaves': 50}",0.01933291066024952
2,CO2,BGLGBM_separate,0.9501249668833258,0.6696515281212326,-1,-1,0.9052020900007971,0.8817809608088221,{'n_estimators': 50},0.01933291066024952
