,Gas,Model_name,CV_r2,CV_mse,test_r2_total_model,test_mse_by_total_model,test_r2_separa_model,test_mse_separa_model,best_param,kpg_pca_mse
0,CO2,ETR_separate,0.9367763916608898,0.8755316915250344,-1,-1,0.7998781191780959,0.5826915382952852,{'n_estimators': 200},0.021581687665391126
1,CO2,LGBM_separate,0.932180434784095,0.9316510927659458,-1,-1,0.857217098792526,0.45836956695024383,"{'learning_rate': 0.5, 'n_estimators': 200, 'num_leaves': 50}",0.021581687665391126
2,CO2,BGLGBM_separate,0.9423047288757145,0.8064763560915125,-1,-1,0.8364107550002358,0.48255556912719255,{'n_estimators': 50},0.021581687665391126
