,Gas,Model_name,CV_r2,CV_mse,test_r2_total_model,test_mse_by_total_model,test_r2_separa_model,test_mse_separa_model,best_param,kpg_pca_mse
0,CO2,ETR_separate,0.9335318311071801,0.868959944247987,-1,-1,0.6693078756287747,0.7728058002545702,{'n_estimators': 180},0.021223763662577978
1,CO2,LGBM_separate,0.9351280919545385,0.8432095739893736,-1,-1,0.8668690172199671,0.35667118097921185,"{'learning_rate': 0.5, 'n_estimators': 200, 'num_leaves': 50}",0.021223763662577978
2,CO2,BGLGBM_separate,0.9438993239525966,0.7336222181075456,-1,-1,0.8071409432033669,0.4947657161050262,{'n_estimators': 50},0.021223763662577978
