,Gas,Model_name,CV_r2,CV_mse,test_r2_total_model,test_mse_by_total_model,test_r2_separa_model,test_mse_separa_model,best_param,kpg_pca_mse
0,CO2,ETR_separate,0.9329976966337034,0.8717003942133706,-1,-1,0.6483613647900994,0.7909267861940589,{'n_estimators': 180},0.02554247048978115
1,CO2,LGBM_separate,0.9318726686666157,0.8967003047665152,-1,-1,0.8727820075443316,0.34927378850088964,"{'learning_rate': 0.5, 'n_estimators': 200, 'num_leaves': 50}",0.02554247048978115
2,CO2,BGLGBM_separate,0.9420239182314916,0.7566438173278309,-1,-1,0.8087110692304453,0.457016611392081,{'n_estimators': 30},0.02554247048978115
