,Gas,Model_name,CV_r2,CV_mse,test_r2_total_model,test_mse_by_total_model,test_r2_separa_model,test_mse_separa_model,best_param,kpg_pca_mse
0,CO2,ETR_separate,0.93242523108589,0.8487817308826202,-1,-1,0.8753799432161555,0.7980966581349475,{'n_estimators': 200},0.021884401444045416
1,CO2,LGBM_separate,0.9334095707974683,0.8503042275742425,-1,-1,0.8870712910748165,0.7697163589421123,"{'learning_rate': 0.5, 'n_estimators': 200, 'num_leaves': 50}",0.021884401444045416
2,CO2,BGLGBM_separate,0.9419406739644343,0.7363832156188733,-1,-1,0.8794955825877846,0.7670292963011154,{'n_estimators': 30},0.021884401444045416
