,Gas,Model_name,CV_r2,CV_mse,test_r2_total_model,test_mse_by_total_model,test_r2_separa_model,test_mse_separa_model,best_param,kpg_pca_mse
0,CO2,ETR_separate,0.9403571218935124,0.8506103389935159,-1,-1,0.930172072271799,0.337049701077047,{'n_estimators': 200},0.020267029897699254
1,CO2,LGBM_separate,0.9382822931169738,0.8859440071084123,-1,-1,0.9177599368033872,0.37590305729441265,"{'learning_rate': 0.5, 'n_estimators': 200, 'num_leaves': 50}",0.020267029897699254
2,CO2,BGLGBM_separate,0.9473884792275632,0.7527220029350387,-1,-1,0.9425290113937836,0.2616488709828855,{'n_estimators': 30},0.020267029897699254
