,Gas,Model_name,CV_r2,CV_mse,test_r2_total_model,test_mse_by_total_model,test_r2_separa_model,test_mse_separa_model,best_param,kpg_pca_mse
0,CO2,ETR_separate,0.9378696483359471,0.8166514091468509,-1,-1,0.9387946202029335,0.4999189343461397,{'n_estimators': 180},0.01818707978403242
1,CO2,LGBM_separate,0.9416417414639835,0.7834897316634148,-1,-1,0.951065242490491,0.3962930369946926,"{'learning_rate': 0.5, 'n_estimators': 200, 'num_leaves': 50}",0.01818707978403242
2,CO2,BGLGBM_separate,0.9472677550031691,0.7026795411462804,-1,-1,0.9549455869888963,0.364356166474383,{'n_estimators': 50},0.01818707978403242
