,Gas,Model_name,CV_r2,CV_mse,test_r2_total_model,test_mse_by_total_model,test_r2_separa_model,test_mse_separa_model,best_param,kpg_pca_mse
0,CO2,ETR_separate,0.9316024583784819,0.8823174278055987,-1,-1,0.6581334930566728,0.7985760376904234,{'n_estimators': 180},0.020889530410921363
1,CO2,LGBM_separate,0.9345617663539969,0.848567824652965,-1,-1,0.8459025024888722,0.4045462025679011,"{'learning_rate': 0.5, 'n_estimators': 200, 'num_leaves': 50}",0.020889530410921363
2,CO2,BGLGBM_separate,0.9404686388021692,0.7701479324454912,-1,-1,0.7942290575999538,0.5237145641361854,{'n_estimators': 50},0.020889530410921363
