,Gas,Model_name,CV_r2,CV_mse,test_r2_total_model,test_mse_by_total_model,test_r2_separa_model,test_mse_separa_model,best_param,kpg_pca_mse
0,CO2,ETR_separate,0.9278595152613509,1.0413636328780291,-1,-1,0.9192777076932279,0.6871150023383389,{'n_estimators': 200},0.022944664513740703
1,CO2,LGBM_separate,0.916021104046334,1.2095821096908534,-1,-1,0.8593725470224863,0.8431641705418014,"{'learning_rate': 0.5, 'n_estimators': 200, 'num_leaves': 50}",0.022944664513740703
2,CO2,BGLGBM_separate,0.9320496103399423,0.9826666035108917,-1,-1,0.9304693370193156,0.5128190704607215,{'n_estimators': 50},0.022944664513740703
