,Gas,Model_name,CV_r2,CV_mse,test_r2_total_model,test_mse_by_total_model,test_r2_separa_model,test_mse_separa_model,best_param,kpg_pca_mse
0,CO2,ETR_separate,0.9335958026946598,0.8615169454281384,-1,-1,0.9246357059926851,0.3699420670671808,{'n_estimators': 200},0.021093097174501994
1,CO2,LGBM_separate,0.9376159921939886,0.8138489961163561,-1,-1,0.9186569495894192,0.4315749581226075,"{'learning_rate': 0.5, 'n_estimators': 200, 'num_leaves': 50}",0.021093097174501994
2,CO2,BGLGBM_separate,0.9431649174048709,0.7348660946470027,-1,-1,0.9218069162316678,0.3843759054007732,{'n_estimators': 50},0.021093097174501994
