,Gas,Model_name,CV_r2,CV_mse,test_r2_total_model,test_mse_by_total_model,test_r2_separa_model,test_mse_separa_model,best_param,kpg_pca_mse
0,CO2,ETR_separate,0.8886813707826308,1.2050122175041402,-1,-1,0.8704853674139776,0.858356911800509,{'n_estimators': 180},0.03232885454457621
1,CO2,LGBM_separate,0.8658459243732561,1.4293331801225118,-1,-1,0.8654104517157348,0.8904868350023369,"{'learning_rate': 0.5, 'n_estimators': 200, 'num_leaves': 20}",0.03232885454457621
2,CO2,BGLGBM_separate,0.8822590228545447,1.3297205391560922,-1,-1,0.8744381289182149,0.8274551991548474,{'n_estimators': 50},0.03232885454457621
