,Gas,Model_name,CV_r2,CV_mse,test_r2_total_model,test_mse_by_total_model,test_r2_separa_model,test_mse_separa_model,best_param,kpg_pca_mse
0,CO2,ETR_separate,0.8731639368766018,1.3622067065877395,-1,-1,0.6887630765443122,5.886155097379118,{'n_estimators': 200},0.040808282180479466
1,CO2,LGBM_separate,0.7697524642094186,2.7711828954205817,-1,-1,0.8267230491668164,5.215657920853506,"{'learning_rate': 0.5, 'n_estimators': 200, 'num_leaves': 20}",0.040808282180479466
2,CO2,BGLGBM_separate,0.8218700992054323,1.8952114564371327,-1,-1,0.6818177607127185,7.566932559657133,{'n_estimators': 10},0.040808282180479466
