,Gas,Model_name,CV_r2,CV_mse,test_r2_total_model,test_mse_by_total_model,test_r2_separa_model,test_mse_separa_model,best_param,kpg_pca_mse
0,CO2,ETR_separate,0.9079363628828008,1.0279749490982648,-1,-1,0.7657914003891645,4.565597910482662,{'n_estimators': 200},0.03017441638451801
1,CO2,LGBM_separate,0.8900095919487482,1.260909682149117,-1,-1,0.7565401270270637,5.077726035961249,"{'learning_rate': 0.5, 'n_estimators': 200, 'num_leaves': 30}",0.03017441638451801
2,CO2,BGLGBM_separate,0.9018160242897825,1.0894041981466425,-1,-1,0.713752178204822,5.2994137376602275,{'n_estimators': 50},0.03017441638451801
