,Gas,Model_name,CV_r2,CV_mse,test_r2_total_model,test_mse_by_total_model,test_r2_separa_model,test_mse_separa_model,best_param,kpg_pca_mse
0,CO2,ETR_separate,0.9268034433514443,0.9913191965036546,-1,-1,0.899571934128512,0.9605230123346731,{'n_estimators': 180},0.023749180769830736
1,CO2,LGBM_separate,0.9212622769787971,1.06100683600904,-1,-1,0.8614202674183981,1.333556800267271,"{'learning_rate': 0.5, 'n_estimators': 200, 'num_leaves': 50}",0.023749180769830736
2,CO2,BGLGBM_separate,0.9315889925270644,0.9264589780240401,-1,-1,0.8797901069148152,1.1283786851111668,{'n_estimators': 30},0.023749180769830736
