,Gas,Model_name,CV_r2,CV_mse,test_r2_total_model,test_mse_by_total_model,test_r2_separa_model,test_mse_separa_model,best_param,kpg_pca_mse
0,CO2,ETR_separate,0.9227837023374544,0.9885795502694247,-1,-1,0.9754300849290918,0.7918673709044514,{'n_estimators': 100},0.022033839875329385
1,CO2,LGBM_separate,0.920073778103012,1.026331157578819,-1,-1,0.9666142573964088,1.115904031320574,"{'learning_rate': 0.5, 'n_estimators': 200, 'num_leaves': 50}",0.022033839875329385
2,CO2,BGLGBM_separate,0.9333286184181422,0.8544959965512702,-1,-1,0.9582757664659659,1.2188271196717086,{'n_estimators': 50},0.022033839875329385
