,Gas,Model_name,CV_r2,CV_mse,test_r2_total_model,test_mse_by_total_model,test_r2_separa_model,test_mse_separa_model,best_param,kpg_pca_mse
0,CO2,ETR_separate,0.938506323085425,0.7989625251526188,-1,-1,0.9695637491223407,0.7314166897195231,{'n_estimators': 200},0.01860718406748298
1,CO2,LGBM_separate,0.9467733994258689,0.7022644600584836,-1,-1,0.9701300121191851,0.7917323723785334,"{'learning_rate': 0.5, 'n_estimators': 200, 'num_leaves': 50}",0.01860718406748298
2,CO2,BGLGBM_separate,0.9497920665531698,0.6561703328843589,-1,-1,0.9745470150690614,0.6366228190683316,{'n_estimators': 50},0.01860718406748298
