,Gas,Model_name,CV_r2,CV_mse,test_r2_total_model,test_mse_by_total_model,test_r2_separa_model,test_mse_separa_model,best_param,kpg_pca_mse
0,CO2,ETR_separate,0.8178801405088013,2.5480952558350287,-1,-1,0.9474425615274643,1.2926413595160904,{'n_estimators': 50},0.038538059415741274
1,CO2,LGBM_separate,0.7760261361997617,2.686542076524044,-1,-1,0.9338789310107254,1.2648655536197901,"{'learning_rate': 0.5, 'n_estimators': 200, 'num_leaves': 20}",0.038538059415741274
2,CO2,BGLGBM_separate,0.8156785750755301,2.554842622298773,-1,-1,0.9468454345730116,1.0554934330505594,{'n_estimators': 50},0.038538059415741274
