,Gas,Model_name,CV_r2,CV_mse,test_r2_total_model,test_mse_by_total_model,test_r2_separa_model,test_mse_separa_model,best_param,kpg_pca_mse
0,CO2,ETR_separate,0.9387082745452121,0.8321968364782976,-1,-1,0.824894708326434,0.5155677793125253,{'n_estimators': 200},0.01897334965742862
1,CO2,LGBM_separate,0.9433636343265868,0.7746287914984109,-1,-1,0.8664735948221631,0.423937593334022,"{'learning_rate': 0.5, 'n_estimators': 200, 'num_leaves': 50}",0.01897334965742862
2,CO2,BGLGBM_separate,0.950332687132278,0.6783987940104313,-1,-1,0.8218808566506006,0.5312613117473496,{'n_estimators': 50},0.01897334965742862
