,Gas,Model_name,CV_r2,CV_mse,test_r2_total_model,test_mse_by_total_model,test_r2_separa_model,test_mse_separa_model,best_param,kpg_pca_mse
0,CO2,ETR_separate,0.9209257606767138,0.9326244411298138,-1,-1,0.872230890235364,0.8268210168403693,{'n_estimators': 180},0.0243145263646111
1,CO2,LGBM_separate,0.9112913968044353,1.0529064855384027,-1,-1,0.8528347447300149,1.0222171955745614,"{'learning_rate': 0.5, 'n_estimators': 200, 'num_leaves': 50}",0.0243145263646111
2,CO2,BGLGBM_separate,0.9263940092498425,0.8787177180825954,-1,-1,0.8670160494804416,0.928464889663867,{'n_estimators': 30},0.0243145263646111
