,Gas,Model_name,CV_r2,CV_mse,test_r2_total_model,test_mse_by_total_model,test_r2_separa_model,test_mse_separa_model,best_param,kpg_pca_mse
0,CO2,ETR_separate,0.9402633361057908,0.7973197425437017,-1,-1,0.9545982389487154,0.6304404891534793,{'n_estimators': 180},0.01855235896307455
1,CO2,LGBM_separate,0.9454208370452412,0.7341160394639173,-1,-1,0.9611649400820458,0.5561788208995091,"{'learning_rate': 0.5, 'n_estimators': 200, 'num_leaves': 50}",0.01855235896307455
2,CO2,BGLGBM_separate,0.950775926114579,0.6595815059091668,-1,-1,0.9668732685999959,0.46532611990628336,{'n_estimators': 50},0.01855235896307455
