,Gas,Model_name,CV_r2,CV_mse,test_r2_total_model,test_mse_by_total_model,test_r2_separa_model,test_mse_separa_model,best_param,kpg_pca_mse
0,CO2,ETR_separate,0.9392494914475356,0.8149263254478931,-1,-1,0.6823922584362279,0.7141585922815802,{'n_estimators': 200},0.01892038163374252
1,CO2,LGBM_separate,0.9438180487054092,0.755245482362229,-1,-1,0.8706461453055813,0.31796583636796094,"{'learning_rate': 0.5, 'n_estimators': 200, 'num_leaves': 50}",0.01892038163374252
2,CO2,BGLGBM_separate,0.9500293234218444,0.6715238714939036,-1,-1,0.8032921969889083,0.4782013938713142,{'n_estimators': 50},0.01892038163374252
