,Gas,Model_name,CV_r2,CV_mse,test_r2_total_model,test_mse_by_total_model,test_r2_separa_model,test_mse_separa_model,best_param,kpg_pca_mse
0,CO2,ETR_separate,0.9339399536076358,0.840434381245794,-1,-1,0.95100603637852,0.9588952465168898,{'n_estimators': 200},0.01908422934924308
1,CO2,LGBM_separate,0.9429310461875131,0.7240689759708465,-1,-1,0.9735293030145135,0.5249149419233994,"{'learning_rate': 0.5, 'n_estimators': 200, 'num_leaves': 50}",0.01908422934924308
2,CO2,BGLGBM_separate,0.94648634328105,0.6825815146451555,-1,-1,0.9729025601163881,0.5544321495559297,{'n_estimators': 50},0.01908422934924308
