,Gas,Model_name,CV_r2,CV_mse,test_r2_total_model,test_mse_by_total_model,test_r2_separa_model,test_mse_separa_model,best_param,kpg_pca_mse
0,CO2,ETR_separate,0.9121186700037527,1.180904870696383,-1,-1,0.8465747783014651,0.7761969480517984,{'n_estimators': 100},0.026986970416541467
1,CO2,LGBM_separate,0.8969278981757641,1.3920256525036143,-1,-1,0.8672868907729395,0.704143978321251,"{'learning_rate': 0.5, 'n_estimators': 200, 'num_leaves': 50}",0.026986970416541467
2,CO2,BGLGBM_separate,0.9077864935005537,1.258110673820568,-1,-1,0.8847987044610279,0.5743169956182298,{'n_estimators': 30},0.026986970416541467
