,Gas,Model_name,CV_r2,CV_mse,test_r2_total_model,test_mse_by_total_model,test_r2_separa_model,test_mse_separa_model,best_param,kpg_pca_mse
0,CO2,ETR_separate,0.9408332755883345,0.7717124348393926,-1,-1,0.9433445267090801,1.093768428942277,{'n_estimators': 180},0.022204502856344642
1,CO2,LGBM_separate,0.9335718062388872,0.8747952226238509,-1,-1,0.9653084548503411,0.6496066610614614,"{'learning_rate': 0.5, 'n_estimators': 200, 'num_leaves': 50}",0.022204502856344642
2,CO2,BGLGBM_separate,0.9407527387546558,0.7765004323821033,-1,-1,0.9677287122153038,0.592610218041511,{'n_estimators': 10},0.022204502856344642
