,Gas,Model_name,CV_r2,CV_mse,test_r2_total_model,test_mse_by_total_model,test_r2_separa_model,test_mse_separa_model,best_param,kpg_pca_mse
0,CO2,ETR_separate,0.9370413099358819,0.8117913339333462,-1,-1,0.9151720451562833,1.2243335980176788,{'n_estimators': 180},0.020224513187870656
1,CO2,LGBM_separate,0.9376305795603382,0.8019774361205982,-1,-1,0.9432808271455707,0.7541478179162217,"{'learning_rate': 0.5, 'n_estimators': 200, 'num_leaves': 50}",0.020224513187870656
2,CO2,BGLGBM_separate,0.9450053709283879,0.7067256249578352,-1,-1,0.9608652908172481,0.4995172542424026,{'n_estimators': 50},0.020224513187870656
