,Gas,Model_name,CV_r2,CV_mse,test_r2_total_model,test_mse_by_total_model,test_r2_separa_model,test_mse_separa_model,best_param,kpg_pca_mse
0,CO2,ETR_separate,0.9233835358710956,1.1770194954246544,-1,-1,0.8696616521698478,0.7302551687265033,{'n_estimators': 200},0.024645378995807828
1,CO2,LGBM_separate,0.9137876061556784,1.284799785593212,-1,-1,0.8498745491787174,0.9618439295781168,"{'learning_rate': 0.5, 'n_estimators': 200, 'num_leaves': 50}",0.024645378995807828
2,CO2,BGLGBM_separate,0.9248940327819571,1.1415628698860885,-1,-1,0.8807569796236103,0.6905798694300588,{'n_estimators': 50},0.024645378995807828
