,Gas,Model_name,CV_r2,CV_mse,test_r2_total_model,test_mse_by_total_model,test_r2_separa_model,test_mse_separa_model,best_param,kpg_pca_mse
0,CO2,ETR_separate,0.9286903099313584,0.987291655878664,-1,-1,0.8733414306420427,0.692359874854329,{'n_estimators': 200},0.023499713101639504
1,CO2,LGBM_separate,0.9252354623528445,1.046309933284927,-1,-1,0.8738398030500744,0.7153616326704876,"{'learning_rate': 0.5, 'n_estimators': 200, 'num_leaves': 50}",0.023499713101639504
2,CO2,BGLGBM_separate,0.9338663813617403,0.9524291579622688,-1,-1,0.8929636119212392,0.5769942665379074,{'n_estimators': 50},0.023499713101639504
