,Gas,Model_name,CV_r2,CV_mse,test_r2_total_model,test_mse_by_total_model,test_r2_separa_model,test_mse_separa_model,best_param,kpg_pca_mse
0,CO2,ETR_separate,0.9046319462973852,1.2640817862031806,-1,-1,0.8201328941583704,0.5378817504837038,{'n_estimators': 100},0.026600984360601026
1,CO2,LGBM_separate,0.8883072153345616,1.4494085507014802,-1,-1,0.8467864277043301,0.5006142423840927,"{'learning_rate': 0.5, 'n_estimators': 200, 'num_leaves': 30}",0.026600984360601026
2,CO2,BGLGBM_separate,0.9010861542182325,1.287564819262839,-1,-1,0.8441096708965963,0.47557833774061364,{'n_estimators': 50},0.026600984360601026
