,Gas,Model_name,CV_r2,CV_mse,test_r2_total_model,test_mse_by_total_model,test_r2_separa_model,test_mse_separa_model,best_param,kpg_pca_mse
0,CO2,ETR_separate,0.9376137894357278,0.81290515991426,-1,-1,0.9133990987855065,1.3074379213679574,{'n_estimators': 180},0.024009564150061474
1,CO2,LGBM_separate,0.9326729661785554,0.8882399505973975,-1,-1,0.9287813430943954,1.0826159393957748,"{'learning_rate': 0.5, 'n_estimators': 200, 'num_leaves': 50}",0.024009564150061474
2,CO2,BGLGBM_separate,0.9408064175957902,0.7803809407329197,-1,-1,0.9305799029697379,1.0492713107063634,{'n_estimators': 30},0.024009564150061474
