,Gas,Model_name,CV_r2,CV_mse,test_r2_total_model,test_mse_by_total_model,test_r2_separa_model,test_mse_separa_model,best_param,kpg_pca_mse
0,CO2,ETR_separate,0.9352552816827548,0.8430224253648971,-1,-1,0.9629654087873083,0.8289135982886151,{'n_estimators': 200},0.018847333753609617
1,CO2,LGBM_separate,0.9404554788924223,0.7781620228138956,-1,-1,0.9737322602409078,0.5588915365639258,"{'learning_rate': 0.5, 'n_estimators': 200, 'num_leaves': 50}",0.018847333753609617
2,CO2,BGLGBM_separate,0.9451066542917139,0.7161620973421174,-1,-1,0.979930565515745,0.43641731652787774,{'n_estimators': 50},0.018847333753609617
