,Gas,Model_name,CV_r2,CV_mse,test_r2_total_model,test_mse_by_total_model,test_r2_separa_model,test_mse_separa_model,best_param,kpg_pca_mse
0,CO2,ETR_separate,0.9281567227862734,0.9137146101432508,-1,-1,0.9475782866254148,0.6898126467310366,{'n_estimators': 180},0.023441407013110437
1,CO2,LGBM_separate,0.915327578885002,1.0773809814683817,-1,-1,0.9496788138629759,0.6388409304401534,"{'learning_rate': 0.5, 'n_estimators': 200, 'num_leaves': 50}",0.023441407013110437
2,CO2,BGLGBM_separate,0.9326763450674449,0.8563302739839307,-1,-1,0.9564384190963877,0.5453995577295332,{'n_estimators': 50},0.023441407013110437
