,Gas,Model_name,CV_r2,CV_mse,test_r2_total_model,test_mse_by_total_model,test_r2_separa_model,test_mse_separa_model,best_param,kpg_pca_mse
0,CO2,ETR_separate,0.9244532648296253,0.9260124981214279,-1,-1,0.9162786929972352,0.40058083158184404,{'n_estimators': 200},0.023704832537566205
1,CO2,LGBM_separate,0.9040984708750519,1.2182990625345604,-1,-1,0.8348413389415735,0.8217683745698526,"{'learning_rate': 0.5, 'n_estimators': 200, 'num_leaves': 50}",0.023704832537566205
2,CO2,BGLGBM_separate,0.9218719526588842,0.969999162214544,-1,-1,0.8906810049129855,0.4934642609772932,{'n_estimators': 50},0.023704832537566205
