,Gas,Model_name,CV_r2,CV_mse,test_r2_total_model,test_mse_by_total_model,test_r2_separa_model,test_mse_separa_model,best_param,kpg_pca_mse
0,CO2,ETR_separate,0.938118849576511,0.8111148999320547,-1,-1,0.975688166461834,0.7745053902567404,{'n_estimators': 150},0.018717126945262997
1,CO2,LGBM_separate,0.9401223846881261,0.7870837058831845,-1,-1,0.9815826871828591,0.5965349958024831,"{'learning_rate': 0.5, 'n_estimators': 200, 'num_leaves': 50}",0.018717126945262997
2,CO2,BGLGBM_separate,0.9455738076312346,0.7213624843365595,-1,-1,0.9780414210920536,0.706820519967782,{'n_estimators': 30},0.018717126945262997
