,Gas,Model_name,CV_r2,CV_mse,test_r2_total_model,test_mse_by_total_model,test_r2_separa_model,test_mse_separa_model,best_param,kpg_pca_mse
0,CO2,ETR_separate,0.7971244105115252,1.4073837988116633,-1,-1,0.6926363188795678,3.645074701900849,{'n_estimators': 200},0.03261907069154612
1,CO2,LGBM_separate,0.7550819273687196,1.594711051750941,-1,-1,0.7358438180373318,2.9340147517716755,"{'learning_rate': 0.5, 'n_estimators': 200, 'num_leaves': 10}",0.03261907069154612
2,CO2,BGLGBM_separate,0.7800292063966696,1.4553969360319463,-1,-1,0.6263072756521948,3.671168169185448,{'n_estimators': 50},0.03261907069154612
