,Gas,Model_name,CV_r2,CV_mse,test_r2_total_model,test_mse_by_total_model,test_r2_separa_model,test_mse_separa_model,best_param,kpg_pca_mse
0,CO2,ETR_separate,0.8989309987090961,1.1630182927056236,-1,-1,0.9377609454309099,0.8106597219228621,{'n_estimators': 180},0.03016278527817624
1,CO2,LGBM_separate,0.8884823626445172,1.1192540610973485,-1,-1,0.8500530051240422,1.6083328730691193,"{'learning_rate': 0.5, 'n_estimators': 200, 'num_leaves': 30}",0.03016278527817624
2,CO2,BGLGBM_separate,0.8945306213279041,1.1046230737753522,-1,-1,0.8871919063443992,1.2729145304850926,{'n_estimators': 10},0.03016278527817624
