,Gas,Model_name,CV_r2,CV_mse,test_r2_total_model,test_mse_by_total_model,test_r2_separa_model,test_mse_separa_model,best_param,kpg_pca_mse
0,CO2,ETR_separate,0.9372462089000347,0.9039819644426558,-1,-1,0.8677870485564119,0.7303816827089303,{'n_estimators': 200},0.021696962089669355
1,CO2,LGBM_separate,0.9298284208198859,1.018046315529507,-1,-1,0.8993270054958267,0.5404034366547491,"{'learning_rate': 0.5, 'n_estimators': 200, 'num_leaves': 50}",0.021696962089669355
2,CO2,BGLGBM_separate,0.9405279244498027,0.8639756316427878,-1,-1,0.8920909939109601,0.5848555195852104,{'n_estimators': 50},0.021696962089669355
