,Gas,Model_name,CV_r2,CV_mse,test_r2_total_model,test_mse_by_total_model,test_r2_separa_model,test_mse_separa_model,best_param,kpg_pca_mse
0,CO2,ETR_separate,0.9223371810718903,1.044964017865108,-1,-1,0.9194368490214213,0.7820785242282926,{'n_estimators': 200},0.02928401819755379
1,CO2,LGBM_separate,0.9131253659672789,1.1792339991987717,-1,-1,0.908721552302665,0.9615512226849169,"{'learning_rate': 0.5, 'n_estimators': 200, 'num_leaves': 30}",0.02928401819755379
2,CO2,BGLGBM_separate,0.9228558619411007,1.0386636700791292,-1,-1,0.9284304815740514,0.6467472807448797,{'n_estimators': 50},0.02928401819755379
