,Gas,Model_name,CV_r2,CV_mse,test_r2_total_model,test_mse_by_total_model,test_r2_separa_model,test_mse_separa_model,best_param,kpg_pca_mse
0,CO2,ETR_separate,0.9295809948664819,1.0458708696651742,-1,-1,0.7073557060288613,0.6966329501436553,{'n_estimators': 180},0.02863385781517706
1,CO2,LGBM_separate,0.9211047910340457,1.1592317303607877,-1,-1,0.8781632969603542,0.3237905699655627,"{'learning_rate': 0.5, 'n_estimators': 200, 'num_leaves': 30}",0.02863385781517706
2,CO2,BGLGBM_separate,0.9384680323223643,0.909553438953694,-1,-1,0.8545162823248982,0.35312125544987955,{'n_estimators': 50},0.02863385781517706
