,Gas,Model_name,CV_r2,CV_mse,test_r2_total_model,test_mse_by_total_model,test_r2_separa_model,test_mse_separa_model,best_param,kpg_pca_mse
0,CO2,ETR_separate,0.9222547679420673,0.9371927079345432,-1,-1,0.9539091892955868,1.0817996200010322,{'n_estimators': 180},0.026653459276382845
1,CO2,LGBM_separate,0.9232776821081504,0.9298034268684783,-1,-1,0.9488263644070521,1.0012576350045646,"{'learning_rate': 0.5, 'n_estimators': 200, 'num_leaves': 50}",0.026653459276382845
2,CO2,BGLGBM_separate,0.929181079717168,0.8563146656999203,-1,-1,0.974040436351975,0.5394054858434932,{'n_estimators': 30},0.026653459276382845
