,Gas,Model_name,CV_r2,CV_mse,test_r2_total_model,test_mse_by_total_model,test_r2_separa_model,test_mse_separa_model,best_param,kpg_pca_mse
0,CO2,ETR_separate,0.9048678659072836,1.1073077936201656,-1,-1,0.9512076154799218,1.4431183714274403,{'n_estimators': 200},0.027575684393442972
1,CO2,LGBM_separate,0.876507033153669,1.4415576745375558,-1,-1,0.9569399516548901,1.3299083718309745,"{'learning_rate': 0.5, 'n_estimators': 200, 'num_leaves': 50}",0.027575684393442972
2,CO2,BGLGBM_separate,0.9035500062535338,1.130207808762799,-1,-1,0.9538370965209221,1.366612505303722,{'n_estimators': 50},0.027575684393442972
