,Gas,Model_name,CV_r2,CV_mse,test_r2_total_model,test_mse_by_total_model,test_r2_separa_model,test_mse_separa_model,best_param,kpg_pca_mse
0,CO2,ETR_separate,0.935095176449267,0.7948291501749214,-1,-1,0.9020354912812076,1.4978092618096135,{'n_estimators': 200},0.022314649938228345
1,CO2,LGBM_separate,0.9298866937323975,0.8520236380884247,-1,-1,0.9412597256038375,0.8537975739837506,"{'learning_rate': 0.5, 'n_estimators': 200, 'num_leaves': 50}",0.022314649938228345
2,CO2,BGLGBM_separate,0.9418085820352597,0.7139747980176054,-1,-1,0.9355014233105009,0.921055119003614,{'n_estimators': 30},0.022314649938228345
