,Gas,Model_name,CV_r2,CV_mse,test_r2_total_model,test_mse_by_total_model,test_r2_separa_model,test_mse_separa_model,best_param,kpg_pca_mse
0,CO2,ETR_separate,0.9073598526545077,1.0936235419482634,-1,-1,0.9119794547823972,1.3135832531365668,{'n_estimators': 100},0.03300693105416355
1,CO2,LGBM_separate,0.8868304746295944,1.3335485827848046,-1,-1,0.8893858662109777,1.5669773701177676,"{'learning_rate': 0.5, 'n_estimators': 180, 'num_leaves': 30}",0.03300693105416355
2,CO2,BGLGBM_separate,0.9001661545474612,1.2090978206868919,-1,-1,0.8757958064136294,1.7352291154322093,{'n_estimators': 30},0.03300693105416355
