,Gas,Model_name,CV_r2,CV_mse,test_r2_total_model,test_mse_by_total_model,test_r2_separa_model,test_mse_separa_model,best_param,kpg_pca_mse
0,CO2,ETR_separate,0.7372736815349166,1.6964149026382997,-1,-1,0.8940359776649865,0.6788151468697695,{'n_estimators': 200},0.0352081392215209
1,CO2,LGBM_separate,0.6802737215026367,1.6478458576918968,-1,-1,0.9013555597502869,0.7037160355754938,"{'learning_rate': 0.5, 'n_estimators': 200, 'num_leaves': 10}",0.0352081392215209
2,CO2,BGLGBM_separate,0.7231639998816808,1.7649361776557313,-1,-1,0.9195035448890065,0.5568487865565437,{'n_estimators': 50},0.0352081392215209
