,Gas,Model_name,CV_r2,CV_mse,test_r2_total_model,test_mse_by_total_model,test_r2_separa_model,test_mse_separa_model,best_param,kpg_pca_mse
0,CO2,ETR_separate,0.9032223825199732,1.3970405491640154,-1,-1,0.9148397586459023,1.2220911907700662,{'n_estimators': 200},0.027869686809329153
1,CO2,LGBM_separate,0.8832314563281287,1.6757161088814059,-1,-1,0.9104406593446105,1.1314382239366327,"{'learning_rate': 0.5, 'n_estimators': 200, 'num_leaves': 50}",0.027869686809329153
2,CO2,BGLGBM_separate,0.9007949643780554,1.427197450445341,-1,-1,0.9140329048469948,1.0854676070502571,{'n_estimators': 50},0.027869686809329153
