,Gas,Model_name,CV_r2,CV_mse,test_r2_total_model,test_mse_by_total_model,test_r2_separa_model,test_mse_separa_model,best_param,kpg_pca_mse
0,CO2,ETR_separate,0.9345458805321532,0.877124125780942,-1,-1,0.6491618279448551,0.7864689974184257,{'n_estimators': 180},0.025068209359308057
1,CO2,LGBM_separate,0.9343243851398769,0.8852852216984488,-1,-1,0.8216731073213168,0.4383045244566484,"{'learning_rate': 0.5, 'n_estimators': 200, 'num_leaves': 50}",0.025068209359308057
2,CO2,BGLGBM_separate,0.9450172378242405,0.7416808768820017,-1,-1,0.7907011689815509,0.5017751662173592,{'n_estimators': 50},0.025068209359308057
