,Gas,Model_name,CV_r2,CV_mse,test_r2_total_model,test_mse_by_total_model,test_r2_separa_model,test_mse_separa_model,best_param,kpg_pca_mse
0,CO2,ETR_separate,0.9286117890629928,0.9167170040528205,-1,-1,0.9504577853270565,1.2203344775717972,{'n_estimators': 180},0.025646599985418815
1,CO2,LGBM_separate,0.9241000100485689,0.9831117479633136,-1,-1,0.9685596925910913,0.7106945932860261,"{'learning_rate': 0.5, 'n_estimators': 200, 'num_leaves': 30}",0.025646599985418815
2,CO2,BGLGBM_separate,0.9330391781810669,0.8650343762887491,-1,-1,0.9745449142936298,0.5579657538306922,{'n_estimators': 10},0.025646599985418815
