,Gas,Model_name,CV_r2,CV_mse,test_r2_total_model,test_mse_by_total_model,test_r2_separa_model,test_mse_separa_model,best_param,kpg_pca_mse
0,CO2,ETR_separate,0.9024296643752823,1.1596801831438568,-1,-1,0.7525437571522162,4.715237199564916,{'n_estimators': 100},0.03348866634546202
1,CO2,LGBM_separate,0.8738978117675822,1.4837468913943044,-1,-1,0.7306214321254311,5.32076134148243,"{'learning_rate': 0.5, 'n_estimators': 200, 'num_leaves': 20}",0.03348866634546202
2,CO2,BGLGBM_separate,0.8972028570634423,1.2066022827847072,-1,-1,0.651614014210793,5.861049068296829,{'n_estimators': 50},0.03348866634546202
