,Gas,Model_name,CV_r2,CV_mse,test_r2_total_model,test_mse_by_total_model,test_r2_separa_model,test_mse_separa_model,best_param,kpg_pca_mse
0,CO2,ETR_separate,0.9372997194978604,0.8536451006455025,-1,-1,0.9525604471356595,1.1365223607505799,{'n_estimators': 200},0.023706245512772076
1,CO2,LGBM_separate,0.9281997051664813,0.986447142187397,-1,-1,0.9704036190011595,0.6769573741282746,"{'learning_rate': 0.5, 'n_estimators': 200, 'num_leaves': 50}",0.023706245512772076
2,CO2,BGLGBM_separate,0.9394815075735753,0.8347203711388387,-1,-1,0.9794717923990304,0.45482022888153667,{'n_estimators': 50},0.023706245512772076
