,Gas,Model_name,CV_r2,CV_mse,test_r2_total_model,test_mse_by_total_model,test_r2_separa_model,test_mse_separa_model,best_param,kpg_pca_mse
0,CO2,ETR_separate,0.9258828492413939,0.9363164312821821,-1,-1,0.9492246543187847,0.676177284672743,{'n_estimators': 180},0.022838454664313064
1,CO2,LGBM_separate,0.9195876786340985,1.018809366058384,-1,-1,0.9441227916785081,0.7411882907360524,"{'learning_rate': 0.5, 'n_estimators': 200, 'num_leaves': 50}",0.022838454664313064
2,CO2,BGLGBM_separate,0.9331929915038326,0.8480390029812266,-1,-1,0.9543596305688278,0.5859838302519134,{'n_estimators': 50},0.022838454664313064
