,Gas,Model_name,CV_r2,CV_mse,test_r2_total_model,test_mse_by_total_model,test_r2_separa_model,test_mse_separa_model,best_param,kpg_pca_mse
0,CO2,ETR_separate,0.9122076765493572,1.1077687387194022,-1,-1,0.8796882078549388,2.031284158905632,{'n_estimators': 180},0.028254007005080156
1,CO2,LGBM_separate,0.9088239792591889,1.1586714973471242,-1,-1,0.8909643439625826,2.154099537285656,"{'learning_rate': 0.5, 'n_estimators': 200, 'num_leaves': 50}",0.028254007005080156
2,CO2,BGLGBM_separate,0.9204408930253651,1.0071281579309737,-1,-1,0.8936659731150319,1.8797642346656942,{'n_estimators': 50},0.028254007005080156
