,Gas,Model_name,CV_r2,CV_mse,test_r2_total_model,test_mse_by_total_model,test_r2_separa_model,test_mse_separa_model,best_param,kpg_pca_mse
0,CO2,ETR_separate,0.9027289259472473,1.0837003498315916,-1,-1,0.7283711439409672,5.0796807099103605,{'n_estimators': 180},0.032356514566016445
1,CO2,LGBM_separate,0.8795970711735073,1.3560274953806661,-1,-1,0.6376969157529864,6.3874450328487855,"{'learning_rate': 0.5, 'n_estimators': 200, 'num_leaves': 30}",0.032356514566016445
2,CO2,BGLGBM_separate,0.8971115096715645,1.1524740658627146,-1,-1,0.6526294262856469,5.874402096706744,{'n_estimators': 30},0.032356514566016445
