,Gas,Model_name,CV_r2,CV_mse,test_r2_total_model,test_mse_by_total_model,test_r2_separa_model,test_mse_separa_model,best_param,kpg_pca_mse
0,CO2,ETR_separate,0.9406715950786086,0.7878529696665657,-1,-1,0.9450939509545935,1.040745222045618,{'n_estimators': 180},0.019553214392594925
1,CO2,LGBM_separate,0.9385783843774529,0.8211312407546177,-1,-1,0.9630419757196285,0.7496397278799996,"{'learning_rate': 0.5, 'n_estimators': 200, 'num_leaves': 50}",0.019553214392594925
2,CO2,BGLGBM_separate,0.9421922499550759,0.77063110490613,-1,-1,0.963195739998171,0.7021100493535815,{'n_estimators': 50},0.019553214392594925
