,Gas,Model_name,CV_r2,CV_mse,test_r2_total_model,test_mse_by_total_model,test_r2_separa_model,test_mse_separa_model,best_param,kpg_pca_mse
0,CO2,ETR_separate,0.9321208824212366,0.88165966389254,-1,-1,0.6469195736563342,0.7847651640300246,{'n_estimators': 120},0.02498155901181171
1,CO2,LGBM_separate,0.9329085682857208,0.8834784423996748,-1,-1,0.817216815849976,0.4512082970336939,"{'learning_rate': 0.5, 'n_estimators': 200, 'num_leaves': 50}",0.02498155901181171
2,CO2,BGLGBM_separate,0.9412879877960784,0.7746893592625607,-1,-1,0.7834690519895735,0.5175260490268558,{'n_estimators': 50},0.02498155901181171
