,Gas,Model_name,CV_r2,CV_mse,test_r2_total_model,test_mse_by_total_model,test_r2_separa_model,test_mse_separa_model,best_param,kpg_pca_mse
0,CO2,ETR_separate,0.926570606463943,0.9898953154859104,-1,-1,0.9067525776732667,0.9269799824691554,{'n_estimators': 180},0.026390616946017166
1,CO2,LGBM_separate,0.9255468984172655,1.005541227867545,-1,-1,0.8450454438900805,1.4052553708074358,"{'learning_rate': 0.5, 'n_estimators': 200, 'num_leaves': 50}",0.026390616946017166
2,CO2,BGLGBM_separate,0.9337537777954535,0.9008485174611197,-1,-1,0.8847998824094525,1.078353994490291,{'n_estimators': 50},0.026390616946017166
