,Gas,Model_name,CV_r2,CV_mse,test_r2_total_model,test_mse_by_total_model,test_r2_separa_model,test_mse_separa_model,best_param,kpg_pca_mse
0,CO2,ETR_separate,0.9341917419655837,0.8467082837376083,-1,-1,0.9071674922303775,0.40864248153706967,{'n_estimators': 200},0.021448538273108685
1,CO2,LGBM_separate,0.9257638812884995,0.9566098507671281,-1,-1,0.8742117760787115,0.587625158786488,"{'learning_rate': 0.5, 'n_estimators': 200, 'num_leaves': 50}",0.021448538273108685
2,CO2,BGLGBM_separate,0.9395692057795861,0.7770166117861304,-1,-1,0.8995705694365111,0.45153739453192204,{'n_estimators': 50},0.021448538273108685
