,Gas,Model_name,CV_r2,CV_mse,test_r2_total_model,test_mse_by_total_model,test_r2_separa_model,test_mse_separa_model,best_param,kpg_pca_mse
0,CO2,ETR_separate,0.9267321372262355,0.9611659105236383,-1,-1,0.9767118492470662,0.7602590303047811,{'n_estimators': 200},0.02195107167731397
1,CO2,LGBM_separate,0.9233362106467669,0.9931374791616598,-1,-1,0.9665341712923032,1.0956794534791052,"{'learning_rate': 0.5, 'n_estimators': 200, 'num_leaves': 50}",0.02195107167731397
2,CO2,BGLGBM_separate,0.9347148974279078,0.8592812755154867,-1,-1,0.9528589480670754,1.3389870648168603,{'n_estimators': 50},0.02195107167731397
