,Gas,Model_name,CV_r2,CV_mse,test_r2_total_model,test_mse_by_total_model,test_r2_separa_model,test_mse_separa_model,best_param,kpg_pca_mse
0,CO2,ETR_separate,0.9330272513694633,0.8570161848116538,-1,-1,0.9674282038499131,1.003590164249422,{'n_estimators': 200},0.02094228750399594
1,CO2,LGBM_separate,0.9328864222146164,0.8537714939017963,-1,-1,0.9682505897015778,0.9898884029179416,"{'learning_rate': 0.5, 'n_estimators': 200, 'num_leaves': 50}",0.02094228750399594
2,CO2,BGLGBM_separate,0.9391678643184604,0.7775285491612272,-1,-1,0.9596155769264499,1.2344780853031474,{'n_estimators': 50},0.02094228750399594
