,Gas,Model_name,CV_r2,CV_mse,test_r2_total_model,test_mse_by_total_model,test_r2_separa_model,test_mse_separa_model,best_param,kpg_pca_mse
0,CO2,ETR_separate,0.7960696933029251,1.3354675426562121,-1,-1,0.4723764918590696,1.4604346710908367,{'n_estimators': 200},0.04217677759387289
1,CO2,LGBM_separate,0.7521391540559071,1.591254711274295,-1,-1,0.5011498776767939,1.7015065092431132,"{'learning_rate': 0.5, 'n_estimators': 200, 'num_leaves': 20}",0.04217677759387289
2,CO2,BGLGBM_separate,0.790205979217715,1.361062818550764,-1,-1,0.5245959844302757,1.4856413703900548,{'n_estimators': 50},0.04217677759387289
