,Gas,Model_name,CV_r2,CV_mse,test_r2_total_model,test_mse_by_total_model,test_r2_separa_model,test_mse_separa_model,best_param,kpg_pca_mse
0,CO2,ETR_separate,0.9372608098322999,0.8541611199698036,-1,-1,0.8615603077597023,0.7832370306829424,{'n_estimators': 180},0.018851129396988405
1,CO2,LGBM_separate,0.9437445432488584,0.772649671179757,-1,-1,0.8618865545097179,0.8709363331069373,"{'learning_rate': 0.5, 'n_estimators': 200, 'num_leaves': 50}",0.018851129396988405
2,CO2,BGLGBM_separate,0.945327956667126,0.7473398372821046,-1,-1,0.8765078955790572,0.7087972536113359,{'n_estimators': 50},0.018851129396988405
