,Gas,Model_name,CV_r2,CV_mse,test_r2_total_model,test_mse_by_total_model,test_r2_separa_model,test_mse_separa_model,best_param,kpg_pca_mse
0,CO2,ETR_separate,0.8333032449244089,1.484257192933118,-1,-1,0.8678845521917079,2.1127194216157577,{'n_estimators': 120},0.0422157923847014
1,CO2,LGBM_separate,0.7680474961352567,2.0783967039290934,-1,-1,0.7895594832845128,3.1052859894541607,"{'learning_rate': 0.5, 'n_estimators': 150, 'num_leaves': 10}",0.0422157923847014
2,CO2,BGLGBM_separate,0.7676481285045036,2.16898008077395,-1,-1,0.8020303326085073,2.9338125313900782,{'n_estimators': 30},0.0422157923847014
