,Gas,Model_name,CV_r2,CV_mse,test_r2_total_model,test_mse_by_total_model,test_r2_separa_model,test_mse_separa_model,best_param,kpg_pca_mse
0,CO2,ETR_separate,0.9235385958870161,1.0264799050643405,-1,-1,0.9227983633643932,0.3581057272468401,{'n_estimators': 120},0.02672330009109609
1,CO2,LGBM_separate,0.9158535753097535,1.1156580295021956,-1,-1,0.9355585891242202,0.3249546844821132,"{'learning_rate': 0.5, 'n_estimators': 200, 'num_leaves': 50}",0.02672330009109609
2,CO2,BGLGBM_separate,0.9300312631022003,0.9387385898662796,-1,-1,0.9404119865908098,0.28298999782800127,{'n_estimators': 50},0.02672330009109609
