,Gas,Model_name,CV_r2,CV_mse,test_r2_total_model,test_mse_by_total_model,test_r2_separa_model,test_mse_separa_model,best_param,kpg_pca_mse
0,CO2,ETR_separate,0.8839451994744131,1.5176485082664897,-1,-1,0.881251012529448,1.177965258462466,{'n_estimators': 180},0.032683787612766996
1,CO2,LGBM_separate,0.8555131567954668,1.8377056246992816,-1,-1,0.8511930434001006,1.6711048245414837,"{'learning_rate': 0.5, 'n_estimators': 200, 'num_leaves': 20}",0.032683787612766996
2,CO2,BGLGBM_separate,0.8808531337287242,1.552160313606688,-1,-1,0.8734524775300728,1.4280651682230545,{'n_estimators': 10},0.032683787612766996
