,Gas,Model_name,CV_r2,CV_mse,test_r2_total_model,test_mse_by_total_model,test_r2_separa_model,test_mse_separa_model,best_param,kpg_pca_mse
0,CO2,ETR_separate,0.9395015820267046,0.9008780549105786,-1,-1,0.8706990788156712,0.7019644366068024,{'n_estimators': 180},0.021627459225000936
1,CO2,LGBM_separate,0.9315722312734293,1.0210006002602436,-1,-1,0.8847805327781507,0.6452734630520006,"{'learning_rate': 0.5, 'n_estimators': 200, 'num_leaves': 50}",0.021627459225000936
2,CO2,BGLGBM_separate,0.9430628735090789,0.8502765192424746,-1,-1,0.8949867613661167,0.5708422498192334,{'n_estimators': 50},0.021627459225000936
