,Gas,Model_name,CV_r2,CV_mse,test_r2_total_model,test_mse_by_total_model,test_r2_separa_model,test_mse_separa_model,best_param,kpg_pca_mse
0,CO2,ETR_separate,0.8632190800705187,0.9088928824297445,-1,-1,0.8430640596266779,0.7776741794795985,{'n_estimators': 150},0.044106482928894394
1,CO2,LGBM_separate,0.7667473542954617,1.7275683294506532,-1,-1,0.8291027876351638,0.8268991037531526,"{'learning_rate': 0.5, 'n_estimators': 200, 'num_leaves': 10}",0.044106482928894394
2,CO2,BGLGBM_separate,0.7613270245696615,1.658587599591057,-1,-1,0.8312056244250526,0.833067431336851,{'n_estimators': 50},0.044106482928894394
