,Gas,Model_name,CV_r2,CV_mse,test_r2_total_model,test_mse_by_total_model,test_r2_separa_model,test_mse_separa_model,best_param,kpg_pca_mse
0,CO2,ETR_separate,0.9018316805796248,1.0450194598141282,-1,-1,0.7360008258232431,5.012445343139306,{'n_estimators': 200},0.030680024253831633
1,CO2,LGBM_separate,0.8934641681154781,1.1636603787752944,-1,-1,0.7072050293344851,5.355280025054301,"{'learning_rate': 0.5, 'n_estimators': 200, 'num_leaves': 30}",0.030680024253831633
2,CO2,BGLGBM_separate,0.9091591046933868,0.9889266447550457,-1,-1,0.639224834229591,6.057658997901729,{'n_estimators': 50},0.030680024253831633
