,Gas,Model_name,CV_r2,CV_mse,test_r2_total_model,test_mse_by_total_model,test_r2_separa_model,test_mse_separa_model,best_param,kpg_pca_mse
0,CO2,ETR_separate,0.9312171544251836,0.9173445920894597,-1,-1,0.9095483446435093,0.898953101713298,{'n_estimators': 180},0.025073269143066214
1,CO2,LGBM_separate,0.9221675487060754,1.0296594596254063,-1,-1,0.858417652576983,1.289281101014028,"{'learning_rate': 0.5, 'n_estimators': 200, 'num_leaves': 50}",0.025073269143066214
2,CO2,BGLGBM_separate,0.9323437362726272,0.893144101202016,-1,-1,0.8847485300262339,1.0758345192216396,{'n_estimators': 50},0.025073269143066214
