,Gas,Model_name,CV_r2,CV_mse,test_r2_total_model,test_mse_by_total_model,test_r2_separa_model,test_mse_separa_model,best_param,kpg_pca_mse
0,CO2,ETR_separate,0.9402395866726196,0.8879545185467996,-1,-1,0.8700404217738872,0.7141903854389902,{'n_estimators': 200},0.021206781883360334
1,CO2,LGBM_separate,0.9391767099745397,0.9086203324531574,-1,-1,0.8964809451428601,0.5781326137289187,"{'learning_rate': 0.5, 'n_estimators': 200, 'num_leaves': 50}",0.021206781883360334
2,CO2,BGLGBM_separate,0.9468300894524081,0.7954438152881049,-1,-1,0.8935899320515915,0.5854820954645792,{'n_estimators': 50},0.021206781883360334
