,Gas,Model_name,CV_r2,CV_mse,test_r2_total_model,test_mse_by_total_model,test_r2_separa_model,test_mse_separa_model,best_param,kpg_pca_mse
0,CO2,ETR_separate,0.9283727292404553,0.9032676450355609,-1,-1,0.9704765953137173,0.9352707319211095,{'n_estimators': 200},0.02218465556190636
1,CO2,LGBM_separate,0.9239189862722352,0.9672507060279104,-1,-1,0.9483006544145051,1.5258634275322607,"{'learning_rate': 0.5, 'n_estimators': 200, 'num_leaves': 50}",0.02218465556190636
2,CO2,BGLGBM_separate,0.9338225357746925,0.8437670247961748,-1,-1,0.9563112258320507,1.3072280142243602,{'n_estimators': 30},0.02218465556190636
