,Gas,Model_name,CV_r2,CV_mse,test_r2_total_model,test_mse_by_total_model,test_r2_separa_model,test_mse_separa_model,best_param,kpg_pca_mse
0,CO2,ETR_separate,0.9221856028279791,1.0784405510586539,-1,-1,0.7972574057042886,0.5859636219440442,{'n_estimators': 200},0.02566447023741907
1,CO2,LGBM_separate,0.9121120348116596,1.1824710055428795,-1,-1,0.7821545325785397,0.6091626832164445,"{'learning_rate': 0.5, 'n_estimators': 200, 'num_leaves': 50}",0.02566447023741907
2,CO2,BGLGBM_separate,0.9244464559682977,1.0540003531818738,-1,-1,0.8230562677926231,0.5020263777478986,{'n_estimators': 50},0.02566447023741907
