,Gas,Model_name,CV_r2,CV_mse,test_r2_total_model,test_mse_by_total_model,test_r2_separa_model,test_mse_separa_model,best_param,kpg_pca_mse
0,CO2,ETR_separate,0.8900763216425032,1.3049798211164396,-1,-1,0.9315785889126476,0.3432891289692116,{'n_estimators': 200},0.02872201309012636
1,CO2,LGBM_separate,0.8795794511513837,1.4249307389112864,-1,-1,0.8968959256411837,0.5609115404132765,"{'learning_rate': 0.5, 'n_estimators': 200, 'num_leaves': 30}",0.02872201309012636
2,CO2,BGLGBM_separate,0.8960740819140076,1.2234383592728615,-1,-1,0.9314851614209279,0.3247548606256294,{'n_estimators': 30},0.02872201309012636
