,Gas,Model_name,CV_r2,CV_mse,test_r2_total_model,test_mse_by_total_model,test_r2_separa_model,test_mse_separa_model,best_param,kpg_pca_mse
0,CO2,ETR_separate,0.8757606622906051,1.9052456603958987,-1,-1,0.7857246571203023,0.6378754682492546,{'n_estimators': 200},0.02646086767992269
1,CO2,LGBM_separate,0.8406207705499856,2.3565716098483107,-1,-1,0.7727277792020877,0.8244509261441328,"{'learning_rate': 0.5, 'n_estimators': 200, 'num_leaves': 20}",0.02646086767992269
2,CO2,BGLGBM_separate,0.8699574960358797,1.957419058005741,-1,-1,0.7700965209505836,0.7115640781501056,{'n_estimators': 50},0.02646086767992269
