,Gas,Model_name,CV_r2,CV_mse,test_r2_total_model,test_mse_by_total_model,test_r2_separa_model,test_mse_separa_model,best_param,kpg_pca_mse
0,CO2,ETR_separate,0.9212805243783804,1.1638203542736765,-1,-1,0.894872381223452,1.0807212617766655,{'n_estimators': 180},0.026760711468582655
1,CO2,LGBM_separate,0.9087563255576547,1.3536247469969545,-1,-1,0.8483408630128279,1.5678254725503944,"{'learning_rate': 0.5, 'n_estimators': 200, 'num_leaves': 20}",0.026760711468582655
2,CO2,BGLGBM_separate,0.9159127763198198,1.2360612747814952,-1,-1,0.8790940456408814,1.2233768229557886,{'n_estimators': 50},0.026760711468582655
