,Gas,Model_name,CV_r2,CV_mse,test_r2_total_model,test_mse_by_total_model,test_r2_separa_model,test_mse_separa_model,best_param,kpg_pca_mse
0,CO2,ETR_separate,0.9414235540865871,0.7781388975967247,-1,-1,0.909389827510288,0.8937532811383695,{'n_estimators': 200},0.020911032138876053
1,CO2,LGBM_separate,0.9401236653354376,0.8010008862631771,-1,-1,0.8782283093382339,1.095921659479514,"{'learning_rate': 0.5, 'n_estimators': 200, 'num_leaves': 50}",0.020911032138876053
2,CO2,BGLGBM_separate,0.9475183734749886,0.7015685425920847,-1,-1,0.8872998179260857,1.0256815442825222,{'n_estimators': 50},0.020911032138876053
