,Gas,Model_name,CV_r2,CV_mse,test_r2_total_model,test_mse_by_total_model,test_r2_separa_model,test_mse_separa_model,best_param,kpg_pca_mse
0,CO2,ETR_separate,0.933404051658898,0.838884305845589,-1,-1,0.9483248438104049,0.6803205847275794,{'n_estimators': 180},0.02222577857907216
1,CO2,LGBM_separate,0.9262381863143121,0.9330820969984334,-1,-1,0.9453602317624167,0.7420798771568945,"{'learning_rate': 0.5, 'n_estimators': 200, 'num_leaves': 50}",0.02222577857907216
2,CO2,BGLGBM_separate,0.9368966661047139,0.7955744156730621,-1,-1,0.9561973062343017,0.5411779128257672,{'n_estimators': 50},0.02222577857907216
