,Gas,Model_name,CV_r2,CV_mse,test_r2_total_model,test_mse_by_total_model,test_r2_separa_model,test_mse_separa_model,best_param,kpg_pca_mse
0,CO2,ETR_separate,0.9191872398624849,1.1230149129743685,-1,-1,0.8995464343503636,0.9828577881330023,{'n_estimators': 200},0.026038710377276952
1,CO2,LGBM_separate,0.8989370102454419,1.4166896189716192,-1,-1,0.82843705526269,1.6486534518005584,"{'learning_rate': 0.5, 'n_estimators': 200, 'num_leaves': 50}",0.026038710377276952
2,CO2,BGLGBM_separate,0.918893929164805,1.1405923396903186,-1,-1,0.86492164879618,1.2657416716476493,{'n_estimators': 30},0.026038710377276952
