,Gas,Model_name,CV_r2,CV_mse,test_r2_total_model,test_mse_by_total_model,test_r2_separa_model,test_mse_separa_model,best_param,kpg_pca_mse
0,CO2,ETR_separate,0.9248318074272003,1.1473135667962977,-1,-1,0.9229973834752226,0.6330515935896375,{'n_estimators': 200},0.025381967994313193
1,CO2,LGBM_separate,0.920129485418208,1.2834929897671512,-1,-1,0.9070544967926628,0.7751422781047128,"{'learning_rate': 0.5, 'n_estimators': 200, 'num_leaves': 50}",0.025381967994313193
2,CO2,BGLGBM_separate,0.9275293624547857,1.1525706809892982,-1,-1,0.913636956593345,0.6025365991308071,{'n_estimators': 10},0.025381967994313193
