,Gas,Model_name,CV_r2,CV_mse,test_r2_total_model,test_mse_by_total_model,test_r2_separa_model,test_mse_separa_model,best_param,kpg_pca_mse
0,CO2,ETR_separate,0.9354647177712208,0.8483467949017024,-1,-1,0.9770757879997438,0.7322499113272362,{'n_estimators': 180},0.018766405052552722
1,CO2,LGBM_separate,0.9349275035421307,0.8745008466816282,-1,-1,0.9777066899045327,0.7308892256115834,"{'learning_rate': 0.5, 'n_estimators': 200, 'num_leaves': 50}",0.018766405052552722
2,CO2,BGLGBM_separate,0.9439740843664328,0.7461827751258301,-1,-1,0.9777672477253887,0.719736705931887,{'n_estimators': 50},0.018766405052552722
