,Gas,Model_name,CV_r2,CV_mse,test_r2_total_model,test_mse_by_total_model,test_r2_separa_model,test_mse_separa_model,best_param,kpg_pca_mse
0,CO2,ETR_separate,0.9387594365328141,0.8915475506213678,-1,-1,0.928475539038047,0.6561589747907791,{'n_estimators': 180},0.020636204633371437
1,CO2,LGBM_separate,0.9367395504103744,0.920157562498378,-1,-1,0.9299213016701755,0.5424104917107969,"{'learning_rate': 0.5, 'n_estimators': 200, 'num_leaves': 50}",0.020636204633371437
2,CO2,BGLGBM_separate,0.9449728535718014,0.8021428387521773,-1,-1,0.946533125039745,0.4145840410697237,{'n_estimators': 50},0.020636204633371437
