,Gas,Model_name,CV_r2,CV_mse,test_r2_total_model,test_mse_by_total_model,test_r2_separa_model,test_mse_separa_model,best_param,kpg_pca_mse
0,CO2,ETR_separate,0.9266884425462709,1.0455339591309474,-1,-1,0.9267975277671274,0.3478186144650972,{'n_estimators': 180},0.025628252995626717
1,CO2,LGBM_separate,0.9157585394507357,1.1896482135113131,-1,-1,0.9204299041621465,0.3745975634834607,"{'learning_rate': 0.5, 'n_estimators': 200, 'num_leaves': 50}",0.025628252995626717
2,CO2,BGLGBM_separate,0.9304336622865691,0.9920610255608964,-1,-1,0.9362712823147231,0.2851924705638635,{'n_estimators': 30},0.025628252995626717
