,Gas,Model_name,CV_r2,CV_mse,test_r2_total_model,test_mse_by_total_model,test_r2_separa_model,test_mse_separa_model,best_param,kpg_pca_mse
0,CO2,ETR_separate,0.9250333739989058,1.0481473691628154,-1,-1,0.9498195886286095,1.2299388697976854,{'n_estimators': 200},0.02445317857268831
1,CO2,LGBM_separate,0.9182636605680556,1.117024842704048,-1,-1,0.9732948646949064,0.6447932539631066,"{'learning_rate': 0.5, 'n_estimators': 200, 'num_leaves': 50}",0.02445317857268831
2,CO2,BGLGBM_separate,0.9311953078311734,0.9611426250251155,-1,-1,0.981294742679887,0.43594872138925334,{'n_estimators': 50},0.02445317857268831
