,Gas,Model_name,CV_r2,CV_mse,test_r2_total_model,test_mse_by_total_model,test_r2_separa_model,test_mse_separa_model,best_param,kpg_pca_mse
0,CO2,ETR_separate,0.8385107571626709,1.4812666739564724,-1,-1,0.9143831047636395,0.6485565193248789,{'n_estimators': 200},0.03068994797764672
1,CO2,LGBM_separate,0.8160663678331019,1.7767453958935893,-1,-1,0.8893403171736675,0.7665576459632184,"{'learning_rate': 0.5, 'n_estimators': 200, 'num_leaves': 30}",0.03068994797764672
2,CO2,BGLGBM_separate,0.8392062177607933,1.5461924660759205,-1,-1,0.8794364276638409,0.8120282431954773,{'n_estimators': 50},0.03068994797764672
