,Gas,Model_name,CV_r2,CV_mse,test_r2_total_model,test_mse_by_total_model,test_r2_separa_model,test_mse_separa_model,best_param,kpg_pca_mse
0,CO2,ETR_separate,0.8612888417004168,1.595717150075184,-1,-1,0.9541773857107333,1.0750960898160422,{'n_estimators': 120},0.031851864153713334
1,CO2,LGBM_separate,0.8394818676436344,1.5940197819406152,-1,-1,0.9535605530366726,1.0975614300740801,"{'learning_rate': 0.5, 'n_estimators': 200, 'num_leaves': 10}",0.031851864153713334
2,CO2,BGLGBM_separate,0.8719850128871082,1.4514074872698557,-1,-1,0.9546047132616834,0.8664864009077472,{'n_estimators': 30},0.031851864153713334
