,Gas,Model_name,CV_r2,CV_mse,test_r2_total_model,test_mse_by_total_model,test_r2_separa_model,test_mse_separa_model,best_param,kpg_pca_mse
0,CO2,ETR_separate,0.8685116728717496,1.4188517542161816,-1,-1,0.956261147546449,1.6204451090750545,{'n_estimators': 180},0.02785801935810674
1,CO2,LGBM_separate,0.8621768339131977,1.4728607297040566,-1,-1,0.9335788365863388,2.3188448740390526,"{'learning_rate': 0.5, 'n_estimators': 200, 'num_leaves': 20}",0.02785801935810674
2,CO2,BGLGBM_separate,0.8651114964006055,1.4356857125158498,-1,-1,0.9498942388222895,1.5594147036801598,{'n_estimators': 10},0.02785801935810674
