,Gas,Model_name,CV_r2,CV_mse,test_r2_total_model,test_mse_by_total_model,test_r2_separa_model,test_mse_separa_model,best_param,kpg_pca_mse
0,CO2,ETR_separate,0.9293586861415543,0.9764408925081745,-1,-1,0.9826247109231547,0.6113241718219785,{'n_estimators': 180},0.02159668097359656
1,CO2,LGBM_separate,0.9223314865740916,1.0725760727124496,-1,-1,0.9528873489902685,1.5337727380217,"{'learning_rate': 0.5, 'n_estimators': 200, 'num_leaves': 50}",0.02159668097359656
2,CO2,BGLGBM_separate,0.9359629504297965,0.8911276624404311,-1,-1,0.9692882635979345,0.97281283409004,{'n_estimators': 50},0.02159668097359656
