,Gas,Model_name,CV_r2,CV_mse,test_r2_total_model,test_mse_by_total_model,test_r2_separa_model,test_mse_separa_model,best_param,kpg_pca_mse
0,CO2,ETR_separate,0.9351617049854068,0.8541821003440893,-1,-1,0.9471649039880168,0.9782875268380591,{'n_estimators': 200},0.019019485953709482
1,CO2,LGBM_separate,0.9359168999012647,0.849500161074811,-1,-1,0.9635187059210988,0.6461396740528944,"{'learning_rate': 0.5, 'n_estimators': 200, 'num_leaves': 50}",0.019019485953709482
2,CO2,BGLGBM_separate,0.9397587177375704,0.8017128671180209,-1,-1,0.9675719495368896,0.5683234754385796,{'n_estimators': 30},0.019019485953709482
