,Gas,Model_name,CV_r2,CV_mse,test_r2_total_model,test_mse_by_total_model,test_r2_separa_model,test_mse_separa_model,best_param,kpg_pca_mse
0,CO2,ETR_separate,0.9348461029711375,0.9031882669681538,-1,-1,0.9286707702431536,0.3500129222054388,{'n_estimators': 180},0.021690346986553623
1,CO2,LGBM_separate,0.9363945128290915,0.8830075142003357,-1,-1,0.8957474700487709,0.43333944791932905,"{'learning_rate': 0.5, 'n_estimators': 200, 'num_leaves': 50}",0.021690346986553623
2,CO2,BGLGBM_separate,0.9435240668662386,0.7824118937370297,-1,-1,0.9422423642821779,0.26378595410400657,{'n_estimators': 50},0.021690346986553623
