,Gas,Model_name,CV_r2,CV_mse,test_r2_total_model,test_mse_by_total_model,test_r2_separa_model,test_mse_separa_model,best_param,kpg_pca_mse
0,CO2,ETR_separate,0.9286866789576675,0.9255601473784631,-1,-1,0.9427467604793047,1.0696489650438394,{'n_estimators': 180},0.02500654885405503
1,CO2,LGBM_separate,0.9217007344143641,1.0065411885276299,-1,-1,0.9614377493760506,0.8137059700186685,"{'learning_rate': 0.5, 'n_estimators': 200, 'num_leaves': 50}",0.02500654885405503
2,CO2,BGLGBM_separate,0.9326706982949844,0.8723717506355648,-1,-1,0.95773445771073,0.8152909069522383,{'n_estimators': 50},0.02500654885405503
