,Gas,Model_name,CV_r2,CV_mse,test_r2_total_model,test_mse_by_total_model,test_r2_separa_model,test_mse_separa_model,best_param,kpg_pca_mse
0,CO2,ETR_separate,0.9386611793951214,0.812203894036136,-1,-1,0.9405983715345785,0.48395859764531896,{'n_estimators': 180},0.018593016849961397
1,CO2,LGBM_separate,0.9458707133192181,0.7164763767575749,-1,-1,0.9586961962692473,0.3056278685635825,"{'learning_rate': 0.5, 'n_estimators': 200, 'num_leaves': 50}",0.018593016849961397
2,CO2,BGLGBM_separate,0.9496849482921451,0.6657908336137921,-1,-1,0.9552912869377761,0.3628497758044909,{'n_estimators': 50},0.018593016849961397
