,Gas,Model_name,CV_r2,CV_mse,test_r2_total_model,test_mse_by_total_model,test_r2_separa_model,test_mse_separa_model,best_param,kpg_pca_mse
0,CO2,ETR_separate,0.9336036736555389,0.92911501855571,-1,-1,0.6631856035643751,0.776801486790022,{'n_estimators': 180},0.028485423820435035
1,CO2,LGBM_separate,0.9375532738352345,0.868249191610434,-1,-1,0.8695996786762247,0.3411906837846502,"{'learning_rate': 0.5, 'n_estimators': 200, 'num_leaves': 50}",0.028485423820435035
2,CO2,BGLGBM_separate,0.9435689308901191,0.7848296719656052,-1,-1,0.8362643594750656,0.40435334754024094,{'n_estimators': 30},0.028485423820435035
