,Gas,Model_name,CV_r2,CV_mse,test_r2_total_model,test_mse_by_total_model,test_r2_separa_model,test_mse_separa_model,best_param,kpg_pca_mse
0,CO2,ETR_separate,0.9392537774984723,0.800910357444576,-1,-1,0.8594137076001052,0.7955286574739859,{'n_estimators': 200},0.019593637269988987
1,CO2,LGBM_separate,0.943702635812388,0.7422535482104091,-1,-1,0.8540797885949,0.9043864280340447,"{'learning_rate': 0.5, 'n_estimators': 200, 'num_leaves': 50}",0.019593637269988987
2,CO2,BGLGBM_separate,0.9477770407569711,0.6907071938159638,-1,-1,0.8736696760823643,0.7257286504441318,{'n_estimators': 50},0.019593637269988987
