,Gas,Model_name,CV_r2,CV_mse,test_r2_total_model,test_mse_by_total_model,test_r2_separa_model,test_mse_separa_model,best_param,kpg_pca_mse
0,CO2,ETR_separate,0.9370097152698786,0.8623437574291106,-1,-1,0.9273239454650265,0.6583548818996786,{'n_estimators': 180},0.02042433140716372
1,CO2,LGBM_separate,0.9398140850087422,0.8287069988631544,-1,-1,0.9400883093531328,0.4274738431438296,"{'learning_rate': 0.5, 'n_estimators': 200, 'num_leaves': 50}",0.02042433140716372
2,CO2,BGLGBM_separate,0.9442079528817457,0.7676755835342259,-1,-1,0.9505954843255822,0.38449799468510026,{'n_estimators': 50},0.02042433140716372
