,Gas,Model_name,CV_r2,CV_mse,test_r2_total_model,test_mse_by_total_model,test_r2_separa_model,test_mse_separa_model,best_param,kpg_pca_mse
0,CO2,ETR_separate,0.9413096335890586,0.7810942991043734,-1,-1,0.9435524233841992,1.0725726130966249,{'n_estimators': 180},0.020388021561655666
1,CO2,LGBM_separate,0.9408154569705898,0.7893887563948899,-1,-1,0.9648751863785904,0.6534769404828977,"{'learning_rate': 0.5, 'n_estimators': 200, 'num_leaves': 50}",0.020388021561655666
2,CO2,BGLGBM_separate,0.9447651116787898,0.7374051563637721,-1,-1,0.9610807969401239,0.7296289043604011,{'n_estimators': 50},0.020388021561655666
