,Gas,Model_name,CV_r2,CV_mse,test_r2_total_model,test_mse_by_total_model,test_r2_separa_model,test_mse_separa_model,best_param,kpg_pca_mse
0,CO2,ETR_separate,0.9182392107374051,1.0878463454050382,-1,-1,0.9252904336744782,0.3575027306439394,{'n_estimators': 180},0.027924140947259146
1,CO2,LGBM_separate,0.9182054910637966,1.0795795653952882,-1,-1,0.9141127165777277,0.40553842072151675,"{'learning_rate': 0.5, 'n_estimators': 200, 'num_leaves': 30}",0.027924140947259146
2,CO2,BGLGBM_separate,0.9268210016423142,0.977775566978486,-1,-1,0.9262680942815624,0.33651204426101594,{'n_estimators': 50},0.027924140947259146
