,Gas,Model_name,CV_r2,CV_mse,test_r2_total_model,test_mse_by_total_model,test_r2_separa_model,test_mse_separa_model,best_param,kpg_pca_mse
0,CO2,ETR_separate,0.9365603782903781,0.8214470112395921,-1,-1,0.9190435928733018,0.8055003602972572,{'n_estimators': 200},0.018549529383995497
1,CO2,LGBM_separate,0.9428887442557722,0.7408625017694249,-1,-1,0.8925149448580543,1.0136805162900644,"{'learning_rate': 0.5, 'n_estimators': 200, 'num_leaves': 50}",0.018549529383995497
2,CO2,BGLGBM_separate,0.9492455007787879,0.6635164348386237,-1,-1,0.9042271948238809,0.8758620817723574,{'n_estimators': 50},0.018549529383995497
