,Gas,Model_name,CV_r2,CV_mse,test_r2_total_model,test_mse_by_total_model,test_r2_separa_model,test_mse_separa_model,best_param,kpg_pca_mse
0,CO2,ETR_separate,0.9204376631670691,0.9233356085952936,-1,-1,0.8832333829964911,0.6930268770159524,{'n_estimators': 200},0.03747823814492607
1,CO2,LGBM_separate,0.8829224507095856,1.3778532979945104,-1,-1,0.8503907959396948,0.9861414811617755,"{'learning_rate': 0.5, 'n_estimators': 200, 'num_leaves': 30}",0.03747823814492607
2,CO2,BGLGBM_separate,0.8955639443958165,1.2480308086601966,-1,-1,0.8460168275460351,1.0923858728706064,{'n_estimators': 30},0.03747823814492607
