,Gas,Model_name,CV_r2,CV_mse,test_r2_total_model,test_mse_by_total_model,test_r2_separa_model,test_mse_separa_model,best_param,kpg_pca_mse
0,CO2,ETR_separate,0.7268048654471734,5.684929060068968,-1,-1,0.8144286159297799,2.1127936314326403,{'n_estimators': 150},0.042549052036633936
1,CO2,LGBM_separate,0.6236466010789184,7.77619686469618,-1,-1,0.5717259746202492,3.550906722864454,"{'learning_rate': 1, 'n_estimators': 200, 'num_leaves': 20}",0.042549052036633936
2,CO2,BGLGBM_separate,0.7148788583341279,6.067252954279391,-1,-1,0.7970317534302834,2.458279976403187,{'n_estimators': 50},0.042549052036633936
