,Gas,Model_name,CV_r2,CV_mse,test_r2_total_model,test_mse_by_total_model,test_r2_separa_model,test_mse_separa_model,best_param,kpg_pca_mse
0,CO2,ETR_separate,0.9331598988503333,0.9828065608997905,-1,-1,0.9333213403169741,0.3318504184243958,{'n_estimators': 200},0.02429173466518305
1,CO2,LGBM_separate,0.9338013158346528,0.9770860345317631,-1,-1,0.9026608518321418,0.43104650274228945,"{'learning_rate': 0.5, 'n_estimators': 200, 'num_leaves': 50}",0.02429173466518305
2,CO2,BGLGBM_separate,0.9412139081405263,0.8679373215245739,-1,-1,0.930369240017357,0.2993871416412664,{'n_estimators': 50},0.02429173466518305
