,Gas,Model_name,CV_r2,CV_mse,test_r2_total_model,test_mse_by_total_model,test_r2_separa_model,test_mse_separa_model,best_param,kpg_pca_mse
0,CO2,ETR_separate,0.9411027393656577,0.8392594001335327,-1,-1,0.8203690860787856,0.5382193981005452,{'n_estimators': 200},0.02146125138814802
1,CO2,LGBM_separate,0.9414458123849254,0.8371681782968035,-1,-1,0.8896656741600755,0.37272692567965393,"{'learning_rate': 0.5, 'n_estimators': 200, 'num_leaves': 50}",0.02146125138814802
2,CO2,BGLGBM_separate,0.9491601447150348,0.731799073200758,-1,-1,0.8508989194716239,0.4511985309960548,{'n_estimators': 50},0.02146125138814802
