,Gas,Model_name,CV_r2,CV_mse,test_r2_total_model,test_mse_by_total_model,test_r2_separa_model,test_mse_separa_model,best_param,kpg_pca_mse
0,CO2,ETR_separate,0.9176005190783216,1.053331864103229,-1,-1,0.7670416927885826,4.712524780491477,{'n_estimators': 200},0.03023673851337195
1,CO2,LGBM_separate,0.901483934280115,1.2402434387918135,-1,-1,0.7959673204016937,4.532579681453488,"{'learning_rate': 0.5, 'n_estimators': 200, 'num_leaves': 30}",0.03023673851337195
2,CO2,BGLGBM_separate,0.9188673200785796,1.033734269396549,-1,-1,0.7657758172956035,4.777127172115302,{'n_estimators': 50},0.03023673851337195
