,Gas,Model_name,CV_r2,CV_mse,test_r2_total_model,test_mse_by_total_model,test_r2_separa_model,test_mse_separa_model,best_param,kpg_pca_mse
0,CO2,ETR_separate,0.9412612440074761,0.7998400625218316,-1,-1,0.9116175250248764,0.8816189030292708,{'n_estimators': 180},0.021069307676637516
1,CO2,LGBM_separate,0.9367836607049332,0.8511483033466252,-1,-1,0.814006839359874,1.575574247763788,"{'learning_rate': 0.5, 'n_estimators': 200, 'num_leaves': 50}",0.021069307676637516
2,CO2,BGLGBM_separate,0.9470038935678138,0.7166712988477358,-1,-1,0.878165866069945,1.1137367877032593,{'n_estimators': 50},0.021069307676637516
