,Gas,Model_name,CV_r2,CV_mse,test_r2_total_model,test_mse_by_total_model,test_r2_separa_model,test_mse_separa_model,best_param,kpg_pca_mse
0,CO2,ETR_separate,0.8923155404967564,1.777249472060161,-1,-1,0.8891214410394136,1.1547724505824608,{'n_estimators': 200},0.03394094175052718
1,CO2,LGBM_separate,0.8562294599727405,2.159589081253705,-1,-1,0.8793005870306515,1.7073554811845038,"{'learning_rate': 0.5, 'n_estimators': 200, 'num_leaves': 10}",0.03394094175052718
2,CO2,BGLGBM_separate,0.8744538932497379,1.9207736075139852,-1,-1,0.8715399529896258,1.5702776507396934,{'n_estimators': 50},0.03394094175052718
