,Gas,Model_name,CV_r2,CV_mse,test_r2_total_model,test_mse_by_total_model,test_r2_separa_model,test_mse_separa_model,best_param,kpg_pca_mse
0,CO2,ETR_separate,0.9369701700709294,0.944947968952437,-1,-1,0.8683473377376805,0.6956197746052601,{'n_estimators': 200},0.025116456806355065
1,CO2,LGBM_separate,0.9176311639379445,1.2742010500929122,-1,-1,0.8686418932719314,0.7114349949290796,"{'learning_rate': 0.5, 'n_estimators': 200, 'num_leaves': 30}",0.025116456806355065
2,CO2,BGLGBM_separate,0.9332558956445374,1.0243269715776755,-1,-1,0.8841749925722097,0.6243769436563581,{'n_estimators': 50},0.025116456806355065
