,Gas,Model_name,CV_r2,CV_mse,test_r2_total_model,test_mse_by_total_model,test_r2_separa_model,test_mse_separa_model,best_param,kpg_pca_mse
0,CO2,ETR_separate,0.9348163729281433,0.8043339198990139,-1,-1,0.9512306725234461,0.6575744664285029,{'n_estimators': 180},0.020764687795950997
1,CO2,LGBM_separate,0.9337741412954588,0.8255469800170925,-1,-1,0.9535967742295239,0.6675081736393143,"{'learning_rate': 0.5, 'n_estimators': 200, 'num_leaves': 50}",0.020764687795950997
2,CO2,BGLGBM_separate,0.9423341099868201,0.7161700609633298,-1,-1,0.9630083396632414,0.49864211047186785,{'n_estimators': 50},0.020764687795950997
