,Gas,Model_name,CV_r2,CV_mse,test_r2_total_model,test_mse_by_total_model,test_r2_separa_model,test_mse_separa_model,best_param,kpg_pca_mse
0,CO2,ETR_separate,0.9337418689465375,0.8385516685104667,-1,-1,0.97105620933816,0.920470032643095,{'n_estimators': 200},0.02014627411998755
1,CO2,LGBM_separate,0.9360011503069519,0.8162851195595069,-1,-1,0.9780705710155149,0.6956944360567511,"{'learning_rate': 0.5, 'n_estimators': 200, 'num_leaves': 50}",0.02014627411998755
2,CO2,BGLGBM_separate,0.941976919179312,0.7340587788803525,-1,-1,0.9757533936553302,0.7930334067939704,{'n_estimators': 50},0.02014627411998755
