,Gas,Model_name,CV_r2,CV_mse,test_r2_total_model,test_mse_by_total_model,test_r2_separa_model,test_mse_separa_model,best_param,kpg_pca_mse
0,CO2,ETR_separate,0.8630844914170076,0.9221790014200358,-1,-1,0.7066571837881452,3.4012511937439274,{'n_estimators': 180},0.04866089539188024
1,CO2,LGBM_separate,0.8303670270979062,1.2207524355711485,-1,-1,0.7166175709120992,3.8010307288447702,"{'learning_rate': 0.1, 'n_estimators': 200, 'num_leaves': 10}",0.04866089539188024
2,CO2,BGLGBM_separate,0.8523645200020471,1.105440656475846,-1,-1,0.7107244342949233,3.611806088000657,{'n_estimators': 30},0.04866089539188024
