,Gas,Model_name,CV_r2,CV_mse,test_r2_total_model,test_mse_by_total_model,test_r2_separa_model,test_mse_separa_model,best_param,kpg_pca_mse
0,CO2,ETR_separate,0.9336113601861185,0.8324959879544943,-1,-1,0.9718746552656892,0.906139168951464,{'n_estimators': 180},0.020102395955832512
1,CO2,LGBM_separate,0.9329077973009747,0.8354701704431111,-1,-1,0.9715511657173264,0.9491362054720842,"{'learning_rate': 0.5, 'n_estimators': 200, 'num_leaves': 50}",0.020102395955832512
2,CO2,BGLGBM_separate,0.9403251710421212,0.7544300443670965,-1,-1,0.974526682679162,0.8246431525259085,{'n_estimators': 50},0.020102395955832512
