,Gas,Model_name,CV_r2,CV_mse,test_r2_total_model,test_mse_by_total_model,test_r2_separa_model,test_mse_separa_model,best_param,kpg_pca_mse
0,CO2,ETR_separate,0.9406456157100861,0.7485420587547265,-1,-1,0.9444167377374119,1.0731898968540758,{'n_estimators': 200},0.021388945192705948
1,CO2,LGBM_separate,0.9357629488556917,0.8356960534346463,-1,-1,0.9416008086538015,1.301268769560242,"{'learning_rate': 0.5, 'n_estimators': 200, 'num_leaves': 50}",0.021388945192705948
2,CO2,BGLGBM_separate,0.9412922446225789,0.754054697237404,-1,-1,0.9641734774424672,0.6659303394919068,{'n_estimators': 10},0.021388945192705948
