,Gas,Model_name,CV_r2,CV_mse,test_r2_total_model,test_mse_by_total_model,test_r2_separa_model,test_mse_separa_model,best_param,kpg_pca_mse
0,CO2,ETR_separate,0.9348729749519773,0.8635030165885107,-1,-1,0.9202560512784416,0.37105974397016245,{'n_estimators': 180},0.023443141926150258
1,CO2,LGBM_separate,0.9231675648084628,1.0249081882238968,-1,-1,0.8490209339075879,0.7215807531861843,"{'learning_rate': 0.5, 'n_estimators': 200, 'num_leaves': 50}",0.023443141926150258
2,CO2,BGLGBM_separate,0.9328491795126688,0.8930097309412787,-1,-1,0.8849233249637252,0.5402600337204078,{'n_estimators': 30},0.023443141926150258
