,Gas,Model_name,CV_r2,CV_mse,test_r2_total_model,test_mse_by_total_model,test_r2_separa_model,test_mse_separa_model,best_param,kpg_pca_mse
0,CO2,ETR_separate,0.9240818006971644,0.9253903116448697,-1,-1,0.8708607710971771,0.8431573770233848,{'n_estimators': 180},0.022478100307734943
1,CO2,LGBM_separate,0.9197730305205305,0.9749950744329524,-1,-1,0.885911816191948,0.7357824033505775,"{'learning_rate': 0.5, 'n_estimators': 200, 'num_leaves': 50}",0.022478100307734943
2,CO2,BGLGBM_separate,0.935955208596947,0.7802543878361219,-1,-1,0.8877076260942742,0.7170375276031685,{'n_estimators': 50},0.022478100307734943
