,Gas,Model_name,CV_r2,CV_mse,test_r2_total_model,test_mse_by_total_model,test_r2_separa_model,test_mse_separa_model,best_param,kpg_pca_mse
0,CO2,ETR_separate,0.9318890960334404,0.8704947050663009,-1,-1,0.9077575733597667,0.41395221079100425,{'n_estimators': 180},0.02132680172701197
1,CO2,LGBM_separate,0.9257478273234918,0.9492876176184193,-1,-1,0.8745877104732144,0.5830804988341327,"{'learning_rate': 0.5, 'n_estimators': 200, 'num_leaves': 50}",0.02132680172701197
2,CO2,BGLGBM_separate,0.9383134804747618,0.7910304354307833,-1,-1,0.9006908560551108,0.44773504153501703,{'n_estimators': 30},0.02132680172701197
