,Gas,Model_name,CV_r2,CV_mse,test_r2_total_model,test_mse_by_total_model,test_r2_separa_model,test_mse_separa_model,best_param,kpg_pca_mse
0,CO2,ETR_separate,0.9248254998585026,1.0571927830018821,-1,-1,0.9363978195428487,0.3132643901733515,{'n_estimators': 180},0.024745325306168502
1,CO2,LGBM_separate,0.9239624201241515,1.0640375924696144,-1,-1,0.8701891882915402,0.5367065058918963,"{'learning_rate': 0.5, 'n_estimators': 200, 'num_leaves': 50}",0.024745325306168502
2,CO2,BGLGBM_separate,0.9315005962854904,0.9462723562139306,-1,-1,0.9302477655659637,0.2959514532538404,{'n_estimators': 30},0.024745325306168502
