,Gas,Model_name,CV_r2,CV_mse,test_r2_total_model,test_mse_by_total_model,test_r2_separa_model,test_mse_separa_model,best_param,kpg_pca_mse
0,CO2,ETR_separate,0.9255122883804623,0.9114161041392169,-1,-1,0.8961174803416673,1.0052488114006837,{'n_estimators': 180},0.02524578097283729
1,CO2,LGBM_separate,0.9206891938534127,0.9890094652395467,-1,-1,0.8230707193716413,1.6244538583924377,"{'learning_rate': 0.5, 'n_estimators': 200, 'num_leaves': 50}",0.02524578097283729
2,CO2,BGLGBM_separate,0.930874843251407,0.8540285173833289,-1,-1,0.8897532807840038,1.0458826278174371,{'n_estimators': 50},0.02524578097283729
