,Gas,Model_name,CV_r2,CV_mse,test_r2_total_model,test_mse_by_total_model,test_r2_separa_model,test_mse_separa_model,best_param,kpg_pca_mse
0,CO2,ETR_separate,0.9380342530024022,0.8067507781403578,-1,-1,0.8633363466274077,0.7691741485388165,{'n_estimators': 200},0.019445014825815087
1,CO2,LGBM_separate,0.9397608536242785,0.8057383368275041,-1,-1,0.8590611776487828,0.8656696107977335,"{'learning_rate': 0.5, 'n_estimators': 200, 'num_leaves': 50}",0.019445014825815087
2,CO2,BGLGBM_separate,0.9467091045481097,0.7137833569326317,-1,-1,0.874530660239111,0.726230604006973,{'n_estimators': 10},0.019445014825815087
