,Gas,Model_name,CV_r2,CV_mse,test_r2_total_model,test_mse_by_total_model,test_r2_separa_model,test_mse_separa_model,best_param,kpg_pca_mse
0,CO2,ETR_separate,0.9245264264373747,1.0645619350867639,-1,-1,0.9332484949509882,0.32528751375551795,{'n_estimators': 200},0.024598889565260237
1,CO2,LGBM_separate,0.9127381339344864,1.2395504240642778,-1,-1,0.9066443889816684,0.4328956756363915,"{'learning_rate': 0.5, 'n_estimators': 200, 'num_leaves': 50}",0.024598889565260237
2,CO2,BGLGBM_separate,0.9266300566660682,1.0407579355568377,-1,-1,0.9341355777464255,0.2835067307741611,{'n_estimators': 50},0.024598889565260237
