,Gas,Model_name,CV_r2,CV_mse,test_r2_total_model,test_mse_by_total_model,test_r2_separa_model,test_mse_separa_model,best_param,kpg_pca_mse
0,CO2,ETR_separate,0.9186879989096445,1.1366073714109326,-1,-1,0.9411560479167196,0.5605916028826112,{'n_estimators': 120},0.029461299659137317
1,CO2,LGBM_separate,0.8945231518309512,1.4584060919223825,-1,-1,0.9300809740416298,0.6657156459979695,"{'learning_rate': 0.5, 'n_estimators': 200, 'num_leaves': 30}",0.029461299659137317
2,CO2,BGLGBM_separate,0.910076345993587,1.262431034232279,-1,-1,0.9399514893885088,0.53922701232547,{'n_estimators': 50},0.029461299659137317
