,Gas,Model_name,CV_r2,CV_mse,test_r2_total_model,test_mse_by_total_model,test_r2_separa_model,test_mse_separa_model,best_param,kpg_pca_mse
0,CO2,ETR_separate,0.9374324835525716,0.9129358215876243,-1,-1,0.868332496945015,0.6986262240223124,{'n_estimators': 200},0.026120870955491177
1,CO2,LGBM_separate,0.9229408599111524,1.1361392562599764,-1,-1,0.8636264588995912,0.8092308790446604,"{'learning_rate': 0.5, 'n_estimators': 200, 'num_leaves': 30}",0.026120870955491177
2,CO2,BGLGBM_separate,0.9323347260695704,1.016742775353698,-1,-1,0.8913462807249353,0.5865510892768248,{'n_estimators': 50},0.026120870955491177
