,Gas,Model_name,CV_r2,CV_mse,test_r2_total_model,test_mse_by_total_model,test_r2_separa_model,test_mse_separa_model,best_param,kpg_pca_mse
0,CO2,ETR_separate,0.9347069647406026,0.8499397835074751,-1,-1,0.9173090950416234,0.36507686453694893,{'n_estimators': 180},0.020676545971255948
1,CO2,LGBM_separate,0.9364876431733677,0.8325598314079317,-1,-1,0.9283747023848054,0.38122936064718566,"{'learning_rate': 0.5, 'n_estimators': 200, 'num_leaves': 50}",0.020676545971255948
2,CO2,BGLGBM_separate,0.945382380008083,0.7125918552129662,-1,-1,0.9232586102866046,0.36440587245199973,{'n_estimators': 50},0.020676545971255948
