,Gas,Model_name,CV_r2,CV_mse,test_r2_total_model,test_mse_by_total_model,test_r2_separa_model,test_mse_separa_model,best_param,kpg_pca_mse
0,CO2,ETR_separate,0.9180943489405378,1.002372033981557,-1,-1,0.962287571025271,0.903467570600347,{'n_estimators': 180},0.029637974282402734
1,CO2,LGBM_separate,0.9031911530219622,1.2037945525380318,-1,-1,0.9639935798643254,0.756635292985574,"{'learning_rate': 0.5, 'n_estimators': 200, 'num_leaves': 30}",0.029637974282402734
2,CO2,BGLGBM_separate,0.9121011252494625,1.1029257861563357,-1,-1,0.9738502382652979,0.5670823307343854,{'n_estimators': 50},0.029637974282402734
