,Gas,Model_name,CV_r2,CV_mse,test_r2_total_model,test_mse_by_total_model,test_r2_separa_model,test_mse_separa_model,best_param,kpg_pca_mse
0,CO2,ETR_separate,0.8989671337202285,1.0215227883199858,-1,-1,0.7312336485990939,5.089320852325862,{'n_estimators': 150},0.031102700634658358
1,CO2,LGBM_separate,0.8765743323198375,1.236629391905585,-1,-1,0.7136761136412286,5.24645693719838,"{'learning_rate': 0.5, 'n_estimators': 200, 'num_leaves': 50}",0.031102700634658358
2,CO2,BGLGBM_separate,0.9029715226699556,0.977855076095825,-1,-1,0.641402517050785,6.101511646527618,{'n_estimators': 30},0.031102700634658358
