,Gas,Model_name,CV_r2,CV_mse,test_r2_total_model,test_mse_by_total_model,test_r2_separa_model,test_mse_separa_model,best_param,kpg_pca_mse
0,CO2,ETR_separate,0.9361911558063521,0.8589033006145733,-1,-1,0.9383299553359535,0.5059371816505183,{'n_estimators': 200},0.01945949065767139
1,CO2,LGBM_separate,0.9396164774313561,0.8195434279921823,-1,-1,0.9545246513605182,0.33476608433070343,"{'learning_rate': 0.5, 'n_estimators': 200, 'num_leaves': 50}",0.01945949065767139
2,CO2,BGLGBM_separate,0.9462529320098924,0.7283722851028351,-1,-1,0.9550651792725382,0.35097099718201763,{'n_estimators': 30},0.01945949065767139
