,Gas,Model_name,CV_r2,CV_mse,test_r2_total_model,test_mse_by_total_model,test_r2_separa_model,test_mse_separa_model,best_param,kpg_pca_mse
0,CO2,ETR_separate,0.9180727014705722,1.0299821047061475,-1,-1,0.8742901565879103,0.8219395641384657,{'n_estimators': 180},0.022956168574952522
1,CO2,LGBM_separate,0.908226208461393,1.1559570198426425,-1,-1,0.8527650474741004,1.1566439363496037,"{'learning_rate': 0.5, 'n_estimators': 200, 'num_leaves': 30}",0.022956168574952522
2,CO2,BGLGBM_separate,0.9256883343112943,0.9402505489927984,-1,-1,0.8660561875598711,0.9652170712550907,{'n_estimators': 50},0.022956168574952522
