,CV_r2,CV_mse,test_r2_separa_model,test_mse_separa_model,kpg_pca_mse
0,0.8891822561965138,1.2311895826172041,0.8533664257626769,1.3232924312969707,0.032925342647164596
1,0.8748897711609461,1.381222177786185,0.8442549428335385,1.4976681996113883,0.032925342647164596
2,0.89040215341659,1.214810169055976,0.8588454939895841,1.2864908031385078,0.032925342647164596
