,CV_r2,CV_mse,test_r2_separa_model,test_mse_separa_model,kpg_pca_mse
0,0.9026562178217475,1.0891179927792638,0.8677589459403999,1.2205454976714876,0.03170063763658372
1,0.8912383034118764,1.211649911973688,0.8619308934377056,1.3020614724891562,0.03170063763658372
2,0.9068944582083972,1.0425231260369447,0.8775225885508864,1.153661757514842,0.03170063763658372
