,Gas,Model_name,CV_r2,CV_mse,test_r2_total_model,test_mse_by_total_model,test_r2_separa_model,test_mse_separa_model,best_param,kpg_pca_mse
0,Methane,ETR_separate,0.6796080654033501,2.39178649824619,-1,-1,0.7856841736073372,1.2699793848438083,{'n_estimators': 180},0.039255816594189
1,Methane,LGBM_separate,0.6845936634747851,2.3016948056846926,-1,-1,0.6252217563976195,2.690282138590485,"{'learning_rate': 0.5, 'n_estimators': 200, 'num_leaves': 20}",0.039255816594189
2,Methane,BGLGBM_separate,0.6838837334378092,2.2840589096018418,-1,-1,0.6588276999498737,2.171988014317623,{'n_estimators': 30},0.039255816594189
