,Gas,Model_name,CV_r2,CV_mse,test_r2_total_model,test_mse_by_total_model,test_r2_separa_model,test_mse_separa_model,best_param,kpg_pca_mse
0,Methane,ETR_separate,0.9176189055717746,0.9366113551606843,-1,-1,0.826259522237106,1.1552411558582696,{'n_estimators': 200},0.028950586544018293
1,Methane,LGBM_separate,0.916308423222463,0.9465810906505354,-1,-1,0.813733841430245,1.2154151219622191,"{'learning_rate': 0.5, 'n_estimators': 200, 'num_leaves': 50}",0.028950586544018293
2,Methane,BGLGBM_separate,0.9255398140468479,0.8451969128447324,-1,-1,0.8434920170190621,1.1006406751342386,{'n_estimators': 50},0.028950586544018293
