,Gas,Model_name,CV_r2,CV_mse,test_r2_total_model,test_mse_by_total_model,test_r2_separa_model,test_mse_separa_model,best_param,kpg_pca_mse
0,Methane,ETR_separate,0.9131180959063453,1.0166679247846062,-1,-1,0.7749671100336336,1.907778740196422,{'n_estimators': 180},0.031002106612186685
1,Methane,LGBM_separate,0.9032797076205048,1.1238507398305724,-1,-1,0.7967479435092428,2.032478438335285,"{'learning_rate': 0.5, 'n_estimators': 200, 'num_leaves': 50}",0.031002106612186685
2,Methane,BGLGBM_separate,0.9145624467006627,1.0040194349716116,-1,-1,0.8191799974780964,1.742873530951803,{'n_estimators': 50},0.031002106612186685
