,Gas,Model_name,CV_r2,CV_mse,test_r2_total_model,test_mse_by_total_model,test_r2_separa_model,test_mse_separa_model,best_param,kpg_pca_mse
0,Methane,ETR_separate,0.8777596757420467,1.2430830659505911,-1,-1,0.8700622692413161,1.4501133815964609,{'n_estimators': 200},0.032248869166577515
1,Methane,LGBM_separate,0.8563678304931667,1.44993825338426,-1,-1,0.8849747319885353,1.2852745277820594,"{'learning_rate': 0.5, 'n_estimators': 200, 'num_leaves': 50}",0.032248869166577515
2,Methane,BGLGBM_separate,0.8807410459375671,1.208451138661871,-1,-1,0.8898388274931153,1.2777472533382324,{'n_estimators': 50},0.032248869166577515
