,Gas,Model_name,CV_r2,CV_mse,test_r2_total_model,test_mse_by_total_model,test_r2_separa_model,test_mse_separa_model,best_param,kpg_pca_mse
0,Methane,ETR_separate,0.9226959335664426,0.9137135308668448,-1,-1,0.7430000615324461,2.0878771082185286,{'n_estimators': 200},0.033027266870811506
1,Methane,LGBM_separate,0.9071277238921505,1.0863119628808302,-1,-1,0.7211680948007599,2.5213175737698283,"{'learning_rate': 0.5, 'n_estimators': 200, 'num_leaves': 30}",0.033027266870811506
2,Methane,BGLGBM_separate,0.9156188952938711,0.9861550096802377,-1,-1,0.7174198950567223,2.413096738711048,{'n_estimators': 50},0.033027266870811506
