,Gas,Model_name,CV_r2,CV_mse,test_r2_total_model,test_mse_by_total_model,test_r2_separa_model,test_mse_separa_model,best_param,kpg_pca_mse
0,Methane,ETR_separate,0.7514048341046895,2.133948952070501,-1,-1,0.8749620570303649,1.0773530825564102,{'n_estimators': 150},0.039887660725075366
1,Methane,LGBM_separate,0.706644296237318,2.3930539106526787,-1,-1,0.8016250962108527,1.9055957161926382,"{'learning_rate': 0.5, 'n_estimators': 200, 'num_leaves': 10}",0.039887660725075366
2,Methane,BGLGBM_separate,0.7333291418611374,2.2160400021163777,-1,-1,0.8821390888411507,0.9860771694634656,{'n_estimators': 50},0.039887660725075366
