,Gas,Model_name,CV_r2,CV_mse,test_r2_total_model,test_mse_by_total_model,test_r2_separa_model,test_mse_separa_model,best_param,kpg_pca_mse
0,Methane,ETR_separate,0.902816592768519,1.071099707349762,-1,-1,0.8525660251084328,1.7957076040409545,{'n_estimators': 200},0.03126015045671414
1,Methane,LGBM_separate,0.9068594790535585,1.0190910232421866,-1,-1,0.8856980406621925,1.5798760584388263,"{'learning_rate': 0.5, 'n_estimators': 200, 'num_leaves': 50}",0.03126015045671414
2,Methane,BGLGBM_separate,0.9163655817696087,0.9177161134248696,-1,-1,0.9056561433628377,1.2937471983210775,{'n_estimators': 50},0.03126015045671414
