,Gas,Model_name,CV_r2,CV_mse,test_r2_total_model,test_mse_by_total_model,test_r2_separa_model,test_mse_separa_model,best_param,kpg_pca_mse
0,Methane,ETR_separate,0.9155478970161587,0.9551623893945864,-1,-1,0.8902502665227288,1.1606418479217795,{'n_estimators': 150},0.02873912716429103
1,Methane,LGBM_separate,0.9084403742822934,1.0341501330728209,-1,-1,0.8987554874178385,1.065188446183479,"{'learning_rate': 0.5, 'n_estimators': 200, 'num_leaves': 50}",0.02873912716429103
2,Methane,BGLGBM_separate,0.9230261427843152,0.8689505504329256,-1,-1,0.9033613506510111,0.978443385192479,{'n_estimators': 50},0.02873912716429103
