,Gas,Model_name,CV_r2,CV_mse,test_r2_total_model,test_mse_by_total_model,test_r2_separa_model,test_mse_separa_model,best_param,kpg_pca_mse
0,Methane,ETR_separate,0.8711149138638025,1.4607865620569078,-1,-1,0.9112231240326621,1.4036662063152394,{'n_estimators': 180},0.03369343052967706
1,Methane,LGBM_separate,0.8486998873645482,1.7040195487182932,-1,-1,0.8964155592168904,1.5367781888531469,"{'learning_rate': 0.5, 'n_estimators': 200, 'num_leaves': 50}",0.03369343052967706
2,Methane,BGLGBM_separate,0.8764706698094393,1.3921870101503904,-1,-1,0.9077110941778658,1.3760080550704494,{'n_estimators': 50},0.03369343052967706
