,Gas,Model_name,CV_r2,CV_mse,test_r2_total_model,test_mse_by_total_model,test_r2_separa_model,test_mse_separa_model,best_param,kpg_pca_mse
0,Methane,ETR_separate,0.9070961739538715,1.0672083143881474,-1,-1,0.9035687354994477,0.7976491305246437,{'n_estimators': 200},0.035522882647216945
1,Methane,LGBM_separate,0.8976460377243892,1.174016242386849,-1,-1,0.9216598557478205,0.704778821255381,"{'learning_rate': 0.5, 'n_estimators': 200, 'num_leaves': 30}",0.035522882647216945
2,Methane,BGLGBM_separate,0.9137007407711512,1.0160703100615776,-1,-1,0.9143226712384127,0.7341488929400415,{'n_estimators': 50},0.035522882647216945
