,Gas,Model_name,CV_r2,CV_mse,test_r2_total_model,test_mse_by_total_model,test_r2_separa_model,test_mse_separa_model,best_param,kpg_pca_mse
0,Methane,ETR_separate,0.8786033758768704,1.4269457507299066,-1,-1,0.8727291033805973,1.057084625334497,{'n_estimators': 200},0.037183370132311835
1,Methane,LGBM_separate,0.8390505638267285,1.816022061066748,-1,-1,0.8151205928875187,1.5956199247705294,"{'learning_rate': 0.5, 'n_estimators': 200, 'num_leaves': 30}",0.037183370132311835
2,Methane,BGLGBM_separate,0.8634925543400582,1.5365364582540117,-1,-1,0.8863029829043103,0.9404555045202988,{'n_estimators': 50},0.037183370132311835
