,Gas,Model_name,CV_r2,CV_mse,test_r2_total_model,test_mse_by_total_model,test_r2_separa_model,test_mse_separa_model,best_param,kpg_pca_mse
0,Methane,ETR_separate,0.9150980848233429,0.9727496890385101,-1,-1,0.9456342742705929,0.2722117911168999,{'n_estimators': 200},0.0290805257012274
1,Methane,LGBM_separate,0.9159433032622692,0.9649067946038808,-1,-1,0.9389579916512923,0.3619870513519898,"{'learning_rate': 0.5, 'n_estimators': 200, 'num_leaves': 50}",0.0290805257012274
2,Methane,BGLGBM_separate,0.924975443618227,0.8594638581104059,-1,-1,0.960505228069133,0.2217964832215083,{'n_estimators': 50},0.0290805257012274
