,Gas,Model_name,CV_r2,CV_mse,test_r2_total_model,test_mse_by_total_model,test_r2_separa_model,test_mse_separa_model,best_param,kpg_pca_mse
0,Methane,ETR_separate,0.9165972942684741,0.9433643173159865,-1,-1,0.7655142835020706,1.3858815009367105,{'n_estimators': 200},0.028989809509287163
1,Methane,LGBM_separate,0.9157278308652144,0.9565063753087291,-1,-1,0.7475316286480143,1.419881570776093,"{'learning_rate': 0.5, 'n_estimators': 200, 'num_leaves': 50}",0.028989809509287163
2,Methane,BGLGBM_separate,0.9273628177046213,0.8195757695375478,-1,-1,0.785241856306531,1.2756418828906226,{'n_estimators': 50},0.028989809509287163
