,Gas,Model_name,CV_r2,CV_mse,test_r2_total_model,test_mse_by_total_model,test_r2_separa_model,test_mse_separa_model,best_param,kpg_pca_mse
0,Methane,ETR_separate,0.9103713513115356,0.9449618600548828,-1,-1,0.9026654707065808,1.0061652732392914,{'n_estimators': 200},0.029876133590171623
1,Methane,LGBM_separate,0.9040876331689619,1.0169198333959433,-1,-1,0.9212281572402123,0.841030159425273,"{'learning_rate': 0.5, 'n_estimators': 200, 'num_leaves': 30}",0.029876133590171623
2,Methane,BGLGBM_separate,0.9188460902554031,0.8602496855413098,-1,-1,0.9240867393753696,0.7592834956102148,{'n_estimators': 50},0.029876133590171623
