,Gas,Model_name,CV_r2,CV_mse,test_r2_total_model,test_mse_by_total_model,test_r2_separa_model,test_mse_separa_model,best_param,kpg_pca_mse
0,Methane,ETR_separate,0.9147693880252341,0.9283953477464564,-1,-1,0.7632765276997853,1.785997796241907,{'n_estimators': 150},0.030796168346438956
1,Methane,LGBM_separate,0.9047484068433478,1.0402435897066773,-1,-1,0.7218706167297664,2.15304800436977,"{'learning_rate': 0.5, 'n_estimators': 200, 'num_leaves': 50}",0.030796168346438956
2,Methane,BGLGBM_separate,0.9240725215954558,0.8276126531946776,-1,-1,0.7455762645958195,1.930294992134366,{'n_estimators': 50},0.030796168346438956
