,Gas,Model_name,CV_r2,CV_mse,test_r2_total_model,test_mse_by_total_model,test_r2_separa_model,test_mse_separa_model,best_param,kpg_pca_mse
0,Methane,ETR_separate,0.9166844116405158,0.8938419821618504,-1,-1,0.8479004331406237,1.1715273240411461,{'n_estimators': 100},0.03226788486391985
1,Methane,LGBM_separate,0.9079273231852684,0.9915499465963867,-1,-1,0.8126548930866601,1.5289583090075163,"{'learning_rate': 0.5, 'n_estimators': 200, 'num_leaves': 50}",0.03226788486391985
2,Methane,BGLGBM_separate,0.9231441796833035,0.8256016112390622,-1,-1,0.792210545796672,1.663346284478214,{'n_estimators': 50},0.03226788486391985
