,Gas,Model_name,CV_r2,CV_mse,test_r2_total_model,test_mse_by_total_model,test_r2_separa_model,test_mse_separa_model,best_param
0,E&E,GBR_separate,0.9285970373108489,0.509369051680108,-1,-1,0.9421669107938286,0.4608470765682453,"{'learning_rate': 0.5, 'n_estimators': 200}"
1,E&E,ETR_separate,0.8813683782545023,0.8675814616468569,-1,-1,0.9024698806465219,0.7073120536224841,{'n_estimators': 120}
2,E&E,LGBM_separate,0.9186300626517732,0.5911827627260856,-1,-1,0.9438306669493224,0.4641316569509925,"{'learning_rate': 0.5, 'n_estimators': 200, 'num_leaves': 30}"
3,E&E,BGLGBM_separate,0.9237717296961666,0.5516470115907735,-1,-1,0.9443101695966535,0.4277460838963395,{'n_estimators': 30}
