,Gas,Model_name,CV_r2,CV_mse,test_r2_total_model,test_mse_by_total_model,test_r2_separa_model,test_mse_separa_model,best_param
0,E&E,GBR_separate,0.9273908023986241,0.5520636203135417,-1,-1,0.936687585661426,0.38860585505725653,"{'learning_rate': 0.5, 'n_estimators': 200}"
1,E&E,ETR_separate,0.8735602489852031,0.9551888442229751,-1,-1,0.8634247541070865,0.799309338364389,{'n_estimators': 200}
2,E&E,LGBM_separate,0.9215862992087608,0.5849154657230216,-1,-1,0.9479263132786462,0.3217096069032121,"{'learning_rate': 0.5, 'n_estimators': 200, 'num_leaves': 30}"
3,E&E,BGLGBM_separate,0.9245767659847643,0.5674754047298656,-1,-1,0.9437259012496841,0.33236305676371963,{'n_estimators': 50}
