,Gas,Model_name,CV_r2,CV_mse,test_r2_total_model,test_mse_by_total_model,test_r2_separa_model,test_mse_separa_model,best_param,kpg_pca_mse,kpg_pca_mse_added_other
0,CFCs,ETR_separate,0.9376040341443492,1.1281111629043012,-1,-1,0.9609808988623982,0.41399366951179645,{'n_estimators': 200},0.07945676862333081,0.06350620176158238
1,CFCs,LGBM_separate,0.9326260240377519,1.1925646647143533,-1,-1,0.9751861657749371,0.27726758771269233,"{'learning_rate': 0.5, 'n_estimators': 200, 'num_leaves': 10}",0.07945676862333081,0.06350620176158238
2,CFCs,BGLGBM_separate,0.9319942025481092,1.2382765838231347,-1,-1,0.9788687770167892,0.21870874814892413,{'n_estimators': 50},0.07945676862333081,0.06350620176158238
3,CFCs,ETR_separate,0.9406177812248873,1.1432038806392728,-1,-1,0.9566004132247605,0.46724358850135456,{'n_estimators': 200},0.07945676862333081,0.06350620176158238
4,CFCs,LGBM_separate,0.9549649638311151,0.9149326098628805,-1,-1,0.9683916699077565,0.3527987417751037,"{'learning_rate': 0.5, 'n_estimators': 200, 'num_leaves': 10}",0.07945676862333081,0.06350620176158238
5,CFCs,BGLGBM_separate,0.9458627555439151,1.1132971527014968,-1,-1,0.979089718303782,0.22128923795964717,{'n_estimators': 10},0.07945676862333081,0.06350620176158238
