,Gas,Model_name,CV_r2,CV_mse,test_r2_total_model,test_mse_by_total_model,test_r2_separa_model,test_mse_separa_model,best_param
0,CFCs,ETR_separate,0.9017034437722209,1.5111592375132858,-1,-1,0.8427183638726614,1.9852538230883567,{'n_estimators': 100}
1,CFCs,LGBM_separate,0.8785224299603798,1.780366882836607,-1,-1,0.9218561507714395,1.27977341000084,"{'learning_rate': 0.5, 'n_estimators': 200, 'num_leaves': 20}"
2,CFCs,BGLGBM_separate,0.890556290535564,1.5965596142532057,-1,-1,0.8787550407630488,1.6561630218379244,{'n_estimators': 50}
3,CFCs,ETR_separate,0.9345822934714644,0.9726157158386659,-1,-1,0.8964086527930855,1.4595069963116427,{'n_estimators': 100}
4,CFCs,LGBM_separate,0.9143529952744714,1.1531041033987086,-1,-1,0.9055422455892981,1.4540936071133872,"{'learning_rate': 0.5, 'n_estimators': 200, 'num_leaves': 30}"
5,CFCs,BGLGBM_separate,0.9276645021585409,1.1117950781956532,-1,-1,0.8944877299905668,1.547460780973365,{'n_estimators': 50}
