,Gas,Model_name,CV_r2,CV_mse,test_r2_total_model,test_mse_by_total_model,test_r2_separa_model,test_mse_separa_model,best_param
0,CFCs,ETR_separate,0.8870972105337737,1.5852370402627671,-1,-1,0.9225956713249059,0.9905023254042166,{'n_estimators': 200}
1,CFCs,LGBM_separate,0.8866884887245885,1.613112742068703,-1,-1,0.9724253681435279,0.32902948504870494,"{'learning_rate': 0.1, 'n_estimators': 200, 'num_leaves': 50}"
2,CFCs,BGLGBM_separate,0.8955927754235418,1.499360350127818,-1,-1,0.9737495433535807,0.3014035223839105,{'n_estimators': 30}
3,CFCs,ETR_separate,0.9567294388038203,0.7961678447228054,-1,-1,0.9236872963437297,0.9325272065139436,{'n_estimators': 200}
4,CFCs,LGBM_separate,0.9579060642162427,0.75657495216764,-1,-1,0.9518355875301995,0.5954958810809322,"{'learning_rate': 0.5, 'n_estimators': 200, 'num_leaves': 10}"
5,CFCs,BGLGBM_separate,0.9544548238000645,0.8208580423764783,-1,-1,0.958204185881311,0.4699351648952971,{'n_estimators': 50}
