,Gas,Model_name,CV_r2,CV_mse,test_r2_total_model,test_mse_by_total_model,test_r2_separa_model,test_mse_separa_model,best_param
0,CFCs,ETR_separate,0.8797718889242994,1.6910790181790152,-1,-1,0.9528047680647922,0.9093441713471607,{'n_estimators': 180}
1,CFCs,LGBM_separate,0.8578725608876988,1.997115935546707,-1,-1,0.9341693628993832,1.201721396735886,"{'learning_rate': 0.1, 'n_estimators': 200, 'num_leaves': 50}"
2,CFCs,BGLGBM_separate,0.8690516243822108,1.8282964609117536,-1,-1,0.9384971404011178,1.099165986853716,{'n_estimators': 50}
3,CFCs,ETR_separate,0.9313937243594264,1.2468653146850248,-1,-1,0.9598419566476589,0.7849854998416906,{'n_estimators': 200}
4,CFCs,LGBM_separate,0.9186481391829842,1.5860474987745508,-1,-1,0.954417967561874,0.9024801282525302,"{'learning_rate': 0.5, 'n_estimators': 200, 'num_leaves': 10}"
5,CFCs,BGLGBM_separate,0.9216297165929912,1.5348830804694429,-1,-1,0.953595378982657,0.9300658632892663,{'n_estimators': 50}
