,Gas,Model_name,CV_r2,CV_mse,test_r2_total_model,test_mse_by_total_model,test_r2_separa_model,test_mse_separa_model,best_param
0,CFCs,ETR_separate,0.8956210549274957,1.2041677455627275,-1,-1,0.9698249709650609,0.5047929055401107,{'n_estimators': 120}
1,CFCs,LGBM_separate,0.9022274869098423,1.1148535585734047,-1,-1,0.9624499785807349,0.6104580455660924,"{'learning_rate': 0.1, 'n_estimators': 200, 'num_leaves': 50}"
2,CFCs,BGLGBM_separate,0.9101169922466008,1.0235700659968086,-1,-1,0.9538250015487385,0.7410726294705224,{'n_estimators': 50}
3,CFCs,ETR_separate,0.94005888471176,1.093456988387858,-1,-1,0.9737242428311483,0.4428318794742114,{'n_estimators': 180}
4,CFCs,LGBM_separate,0.9485313788725348,0.9227110563308474,-1,-1,0.9690218911536845,0.5561155266305225,"{'learning_rate': 0.5, 'n_estimators': 200, 'num_leaves': 10}"
5,CFCs,BGLGBM_separate,0.9473063353752049,0.9647148362298879,-1,-1,0.961516165677966,0.629374093043723,{'n_estimators': 50}
