,Gas,Model_name,CV_r2,CV_mse,test_r2_total_model,test_mse_by_total_model,test_r2_separa_model,test_mse_separa_model,best_param
0,CFCs,ETR_separate,0.8401988222328143,1.9626220961373555,-1,-1,0.9613496848510398,0.8635720627792486,{'n_estimators': 200}
1,CFCs,LGBM_separate,0.8030690779876627,2.410854992282428,-1,-1,0.9583509128307061,1.0271836370076717,"{'learning_rate': 0.5, 'n_estimators': 200, 'num_leaves': 20}"
2,CFCs,BGLGBM_separate,0.8496963836733238,1.8619542911511675,-1,-1,0.9363103117689031,1.3239356497762842,{'n_estimators': 50}
3,CFCs,ETR_separate,0.8733154719016933,2.1897184793060616,-1,-1,0.9656906382601839,0.7853395885160215,{'n_estimators': 180}
4,CFCs,LGBM_separate,0.8753478951511251,2.119708532970446,-1,-1,0.9689922958627885,0.7827152250300207,"{'learning_rate': 0.5, 'n_estimators': 200, 'num_leaves': 10}"
5,CFCs,BGLGBM_separate,0.8737571652515006,2.155444725282246,-1,-1,0.9428446301021658,1.237132089250909,{'n_estimators': 30}
