,Gas,Model_name,CV_r2,CV_mse,test_r2_total_model,test_mse_by_total_model,test_r2_separa_model,test_mse_separa_model,best_param
0,CFCs,ETR_separate,0.8751157903368846,1.4970912566322785,-1,-1,0.9551375650397208,1.004631896666019,{'n_estimators': 150}
1,CFCs,LGBM_separate,0.880745149905654,1.4094940859291505,-1,-1,0.9638092942568408,0.7968410863991237,"{'learning_rate': 0.1, 'n_estimators': 200, 'num_leaves': 50}"
2,CFCs,BGLGBM_separate,0.8918508095938881,1.2778893657445871,-1,-1,0.9649245515873492,0.725552262303121,{'n_estimators': 50}
3,CFCs,ETR_separate,0.9281940327741705,1.3166980781263917,-1,-1,0.9569858956059837,0.9591810260149437,{'n_estimators': 200}
4,CFCs,LGBM_separate,0.900925932138135,1.8349928403766722,-1,-1,0.9752329993162963,0.5279522180915105,"{'learning_rate': 0.5, 'n_estimators': 200, 'num_leaves': 10}"
5,CFCs,BGLGBM_separate,0.9005506677238959,1.8496379147666893,-1,-1,0.9541150608454525,1.0187727286723747,{'n_estimators': 10}
