,Gas,Model_name,CV_r2,CV_mse,test_r2_total_model,test_mse_by_total_model,test_r2_separa_model,test_mse_separa_model,best_param
0,CFCs,ETR_separate,0.8740435976823548,1.5526342555883,-1,-1,0.9724346200114535,0.4951868802434404,{'n_estimators': 180}
1,CFCs,LGBM_separate,0.8665324315516235,1.6969142734976057,-1,-1,0.9610902146911444,0.7298155268868619,"{'learning_rate': 0.1, 'n_estimators': 200, 'num_leaves': 50}"
2,CFCs,BGLGBM_separate,0.8845495163560793,1.4527722770683176,-1,-1,0.9522535914726415,0.8677319445519779,{'n_estimators': 50}
3,CFCs,ETR_separate,0.939660494384692,1.1301837450802936,-1,-1,0.9656720761148994,0.6095399398906773,{'n_estimators': 180}
4,CFCs,LGBM_separate,0.9433446137800843,1.099547488748825,-1,-1,0.9517292753654794,0.8164354720004439,"{'learning_rate': 0.5, 'n_estimators': 200, 'num_leaves': 10}"
5,CFCs,BGLGBM_separate,0.9348577330455162,1.2121572301665022,-1,-1,0.9583783855896835,0.7509630595769017,{'n_estimators': 10}
