,Gas,Model_name,CV_r2,CV_mse,test_r2_total_model,test_mse_by_total_model,test_r2_separa_model,test_mse_separa_model,best_param
0,CFCs,ETR_separate,0.8921726749751429,1.378003823079427,-1,-1,0.8363037254575361,2.51155556927411,{'n_estimators': 200}
1,CFCs,LGBM_separate,0.8883011380405925,1.4597583848119056,-1,-1,0.9050238922927512,1.6835279900495905,"{'learning_rate': 0.1, 'n_estimators': 200, 'num_leaves': 50}"
2,CFCs,BGLGBM_separate,0.8959637642894617,1.3519374881770367,-1,-1,0.8725119337144714,2.0173630630404817,{'n_estimators': 50}
3,CFCs,ETR_separate,0.9630751632915073,0.7127718652996415,-1,-1,0.8268869833567871,3.1103265328183687,{'n_estimators': 200}
4,CFCs,LGBM_separate,0.9539053478983611,0.910960311201982,-1,-1,0.8207080245691112,4.511288678323673,"{'learning_rate': 0.5, 'n_estimators': 200, 'num_leaves': 50}"
5,CFCs,BGLGBM_separate,0.9556451368426243,0.8865327079124089,-1,-1,0.8013279549575095,4.409288205693216,{'n_estimators': 50}
