,Gas,Model_name,CV_r2,CV_mse,test_r2_total_model,test_mse_by_total_model,test_r2_separa_model,test_mse_separa_model,best_param
0,CFCs,ETR_separate,0.8591726892120685,2.0300538128939953,-1,-1,0.9225976625876887,0.6494478527319364,{'n_estimators': 200}
1,CFCs,LGBM_separate,0.8633523857931271,1.9164554120989172,-1,-1,0.9687195194613794,0.3221565304466925,"{'learning_rate': 0.1, 'n_estimators': 200, 'num_leaves': 50}"
2,CFCs,BGLGBM_separate,0.880736705534477,1.6936117873421932,-1,-1,0.9663186439371535,0.32892642720327486,{'n_estimators': 50}
3,CFCs,ETR_separate,0.9529727962471009,0.9690798492684838,-1,-1,0.9239107964865876,0.6728992782415302,{'n_estimators': 200}
4,CFCs,LGBM_separate,0.9471841694846074,0.9634358259542216,-1,-1,0.9598512886653721,0.4101063392278992,"{'learning_rate': 0.5, 'n_estimators': 200, 'num_leaves': 20}"
5,CFCs,BGLGBM_separate,0.9409302139254603,1.0996262488458854,-1,-1,0.9568719355474886,0.3910406224603234,{'n_estimators': 50}
