,Gas,Model_name,CV_r2,CV_mse,test_r2_total_model,test_mse_by_total_model,test_r2_separa_model,test_mse_separa_model,best_param
0,CFCs,ETR_separate,0.9054945615779971,1.383397184658932,-1,-1,0.9381623978041495,0.9150987062557036,{'n_estimators': 200}
1,CFCs,LGBM_separate,0.860479616300263,2.002406658638946,-1,-1,0.9725583273304582,0.45177255856422216,"{'learning_rate': 0.5, 'n_estimators': 200, 'num_leaves': 20}"
2,CFCs,BGLGBM_separate,0.9013431676220349,1.4669042628844413,-1,-1,0.9538929261194101,0.6298557155180132,{'n_estimators': 30}
3,CFCs,ETR_separate,0.9056385207930303,1.8936848399321158,-1,-1,0.9452211158926482,0.7593298996938193,{'n_estimators': 200}
4,CFCs,LGBM_separate,0.8826023261613948,2.242662768996946,-1,-1,0.9632560256884223,0.5860464666114498,"{'learning_rate': 0.5, 'n_estimators': 200, 'num_leaves': 30}"
5,CFCs,BGLGBM_separate,0.8812137559789945,2.285389332999361,-1,-1,0.9577406733765665,0.6015685263777993,{'n_estimators': 30}
