,Gas,Model_name,CV_r2,CV_mse,test_r2_total_model,test_mse_by_total_model,test_r2_separa_model,test_mse_separa_model,best_param
0,CFCs,ETR_separate,0.8939474707591174,1.2980376625499723,-1,-1,0.9442098798481963,0.8725078655511586,{'n_estimators': 200}
1,CFCs,LGBM_separate,0.8802612762580546,1.4055280177346563,-1,-1,0.9648293868062374,0.6012509990085937,"{'learning_rate': 0.1, 'n_estimators': 200, 'num_leaves': 50}"
2,CFCs,BGLGBM_separate,0.8917915624957351,1.2829919909358427,-1,-1,0.9680400218221925,0.5257927654924183,{'n_estimators': 50}
3,CFCs,ETR_separate,0.927085038831102,1.4242445192895459,-1,-1,0.9477812517531196,0.8192454457063003,{'n_estimators': 120}
4,CFCs,LGBM_separate,0.9025212890423457,1.9611375454666775,-1,-1,0.9399008271288488,1.1199054335234961,"{'learning_rate': 0.5, 'n_estimators': 200, 'num_leaves': 30}"
5,CFCs,BGLGBM_separate,0.9089345021441394,1.9432517756573495,-1,-1,0.9557658017004727,0.7682806133491824,{'n_estimators': 30}
