,Gas,Model_name,CV_r2,CV_mse,test_r2_total_model,test_mse_by_total_model,test_r2_separa_model,test_mse_separa_model,best_param
0,CFCs,ETR_separate,0.8911899273762621,1.5897129750091499,-1,-1,0.9182940712346924,1.2578745805116254,{'n_estimators': 50}
1,CFCs,LGBM_separate,0.8768090899447515,1.8007287631577769,-1,-1,0.9584261797965206,0.647696158964105,"{'learning_rate': 0.1, 'n_estimators': 200, 'num_leaves': 50}"
2,CFCs,BGLGBM_separate,0.889714409315658,1.6341934687038726,-1,-1,0.9678101196266998,0.4917753775939493,{'n_estimators': 10}
3,CFCs,ETR_separate,0.9504120353183876,1.0656521868751705,-1,-1,0.9228922581423258,1.1306882511075067,{'n_estimators': 200}
4,CFCs,LGBM_separate,0.9358976136713079,1.4800494955659294,-1,-1,0.9529167778383392,0.8215428917935693,"{'learning_rate': 0.1, 'n_estimators': 200, 'num_leaves': 30}"
5,CFCs,BGLGBM_separate,0.9407775603145441,1.3781971696233226,-1,-1,0.9539613193593811,0.7668305777490946,{'n_estimators': 50}
