,Gas,Model_name,CV_r2,CV_mse,test_r2_total_model,test_mse_by_total_model,test_r2_separa_model,test_mse_separa_model,best_param
0,CFCs,ETR_separate,0.8372043846360677,2.314767243269387,-1,-1,0.9063838943421021,2.0115429558256976,{'n_estimators': 180}
1,CFCs,LGBM_separate,0.818026381081201,2.5040979953116906,-1,-1,0.9643417167530483,0.7768802225408934,"{'learning_rate': 0.5, 'n_estimators': 200, 'num_leaves': 20}"
2,CFCs,BGLGBM_separate,0.8407129000103497,2.2148973397234637,-1,-1,0.9418945949707644,1.2172726451101044,{'n_estimators': 10}
3,CFCs,ETR_separate,0.9245867192244115,1.1940085140844872,-1,-1,0.8925608550489061,2.310231180478469,{'n_estimators': 200}
4,CFCs,LGBM_separate,0.9226368070423078,1.2511325975532384,-1,-1,0.8667078929468497,3.658425163351747,"{'learning_rate': 0.5, 'n_estimators': 200, 'num_leaves': 10}"
5,CFCs,BGLGBM_separate,0.9142603356171511,1.4170023004457868,-1,-1,0.8338835963419642,4.650206986657075,{'n_estimators': 30}
