,Gas,Model_name,CV_r2,CV_mse,test_r2_total_model,test_mse_by_total_model,test_r2_separa_model,test_mse_separa_model,best_param
0,CFCs,ETR_separate,0.8518786471249525,2.052067013682912,-1,-1,0.9538403798716613,0.725142105957562,{'n_estimators': 200}
1,CFCs,LGBM_separate,0.8519513075551108,2.0423391664664132,-1,-1,0.9623062519171924,0.5915930339414028,"{'learning_rate': 0.1, 'n_estimators': 200, 'num_leaves': 50}"
2,CFCs,BGLGBM_separate,0.8697047754938575,1.8167604265315376,-1,-1,0.9588003643504588,0.6279781924644346,{'n_estimators': 30}
3,CFCs,ETR_separate,0.918102560036316,1.4323340903099253,-1,-1,0.955691929239915,0.7386145122471851,{'n_estimators': 150}
4,CFCs,LGBM_separate,0.8848147807458296,2.115333874435845,-1,-1,0.9621141873471636,0.6157077000219089,"{'learning_rate': 0.5, 'n_estimators': 200, 'num_leaves': 30}"
5,CFCs,BGLGBM_separate,0.8990347695888093,1.8869296159670732,-1,-1,0.9548642156154751,0.6746886519840394,{'n_estimators': 50}
