,Gas,Model_name,CV_r2,CV_mse,test_r2_total_model,test_mse_by_total_model,test_r2_separa_model,test_mse_separa_model,best_param
0,CFCs,ETR_separate,0.9140540792120115,1.2513019124998044,-1,-1,0.962026865687306,0.40873240912306635,{'n_estimators': 180}
1,CFCs,LGBM_separate,0.9037488594105836,1.4221302864086176,-1,-1,0.9598314755222297,0.42730266658839455,"{'learning_rate': 0.1, 'n_estimators': 200, 'num_leaves': 50}"
2,CFCs,BGLGBM_separate,0.9113969525275065,1.308785863368371,-1,-1,0.9594606241976382,0.42324008340436015,{'n_estimators': 50}
3,CFCs,ETR_separate,0.9374996438793926,1.3509686088284512,-1,-1,0.9647136776343547,0.3765448076267346,{'n_estimators': 150}
4,CFCs,LGBM_separate,0.9136184266012899,1.861233943956376,-1,-1,0.9593595623413471,0.47916970494395517,"{'learning_rate': 0.5, 'n_estimators': 200, 'num_leaves': 10}"
5,CFCs,BGLGBM_separate,0.9188816165506474,1.7983054838664008,-1,-1,0.9553423920664464,0.47523337551963174,{'n_estimators': 50}
