,Gas,Model_name,CV_r2,CV_mse,test_r2_total_model,test_mse_by_total_model,test_r2_separa_model,test_mse_separa_model,best_param
0,CFCs,ETR_separate,0.9109001057392584,1.1430423181817453,-1,-1,0.9730634674993773,0.4151597405621212,{'n_estimators': 180}
1,CFCs,LGBM_separate,0.8928387393547587,1.3414644763812824,-1,-1,0.9686477815176024,0.48347718901937636,"{'learning_rate': 0.1, 'n_estimators': 200, 'num_leaves': 50}"
2,CFCs,BGLGBM_separate,0.8979968793273084,1.282254398278941,-1,-1,0.9666308388068866,0.4876692186470848,{'n_estimators': 30}
3,CFCs,ETR_separate,0.9410061928675184,1.0402771663665784,-1,-1,0.9748779355263417,0.38252834361941995,{'n_estimators': 200}
4,CFCs,LGBM_separate,0.9433256610721005,1.074540439385089,-1,-1,0.9706700834854007,0.46259325512085825,"{'learning_rate': 0.5, 'n_estimators': 200, 'num_leaves': 10}"
5,CFCs,BGLGBM_separate,0.9401025946898672,1.1392679215943073,-1,-1,0.9725199681497249,0.4051077372189647,{'n_estimators': 50}
