,Gas,Model_name,CV_r2,CV_mse,test_r2_total_model,test_mse_by_total_model,test_r2_separa_model,test_mse_separa_model,best_param
0,CFCs,ETR_separate,0.880798497552871,1.378752328207963,-1,-1,0.8912151513499043,1.9906615665932343,{'n_estimators': 50}
1,CFCs,LGBM_separate,0.8485556567993491,1.7471972288721755,-1,-1,0.9115086014390659,1.7927876915991492,"{'learning_rate': 0.5, 'n_estimators': 200, 'num_leaves': 50}"
2,CFCs,BGLGBM_separate,0.885430883621034,1.3437623499350386,-1,-1,0.8941371086343112,1.9425502987308574,{'n_estimators': 50}
3,CFCs,ETR_separate,0.9347135251143538,1.1391560154358082,-1,-1,0.8880126075927983,2.0375819192216245,{'n_estimators': 180}
4,CFCs,LGBM_separate,0.9386119264642258,0.9993859731986259,-1,-1,0.9249845373486649,1.5248416185833635,"{'learning_rate': 0.5, 'n_estimators': 200, 'num_leaves': 10}"
5,CFCs,BGLGBM_separate,0.9485152733678677,0.8849725029384856,-1,-1,0.9142240643904131,1.6029453241871077,{'n_estimators': 50}
