,Gas,Model_name,CV_r2,CV_mse,test_r2_total_model,test_mse_by_total_model,test_r2_separa_model,test_mse_separa_model,best_param
0,CFCs,ETR_separate,0.9177397465157883,1.221099441306055,-1,-1,0.946029338748801,0.8729779660358532,{'n_estimators': 180}
1,CFCs,LGBM_separate,0.8963265156026209,1.5369910037774246,-1,-1,0.9798969465833718,0.36808130481749707,"{'learning_rate': 0.5, 'n_estimators': 200, 'num_leaves': 30}"
2,CFCs,BGLGBM_separate,0.9050186675088543,1.4182376687445297,-1,-1,0.9725303989239875,0.44874565397800764,{'n_estimators': 50}
3,CFCs,ETR_separate,0.9414784290922784,1.1015904626617137,-1,-1,0.9485790796729938,0.8454216171316221,{'n_estimators': 100}
4,CFCs,LGBM_separate,0.9350127963373153,1.181532674958369,-1,-1,0.9754358844985669,0.4204215074011757,"{'learning_rate': 0.5, 'n_estimators': 200, 'num_leaves': 50}"
5,CFCs,BGLGBM_separate,0.9340651123295876,1.3457552013017597,-1,-1,0.969260619758379,0.5033385070540827,{'n_estimators': 50}
