,Gas,Model_name,CV_r2,CV_mse,test_r2_total_model,test_mse_by_total_model,test_r2_separa_model,test_mse_separa_model,best_param
0,CFCs,ETR_separate,0.917708679317699,1.2718280012680225,-1,-1,0.9407845649312016,0.6102533613257053,{'n_estimators': 200}
1,CFCs,LGBM_separate,0.8906909249772538,1.6888262353146484,-1,-1,0.9419470812734373,0.6095539298969013,"{'learning_rate': 0.5, 'n_estimators': 200, 'num_leaves': 20}"
2,CFCs,BGLGBM_separate,0.9172432357128173,1.2761878330612064,-1,-1,0.9642023022947606,0.3718323161252647,{'n_estimators': 50}
3,CFCs,ETR_separate,0.9340324690605687,1.3578108543279914,-1,-1,0.9361615139604248,0.648526991636739,{'n_estimators': 200}
4,CFCs,LGBM_separate,0.9104384921908946,1.5396316499030571,-1,-1,0.9626669031161331,0.4196406562322278,"{'learning_rate': 0.5, 'n_estimators': 200, 'num_leaves': 10}"
5,CFCs,BGLGBM_separate,0.919600333628164,1.515044763481525,-1,-1,0.9552579300253261,0.4669321780836929,{'n_estimators': 30}
