,Gas,Model_name,CV_r2,CV_mse,test_r2_total_model,test_mse_by_total_model,test_r2_separa_model,test_mse_separa_model,best_param
0,CFCs,ETR_separate,0.9212211816221098,1.0019992216842641,-1,-1,0.9598364780839425,0.4146631177256128,{'n_estimators': 180}
1,CFCs,LGBM_separate,0.9055650471140366,1.161621734344614,-1,-1,0.9676681110624623,0.33435162556026676,"{'learning_rate': 0.1, 'n_estimators': 200, 'num_leaves': 50}"
2,CFCs,BGLGBM_separate,0.91869528628912,1.0051730348661017,-1,-1,0.971805310093748,0.27955449268247096,{'n_estimators': 30}
3,CFCs,ETR_separate,0.9406822773489374,1.2238243823762274,-1,-1,0.9682661247690592,0.3452789929521674,{'n_estimators': 180}
4,CFCs,LGBM_separate,0.937610309057036,1.286887641500643,-1,-1,0.9631422185685338,0.3987416451188522,"{'learning_rate': 0.1, 'n_estimators': 200, 'num_leaves': 20}"
5,CFCs,BGLGBM_separate,0.9261844841849436,1.530901599054103,-1,-1,0.9666123312243569,0.3470679935477672,{'n_estimators': 30}
