,Gas,Model_name,CV_r2,CV_mse,test_r2_total_model,test_mse_by_total_model,test_r2_separa_model,test_mse_separa_model,best_param
0,CFCs,ETR_separate,0.9053525523882373,1.1583205105923962,-1,-1,0.9334788184849442,1.3733889406389506,{'n_estimators': 120}
1,CFCs,LGBM_separate,0.9014509520805654,1.1915717317369827,-1,-1,0.958340230939809,0.7801505591651389,"{'learning_rate': 0.5, 'n_estimators': 200, 'num_leaves': 20}"
2,CFCs,BGLGBM_separate,0.9207528908664091,0.9525470276701966,-1,-1,0.9261268703248434,1.38895780284966,{'n_estimators': 50}
3,CFCs,ETR_separate,0.9308833091140238,1.3234180368571729,-1,-1,0.9268572615591071,1.5167183915123166,{'n_estimators': 150}
4,CFCs,LGBM_separate,0.9376155941274421,1.290278790985827,-1,-1,0.9550050948903885,0.9003081030956773,"{'learning_rate': 0.5, 'n_estimators': 200, 'num_leaves': 30}"
5,CFCs,BGLGBM_separate,0.9354135009684594,1.3278384614025829,-1,-1,0.9421926252173779,1.1104962833640462,{'n_estimators': 50}
