,Gas,Model_name,CV_r2,CV_mse,test_r2_total_model,test_mse_by_total_model,test_r2_separa_model,test_mse_separa_model,best_param
0,CFCs,ETR_separate,0.8974183085541672,1.4595235956193189,-1,-1,0.9505003115172147,0.9099941943154268,{'n_estimators': 200}
1,CFCs,LGBM_separate,0.8823302588391513,1.6672479193772716,-1,-1,0.9515461951460822,0.8676964930403017,"{'learning_rate': 0.1, 'n_estimators': 200, 'num_leaves': 50}"
2,CFCs,BGLGBM_separate,0.8892258209750514,1.5654421129346618,-1,-1,0.9500151123468863,0.8755047056370225,{'n_estimators': 50}
3,CFCs,ETR_separate,0.9392121703780626,1.1395952128034736,-1,-1,0.9502487196096607,0.9196544763320654,{'n_estimators': 150}
4,CFCs,LGBM_separate,0.9354439244312772,1.2115376308560664,-1,-1,0.9469408350454356,0.9881217370624547,"{'learning_rate': 0.5, 'n_estimators': 200, 'num_leaves': 30}"
5,CFCs,BGLGBM_separate,0.9422844243934627,1.0742504256071388,-1,-1,0.9436160601345486,1.038359130703656,{'n_estimators': 10}
