,Gas,Model_name,CV_r2,CV_mse,test_r2_total_model,test_mse_by_total_model,test_r2_separa_model,test_mse_separa_model,best_param
0,CFCs,ETR_separate,0.8889620748559048,1.5561565246693922,-1,-1,0.9552948200853272,0.8928976470405366,{'n_estimators': 200}
1,CFCs,LGBM_separate,0.89340160407233,1.5323351564549064,-1,-1,0.9417203622658676,1.0669933013175386,"{'learning_rate': 0.1, 'n_estimators': 200, 'num_leaves': 30}"
2,CFCs,BGLGBM_separate,0.8964443158322555,1.4907163752309358,-1,-1,0.9466352700918775,0.9797177794512403,{'n_estimators': 50}
3,CFCs,ETR_separate,0.929260829073732,1.1836379906149899,-1,-1,0.9519589790083188,0.9434493213144395,{'n_estimators': 100}
4,CFCs,LGBM_separate,0.9243195682998582,1.2843651113454728,-1,-1,0.9500604114568831,1.0162095255187604,"{'learning_rate': 0.5, 'n_estimators': 200, 'num_leaves': 30}"
5,CFCs,BGLGBM_separate,0.9339485759265512,1.0595862982350546,-1,-1,0.9393909023833399,1.0791881152671472,{'n_estimators': 30}
