,Gas,Model_name,CV_r2,CV_mse,test_r2_total_model,test_mse_by_total_model,test_r2_separa_model,test_mse_separa_model,best_param
0,CFCs,ETR_separate,0.9116065399670024,1.1606753986207001,-1,-1,0.9377345911115584,0.5883814721342888,{'n_estimators': 150}
1,CFCs,LGBM_separate,0.9001373513227382,1.3037337010054484,-1,-1,0.9630648368940335,0.4059562171308602,"{'learning_rate': 0.5, 'n_estimators': 200, 'num_leaves': 20}"
2,CFCs,BGLGBM_separate,0.9093895304821709,1.2035620838689471,-1,-1,0.963674544743574,0.3762866270386665,{'n_estimators': 50}
3,CFCs,ETR_separate,0.9357257535536748,1.5128828874637263,-1,-1,0.9300991622132733,0.650354170580217,{'n_estimators': 120}
4,CFCs,LGBM_separate,0.9216701746617362,1.9382528028106187,-1,-1,0.9504062263148306,0.508916161395316,"{'learning_rate': 0.5, 'n_estimators': 200, 'num_leaves': 30}"
5,CFCs,BGLGBM_separate,0.9287732807982106,1.7927439770805733,-1,-1,0.9584765926546543,0.41184536713075354,{'n_estimators': 50}
