,Gas,Model_name,CV_r2,CV_mse,test_r2_total_model,test_mse_by_total_model,test_r2_separa_model,test_mse_separa_model,best_param
0,CFCs,ETR_separate,0.8967425294652112,1.2292821113651686,-1,-1,0.8495489936038876,2.83579887043791,{'n_estimators': 200}
1,CFCs,LGBM_separate,0.8839988842977107,1.3880503296664692,-1,-1,0.9369074128120579,1.5116415225232471,"{'learning_rate': 0.1, 'n_estimators': 200, 'num_leaves': 50}"
2,CFCs,BGLGBM_separate,0.8947949582875747,1.2631822223700533,-1,-1,0.9467855649492211,1.1656982905364022,{'n_estimators': 50}
3,CFCs,ETR_separate,0.9479381786836985,0.901474083820634,-1,-1,0.8460302207075769,3.3168114041827224,{'n_estimators': 200}
4,CFCs,LGBM_separate,0.9427770831643374,0.9786430280666446,-1,-1,0.848934842173223,4.410304430378904,"{'learning_rate': 0.5, 'n_estimators': 200, 'num_leaves': 20}"
5,CFCs,BGLGBM_separate,0.9480425146361494,0.879728630134373,-1,-1,0.8395936202565255,4.407784473857228,{'n_estimators': 50}
