,Gas,Model_name,CV_r2,CV_mse,test_r2_total_model,test_mse_by_total_model,test_r2_separa_model,test_mse_separa_model,best_param
0,Methane,GBR_separate,0.9034929119846259,1.0515550554972604,-1,-1,0.925755015455309,0.9550064208588521,"{'learning_rate': 0.5, 'n_estimators': 200}"
1,Methane,ETR_separate,0.8894517414390941,1.2000284183752616,-1,-1,0.8988207035148387,1.2196100986423144,{'n_estimators': 150}
2,Methane,LGBM_separate,0.8908613982862299,1.2036931698956637,-1,-1,0.9210898581099259,1.0469202762481715,"{'learning_rate': 0.5, 'n_estimators': 200, 'num_leaves': 50}"
3,Methane,BGLGBM_separate,0.909356879406959,0.9951440713357392,-1,-1,0.9251197554526289,0.9307636814282185,{'n_estimators': 50}
