,Gas,Model_name,CV_r2,CV_mse,test_r2_total_model,test_mse_by_total_model,test_r2_separa_model,test_mse_separa_model,best_param
0,Methane,GBR_separate,0.9071130852139392,1.0144519222027104,-1,-1,0.9033959542553518,1.2098967108780267,"{'learning_rate': 0.5, 'n_estimators': 200}"
1,Methane,ETR_separate,0.9124175601353357,0.9563106998729378,-1,-1,0.9111086137629052,1.0439241653602689,{'n_estimators': 200}
2,Methane,LGBM_separate,0.9053611230275889,1.0428101565546632,-1,-1,0.9198443233059818,1.0216844497177044,"{'learning_rate': 0.5, 'n_estimators': 200, 'num_leaves': 30}"
3,Methane,BGLGBM_separate,0.9191550765391641,0.8904807935520056,-1,-1,0.9267575958946057,0.8806239394495567,{'n_estimators': 30}
