,Gas,Model_name,CV_r2,CV_mse,test_r2_total_model,test_mse_by_total_model,test_r2_separa_model,test_mse_separa_model,best_param
0,Methane,GBR_separate,0.904138590987775,1.0189880272268437,-1,-1,0.9119938423515456,1.2868450410572994,"{'learning_rate': 0.5, 'n_estimators': 200}"
1,Methane,ETR_separate,0.9062042152494703,0.9866061108968885,-1,-1,0.9128277939521142,1.1786817150089126,{'n_estimators': 100}
2,Methane,LGBM_separate,0.9032351390844404,1.0147802577191136,-1,-1,0.9133355674131189,1.2672823973356575,"{'learning_rate': 0.5, 'n_estimators': 200, 'num_leaves': 50}"
3,Methane,BGLGBM_separate,0.9128563182425097,0.9205376264087015,-1,-1,0.9241037732974495,1.036982391774068,{'n_estimators': 50}
