,Gas,Model_name,CV_r2,CV_mse,test_r2_total_model,test_mse_by_total_model,test_r2_separa_model,test_mse_separa_model,best_param
0,Methane,GBR_separate,0.9090054919667484,1.0621243933625177,-1,-1,0.895123816615627,1.0967919925749856,"{'learning_rate': 0.5, 'n_estimators': 200}"
1,Methane,ETR_separate,0.9153484384934487,0.9842599653517048,-1,-1,0.8951381045292491,0.994886565853337,{'n_estimators': 200}
2,Methane,LGBM_separate,0.9032105098170723,1.123471458941815,-1,-1,0.9078241529235853,0.9548193990974788,"{'learning_rate': 0.5, 'n_estimators': 200, 'num_leaves': 50}"
3,Methane,BGLGBM_separate,0.9235338425959219,0.8926191027572227,-1,-1,0.9102408357694027,0.8747582358976939,{'n_estimators': 50}
