,CV_r2,CV_mse,test_r2_separa_model,test_mse_separa_model
0,0.007213137243838095,0.0842062753925563,0.007586273879712542,0.11165396637515777
