,CV_r2,CV_mse,test_r2_separa_model,test_mse_separa_model
0,0.9303559667489947,0.8317475568285301,0.9376596358108172,0.6845500907124671
