,CV_r2,CV_mse,test_r2_separa_model,test_mse_separa_model,kpg_pca_mse
0,0.8254160762406018,2.027380613928482,0.8387450199613904,1.251126427866933,0.03927272715368625
1,0.7866139304403986,2.438238733659506,0.8246312190312179,1.5319353968170835,0.03927272715368625
2,0.8132809700978735,2.158963156068732,0.8407933882192099,1.2788760281561633,0.03927272715368625
