,CV_r2,CV_mse,test_r2_separa_model,test_mse_separa_model,kpg_pca_mse
0,0.033147221719663694,0.39767954393426524,0.09127830518500933,0.4863188582912193,0.002653563090524863
1,0.03581840088069881,0.4176317025323057,0.1093486300008402,0.6968866016548451,0.002653563090524863
2,0.030703990392513397,0.4029999632237843,0.09678760252225915,0.628731193356152,0.002653563090524863
