,CV_r2,CV_mse,test_r2_separa_model,test_mse_separa_model,kpg_pca_mse
0,0.856526642183413,1.6689899659339351,0.8592953795553383,1.1102353184498823,0.03406999548267321
1,0.8260068870790314,2.003371383083286,0.835769333300195,1.4061249452779596,0.03406999548267321
2,0.8477158743653282,1.7811638420864775,0.862094975166095,1.1401298615285256,0.03406999548267321
