,CV_r2,CV_mse,test_r2_separa_model,test_mse_separa_model,kpg_pca_mse
0,0.8527525473421079,1.761033848918273,0.8671573886541694,1.063289648252602,0.03686946202998754
1,0.828790930433629,2.007808879279598,0.8570422457758827,1.2903915422122019,0.03686946202998754
2,0.846160921071062,1.8271959484238045,0.8729040146453446,1.0699282680799693,0.03686946202998754
