,CV_r2,CV_mse,test_r2_separa_model,test_mse_separa_model,kpg_pca_mse
0,0.6252004808693339,3.6362113462790777,0.6332618736050691,2.2959021597166442,0.05002951504400157
1,0.4490436265276613,4.722927372799494,0.6094492734432442,3.0178379798403414,0.05002951504400157
2,0.4895076440081677,4.452199950713469,0.6163661449293805,2.706911761108251,0.05002951504400157
