,CV_r2,CV_mse,test_r2_separa_model,test_mse_separa_model,kpg_pca_mse
0,0.20078884062913346,2.740586812036114,0.22946203888881353,1.560766154853245,0.005685573606322101
1,0.29046403891240063,3.4634521672779712,0.21108621806896224,1.9313635796302546,0.005685573606322101
2,0.31607668378899434,3.5020981878767454,0.2565108292037467,2.041392230840739,0.005685573606322101
