,CV_r2,CV_mse,test_r2_separa_model,test_mse_separa_model,kpg_pca_mse
0,0.8723579560750723,1.4853584234640056,0.8598658422120382,1.111606883712784,0.03136517644105537
1,0.8552290046850711,1.6695536735898069,0.856208704868254,1.283454414197679,0.03136517644105537
2,0.8716168251820556,1.486173577347965,0.8661780772797542,1.0996422501972758,0.03136517644105537
