,CV_r2,CV_mse,test_r2_separa_model,test_mse_separa_model,kpg_pca_mse
0,0.8901964288380032,1.3059972348122628,0.874698284518359,0.9763553609158476,0.03006069856456496
1,0.8812013383013622,1.3998519209972204,0.876065212677131,1.0979907251532988,0.03006069856456496
2,0.8943003991696726,1.2547139886435437,0.8793098555464743,0.9841129744408054,0.03006069856456496
