,CV_r2,CV_mse,test_r2_separa_model,test_mse_separa_model,kpg_pca_mse
0,0.888759796416656,1.3073175039001512,0.885167460878869,0.9327635243428657,0.03248130109280082
1,0.8770973722804778,1.445537590173295,0.8904557924012113,0.9986358014493032,0.03248130109280082
2,0.8923543107479696,1.2670720735093792,0.8972300667787959,0.8663194925389309,0.03248130109280082
