,CV_r2,CV_mse,test_r2_separa_model,test_mse_separa_model,kpg_pca_mse
0,0.01133563144790066,0.09219952437776972,0.0511939637839332,0.2534778997706667,0.0008383808496977714
1,0.009914912954479214,0.10084977669398275,0.04168016151040044,0.24989639999911992,0.0008383808496977714
2,0.010257328240104864,0.09108382431122126,0.048069484017536544,0.23130867621623746,0.0008383808496977714
