,CV_r2,CV_mse,test_r2_separa_model,test_mse_separa_model,kpg_pca_mse
0,0.9021978705133175,1.137964788277551,0.8978713305115583,0.8459825788608769,0.031338080555210264
1,0.8952459777065211,1.2148734130683292,0.9067443355329915,0.8320555965327538,0.031338080555210264
2,0.9100543511034606,1.0464863538657057,0.9118483161344683,0.7225753410248432,0.031338080555210264
