,CV_r2,CV_mse,test_r2_separa_model,test_mse_separa_model,kpg_pca_mse
0,0.9126947896761874,1.0040192296215935,0.9033669113008369,0.8095925881772124,0.027440479679927663
1,0.9077722022277546,1.061339752854712,0.9169237173977972,0.7239209238892648,0.027440479679927663
2,0.9212897835364412,0.9052031038836339,0.9173544403652713,0.682840548054618,0.027440479679927663
