,CV_r2,CV_mse,test_r2_separa_model,test_mse_separa_model,kpg_pca_mse
0,0.0043535576493425425,0.0466062230042478,0.04824974632309478,0.25653374622894337,0.0004625172980795062
1,0.007361471504742688,0.07833599749364974,0.03946916031794614,0.1945485064701504,0.0004625172980795062
2,0.004541315904801261,0.04607167731983235,0.04350495116620691,0.2036939129389222,0.0004625172980795062
