,Gas,Model_name,CV_r2,CV_mse,test_r2_total_model,test_mse_by_total_model,test_r2_separa_model,test_mse_separa_model,best_param,kpg_pca_mse
0,Methane,ETR_separate,0.8920255110371155,1.304742283299879,-1,-1,0.9012045053084334,1.0660045106857448,{'n_estimators': 180},0.03071469382603581
1,Methane,LGBM_separate,0.9016143388211122,1.1523270496750435,-1,-1,0.81807035682986,2.0802867329799017,"{'learning_rate': 0.1, 'n_estimators': 200, 'num_leaves': 50}",0.03071469382603581
2,Methane,BGLGBM_separate,0.9070921949860093,1.092621646954631,-1,-1,0.8186320964682654,2.001301792613643,{'n_estimators': 50},0.03071469382603581
