,Gas,Model_name,CV_r2,CV_mse,test_r2_total_model,test_mse_by_total_model,test_r2_separa_model,test_mse_separa_model,best_param,kpg_pca_mse
0,Methane,ETR_separate,0.753917933064924,3.154042327253502,-1,-1,0.9516459876523593,0.5880486106231411,{'n_estimators': 200},0.035069907620653984
1,Methane,LGBM_separate,0.6818199900503691,4.230000167358462,-1,-1,0.9253862861406548,1.0247959528280672,"{'learning_rate': 0.5, 'n_estimators': 200, 'num_leaves': 30}",0.035069907620653984
2,Methane,BGLGBM_separate,0.7147617744174249,3.874827585867309,-1,-1,0.924625951005055,1.1075145391301597,{'n_estimators': 50},0.035069907620653984
