,Gas,Model_name,CV_r2,CV_mse,test_r2_total_model,test_mse_by_total_model,test_r2_separa_model,test_mse_separa_model,best_param,kpg_pca_mse
0,Methane,ETR_separate,0.9139692699784124,0.9767169346979483,-1,-1,0.8842438352038379,0.6741776449061155,{'n_estimators': 100},0.027180165190681206
1,Methane,LGBM_separate,0.9074839923037266,1.0543624207790434,-1,-1,0.8329762950431384,0.9246138036368955,"{'learning_rate': 0.5, 'n_estimators': 200, 'num_leaves': 50}",0.027180165190681206
2,Methane,BGLGBM_separate,0.9209074158809518,0.8998537924725726,-1,-1,0.8703035921243014,0.8083273144605518,{'n_estimators': 10},0.027180165190681206
