,Gas,Model_name,CV_r2,CV_mse,test_r2_total_model,test_mse_by_total_model,test_r2_separa_model,test_mse_separa_model,best_param,kpg_pca_mse
0,Methane,ETR_separate,0.7584913464268741,2.0827016075217606,-1,-1,0.8618170707706561,1.0733052759912889,{'n_estimators': 200},0.037333801635303254
1,Methane,LGBM_separate,0.7029550193830405,2.5113571356959588,-1,-1,0.8345475806555046,1.4201357255300395,"{'learning_rate': 0.5, 'n_estimators': 200, 'num_leaves': 20}",0.037333801635303254
2,Methane,BGLGBM_separate,0.7316698813779707,2.32471883363147,-1,-1,0.8408604602859383,1.342526418520994,{'n_estimators': 50},0.037333801635303254
