,Gas,Model_name,CV_r2,CV_mse,test_r2_total_model,test_mse_by_total_model,test_r2_separa_model,test_mse_separa_model,best_param,kpg_pca_mse
0,Methane,ETR_separate,0.8937282688556005,1.2718437525546762,-1,-1,0.924468859035099,0.6583459468023802,{'n_estimators': 200},0.034523780079188736
1,Methane,LGBM_separate,0.8809292562435769,1.4198458005825731,-1,-1,0.8939532644678723,1.087773954687784,"{'learning_rate': 0.5, 'n_estimators': 200, 'num_leaves': 20}",0.034523780079188736
2,Methane,BGLGBM_separate,0.8972275245336867,1.20930940683873,-1,-1,0.9164916653170543,0.8210561404813682,{'n_estimators': 50},0.034523780079188736
