,Gas,Model_name,CV_r2,CV_mse,test_r2_total_model,test_mse_by_total_model,test_r2_separa_model,test_mse_separa_model,best_param,kpg_pca_mse
0,Methane,ETR_separate,0.9085126666407302,1.0691422720877561,-1,-1,0.9214730171608483,0.6288639712488137,{'n_estimators': 150},0.029846528668495263
1,Methane,LGBM_separate,0.8952381076087365,1.2202639919634923,-1,-1,0.9240254176165971,0.6635513325877798,"{'learning_rate': 0.5, 'n_estimators': 200, 'num_leaves': 50}",0.029846528668495263
2,Methane,BGLGBM_separate,0.9129250563156497,1.0208620345269859,-1,-1,0.9315702431439167,0.5811894209964086,{'n_estimators': 50},0.029846528668495263
