,Gas,Model_name,CV_r2,CV_mse,test_r2_total_model,test_mse_by_total_model,test_r2_separa_model,test_mse_separa_model,best_param,kpg_pca_mse
0,Methane,ETR_separate,0.912533147883205,0.9340760189980468,-1,-1,0.9165794040431967,0.6543522496371136,{'n_estimators': 200},0.02762352690714246
1,Methane,LGBM_separate,0.9106872879300655,0.9730940615220035,-1,-1,0.89783026745812,0.835955243998735,"{'learning_rate': 0.5, 'n_estimators': 200, 'num_leaves': 50}",0.02762352690714246
2,Methane,BGLGBM_separate,0.9245473863000715,0.8185308330121316,-1,-1,0.9132979452088904,0.6619964351210389,{'n_estimators': 50},0.02762352690714246
