,Gas,Model_name,CV_r2,CV_mse,test_r2_total_model,test_mse_by_total_model,test_r2_separa_model,test_mse_separa_model,best_param,kpg_pca_mse
0,Methane,ETR_separate,0.8972645262112856,1.3358455943148608,-1,-1,0.9530286960811507,0.56715043836902,{'n_estimators': 200},0.032261845435392816
1,Methane,LGBM_separate,0.8740110117786333,1.651956651631411,-1,-1,0.9224540670306638,1.2072768112594858,"{'learning_rate': 0.5, 'n_estimators': 200, 'num_leaves': 30}",0.032261845435392816
2,Methane,BGLGBM_separate,0.896525042546551,1.353340317032809,-1,-1,0.9358411589117678,0.8879117074589428,{'n_estimators': 50},0.032261845435392816
