,Gas,Model_name,CV_r2,CV_mse,test_r2_total_model,test_mse_by_total_model,test_r2_separa_model,test_mse_separa_model,best_param,kpg_pca_mse
0,Methane,ETR_separate,0.8988723648041587,1.1504865640401376,-1,-1,0.9273953665058428,0.6333156603944827,{'n_estimators': 200},0.0312496854490755
1,Methane,LGBM_separate,0.893424305519783,1.2199181587282932,-1,-1,0.897008756934751,1.122900334326994,"{'learning_rate': 0.5, 'n_estimators': 200, 'num_leaves': 30}",0.0312496854490755
2,Methane,BGLGBM_separate,0.9061810567811632,1.0752919619595545,-1,-1,0.91964581191863,0.7905721628134795,{'n_estimators': 50},0.0312496854490755
