,Gas,Model_name,CV_r2,CV_mse,test_r2_total_model,test_mse_by_total_model,test_r2_separa_model,test_mse_separa_model,best_param,kpg_pca_mse
0,Methane,ETR_separate,0.9174735425091866,0.9274260153391998,-1,-1,0.9407287186219205,0.6034186556628207,{'n_estimators': 200},0.02902262373337325
1,Methane,LGBM_separate,0.9217868748632038,0.8900762194871881,-1,-1,0.9026066469237071,0.9942936800196346,"{'learning_rate': 0.5, 'n_estimators': 200, 'num_leaves': 50}",0.02902262373337325
2,Methane,BGLGBM_separate,0.927420208859114,0.8217946516498461,-1,-1,0.9266714046627148,0.7050331978359416,{'n_estimators': 50},0.02902262373337325
