,Gas,Model_name,CV_r2,CV_mse,test_r2_total_model,test_mse_by_total_model,test_r2_separa_model,test_mse_separa_model,best_param,kpg_pca_mse
0,Methane,ETR_separate,0.9113582084424119,1.071448953125724,-1,-1,0.9293382861051146,0.5826664616410133,{'n_estimators': 200},0.030154379335927774
1,Methane,LGBM_separate,0.8985856239887946,1.2347282494473746,-1,-1,0.9193276951800373,0.6763973737987419,"{'learning_rate': 0.5, 'n_estimators': 200, 'num_leaves': 30}",0.030154379335927774
2,Methane,BGLGBM_separate,0.9150214065966207,1.027138353297019,-1,-1,0.9367782796749532,0.5476521012062153,{'n_estimators': 30},0.030154379335927774
