,Gas,Model_name,CV_r2,CV_mse,test_r2_total_model,test_mse_by_total_model,test_r2_separa_model,test_mse_separa_model,best_param,kpg_pca_mse
0,Methane,ETR_separate,0.9156808159311322,1.006990088515245,-1,-1,0.8192822956604674,1.1542357510049694,{'n_estimators': 200},0.031163721504120445
1,Methane,LGBM_separate,0.8968204578483743,1.2350990825132058,-1,-1,0.8794171793169278,0.8313504832840968,"{'learning_rate': 0.5, 'n_estimators': 200, 'num_leaves': 50}",0.031163721504120445
2,Methane,BGLGBM_separate,0.9128502021854388,1.0479841474237612,-1,-1,0.8520689632753873,0.9629268433664777,{'n_estimators': 50},0.031163721504120445
