,Gas,Model_name,CV_r2,CV_mse,test_r2_total_model,test_mse_by_total_model,test_r2_separa_model,test_mse_separa_model,best_param,kpg_pca_mse
0,Methane,ETR_separate,0.9102561834449172,1.0303959449492244,-1,-1,0.9598952124707394,0.4026852372257539,{'n_estimators': 200},0.030042154200046762
1,Methane,LGBM_separate,0.903576942209431,1.110033744273094,-1,-1,0.9659501288223431,0.36226581365288896,"{'learning_rate': 0.5, 'n_estimators': 200, 'num_leaves': 30}",0.030042154200046762
2,Methane,BGLGBM_separate,0.9164269509700409,0.9672417904883442,-1,-1,0.98016840440586,0.20634903853748848,{'n_estimators': 50},0.030042154200046762
