,Gas,Model_name,CV_r2,CV_mse,test_r2_total_model,test_mse_by_total_model,test_r2_separa_model,test_mse_separa_model,best_param,kpg_pca_mse
0,Methane,ETR_separate,0.9109752033237477,1.096320560907397,-1,-1,0.8627230263285494,0.9756341704567854,{'n_estimators': 200},0.031053097432470995
1,Methane,LGBM_separate,0.8855598669526629,1.3860780611900083,-1,-1,0.906955619307338,0.7684411290134443,"{'learning_rate': 0.5, 'n_estimators': 200, 'num_leaves': 30}",0.031053097432470995
2,Methane,BGLGBM_separate,0.9061889537653978,1.1414807368230018,-1,-1,0.903330722909779,0.751402607578827,{'n_estimators': 50},0.031053097432470995
