,Gas,Model_name,CV_r2,CV_mse,test_r2_total_model,test_mse_by_total_model,test_r2_separa_model,test_mse_separa_model,best_param,kpg_pca_mse
0,Methane,ETR_separate,0.912634747862721,1.0844191574818711,-1,-1,0.828254531239669,0.9822338066616763,{'n_estimators': 180},0.02749408291227002
1,Methane,LGBM_separate,0.9032026688321517,1.1910408043984537,-1,-1,0.8142385853527443,1.1412412509516356,"{'learning_rate': 0.5, 'n_estimators': 200, 'num_leaves': 30}",0.02749408291227002
2,Methane,BGLGBM_separate,0.9165482546795463,1.0312414074367384,-1,-1,0.7990267579132224,1.1507633431165096,{'n_estimators': 10},0.02749408291227002
