,Gas,Model_name,CV_r2,CV_mse,test_r2_total_model,test_mse_by_total_model,test_r2_separa_model,test_mse_separa_model,best_param,kpg_pca_mse
0,Methane,ETR_separate,0.9189627847331725,0.9138308476351629,-1,-1,0.7908003207944105,1.354107345427371,{'n_estimators': 200},0.025998010545777876
1,Methane,LGBM_separate,0.9190868472730236,0.9107346988947821,-1,-1,0.8696787524399565,0.9617274100963163,"{'learning_rate': 0.5, 'n_estimators': 200, 'num_leaves': 50}",0.025998010545777876
2,Methane,BGLGBM_separate,0.9273032907567217,0.819984524200714,-1,-1,0.8545049493605619,0.9903537139277467,{'n_estimators': 50},0.025998010545777876
