,Gas,Model_name,CV_r2,CV_mse,test_r2_total_model,test_mse_by_total_model,test_r2_separa_model,test_mse_separa_model,best_param,kpg_pca_mse
0,Methane,ETR_separate,0.9115717280999673,1.0668101622187671,-1,-1,0.9383618210821911,0.8929433686800813,{'n_estimators': 180},0.029891092512110622
1,Methane,LGBM_separate,0.9138409692911933,1.0416753189259382,-1,-1,0.9349741309995079,0.9440879017285672,"{'learning_rate': 0.1, 'n_estimators': 200, 'num_leaves': 50}",0.029891092512110622
2,Methane,BGLGBM_separate,0.9189977983476441,0.9785536791921239,-1,-1,0.9444950915384379,0.7893010406809515,{'n_estimators': 50},0.029891092512110622
