,Gas,Model_name,CV_r2,CV_mse,test_r2_total_model,test_mse_by_total_model,test_r2_separa_model,test_mse_separa_model,best_param,kpg_pca_mse
0,Methane,ETR_separate,0.8856508703459497,1.3664554871484296,-1,-1,0.8798000303706599,0.7181646366201919,{'n_estimators': 180},0.03007668558074079
1,Methane,LGBM_separate,0.8683335810766731,1.6013530656460886,-1,-1,0.8305926615064028,1.008985182081136,"{'learning_rate': 0.5, 'n_estimators': 200, 'num_leaves': 50}",0.03007668558074079
2,Methane,BGLGBM_separate,0.8948650617924583,1.2379194251479855,-1,-1,0.8584474160613147,0.8688564407806574,{'n_estimators': 10},0.03007668558074079
