,Gas,Model_name,CV_r2,CV_mse,test_r2_total_model,test_mse_by_total_model,test_r2_separa_model,test_mse_separa_model,best_param,kpg_pca_mse
0,Methane,ETR_separate,0.9060979127281967,1.0752821033499318,-1,-1,0.9290582987225333,0.5684514356064387,{'n_estimators': 180},0.030489445928527547
1,Methane,LGBM_separate,0.8977433723573863,1.1752699393238673,-1,-1,0.9058327484826797,0.8279176566483876,"{'learning_rate': 0.5, 'n_estimators': 200, 'num_leaves': 50}",0.030489445928527547
2,Methane,BGLGBM_separate,0.9138964741360175,0.9846078674023776,-1,-1,0.9301046415260305,0.5925753355593989,{'n_estimators': 50},0.030489445928527547
