,Gas,Model_name,CV_r2,CV_mse,test_r2_total_model,test_mse_by_total_model,test_r2_separa_model,test_mse_separa_model,best_param,kpg_pca_mse
0,Methane,ETR_separate,0.8898114811792934,1.4470621919267983,-1,-1,0.8446511563596014,1.0535058691222676,{'n_estimators': 200},0.034142331478368565
1,Methane,LGBM_separate,0.8824651133215268,1.548739037136589,-1,-1,0.8992609647140943,0.8534115379122891,"{'learning_rate': 0.5, 'n_estimators': 200, 'num_leaves': 20}",0.034142331478368565
2,Methane,BGLGBM_separate,0.8968002626957648,1.399715865581492,-1,-1,0.900952708596619,0.7577704239199593,{'n_estimators': 50},0.034142331478368565
