,Gas,Model_name,CV_r2,CV_mse,test_r2_total_model,test_mse_by_total_model,test_r2_separa_model,test_mse_separa_model,best_param,kpg_pca_mse
0,Methane,ETR_separate,0.9135627490184829,1.1443316675593407,-1,-1,0.8177187379105704,1.067067776690398,{'n_estimators': 200},0.030554187894839057
1,Methane,LGBM_separate,0.8992311360783267,1.296002810691429,-1,-1,0.8353591574508747,1.0632866660241769,"{'learning_rate': 0.5, 'n_estimators': 200, 'num_leaves': 50}",0.030554187894839057
2,Methane,BGLGBM_separate,0.9142949337248147,1.118460108606668,-1,-1,0.8055022734556729,1.1178005886257787,{'n_estimators': 10},0.030554187894839057
