,Gas,Model_name,CV_r2,CV_mse,test_r2_total_model,test_mse_by_total_model,test_r2_separa_model,test_mse_separa_model,best_param,kpg_pca_mse
0,Methane,ETR_separate,0.9060634253944052,1.2753362976055829,-1,-1,0.9604508305429215,0.4854180862751049,{'n_estimators': 150},0.03002152342132039
1,Methane,LGBM_separate,0.8980444116878796,1.3462900896754721,-1,-1,0.9468411409217014,0.7397187698147429,"{'learning_rate': 0.5, 'n_estimators': 200, 'num_leaves': 30}",0.03002152342132039
2,Methane,BGLGBM_separate,0.9160390801848808,1.140030908505979,-1,-1,0.953739776763037,0.6129611261048306,{'n_estimators': 50},0.03002152342132039
