,Gas,Model_name,CV_r2,CV_mse,test_r2_total_model,test_mse_by_total_model,test_r2_separa_model,test_mse_separa_model,best_param,kpg_pca_mse
0,Methane,ETR_separate,0.9098514851456873,1.035369141860593,-1,-1,0.9313743198948645,0.9958237495073994,{'n_estimators': 180},0.029373146140263373
1,Methane,LGBM_separate,0.9080769118812875,1.0462954455599625,-1,-1,0.9398109891829814,0.9677742320845044,"{'learning_rate': 0.5, 'n_estimators': 200, 'num_leaves': 30}",0.029373146140263373
2,Methane,BGLGBM_separate,0.9185391253121825,0.9280509709906385,-1,-1,0.9530891442322962,0.6874662822298077,{'n_estimators': 50},0.029373146140263373
