,Gas,Model_name,CV_r2,CV_mse,test_r2_total_model,test_mse_by_total_model,test_r2_separa_model,test_mse_separa_model,best_param,kpg_pca_mse
0,Methane,ETR_separate,0.8709627752550319,1.2283075580259806,-1,-1,0.9030784203045468,0.788001628456307,{'n_estimators': 200},0.03267831517754391
1,Methane,LGBM_separate,0.8698915929607123,1.2172513886508138,-1,-1,0.8974764299035791,0.8498602409244674,"{'learning_rate': 0.1, 'n_estimators': 200, 'num_leaves': 50}",0.03267831517754391
2,Methane,BGLGBM_separate,0.8753322066478532,1.1707008160985684,-1,-1,0.9133650151975501,0.7209577004917551,{'n_estimators': 50},0.03267831517754391
