,Gas,Model_name,CV_r2,CV_mse,test_r2_total_model,test_mse_by_total_model,test_r2_separa_model,test_mse_separa_model,best_param,kpg_pca_mse
0,Methane,ETR_separate,0.8957045740646393,1.190433184962805,-1,-1,0.7525892469718052,1.5755242818320292,{'n_estimators': 200},0.0305003946395224
1,Methane,LGBM_separate,0.8772460406559448,1.3698295845434605,-1,-1,0.8375282412933742,1.116492194510956,"{'learning_rate': 0.5, 'n_estimators': 200, 'num_leaves': 50}",0.0305003946395224
2,Methane,BGLGBM_separate,0.9014089772327016,1.11338612765778,-1,-1,0.8274449625089694,1.1890732313562573,{'n_estimators': 50},0.0305003946395224
