,Gas,Model_name,CV_r2,CV_mse,test_r2_total_model,test_mse_by_total_model,test_r2_separa_model,test_mse_separa_model,best_param,kpg_pca_mse
0,Methane,ETR_separate,0.5947426550455754,6.835766459114872,-1,-1,0.42809046514591453,2.9463606034958483,{'n_estimators': 180},0.04367916291212605
1,Methane,LGBM_separate,0.5126395776941906,7.997400516533636,-1,-1,0.49019054207378177,3.130533332743269,"{'learning_rate': 0.5, 'n_estimators': 200, 'num_leaves': 20}",0.04367916291212605
2,Methane,BGLGBM_separate,0.5995767385773767,6.658434715834059,-1,-1,0.4747311469068006,3.0093106528819544,{'n_estimators': 50},0.04367916291212605
