,Gas,Model_name,CV_r2,CV_mse,test_r2_total_model,test_mse_by_total_model,test_r2_separa_model,test_mse_separa_model,best_param,kpg_pca_mse
0,Methane,ETR_separate,0.896994214120339,1.113327520586261,-1,-1,0.9174583209353703,0.6644709335288642,{'n_estimators': 200},0.031785979872516926
1,Methane,LGBM_separate,0.894703771927022,1.1459406146851199,-1,-1,0.9221480796564031,0.6628186119963969,"{'learning_rate': 0.5, 'n_estimators': 200, 'num_leaves': 30}",0.031785979872516926
2,Methane,BGLGBM_separate,0.911449576977774,0.9657648978713148,-1,-1,0.9429906756513122,0.4548343982440098,{'n_estimators': 50},0.031785979872516926
