,Gas,Model_name,CV_r2,CV_mse,test_r2_total_model,test_mse_by_total_model,test_r2_separa_model,test_mse_separa_model,best_param,kpg_pca_mse
0,Methane,ETR_separate,0.8608944826111568,1.2788944440405783,-1,-1,0.9014005077731763,0.828245142532558,{'n_estimators': 200},0.03328394034584996
1,Methane,LGBM_separate,0.8659538345262817,1.2210683405212273,-1,-1,0.898057619671819,0.9078645783699895,"{'learning_rate': 0.1, 'n_estimators': 200, 'num_leaves': 50}",0.03328394034584996
2,Methane,BGLGBM_separate,0.8693391735795251,1.188399011782858,-1,-1,0.9154990529010187,0.7102701438650016,{'n_estimators': 50},0.03328394034584996
