,Gas,Model_name,CV_r2,CV_mse,test_r2_total_model,test_mse_by_total_model,test_r2_separa_model,test_mse_separa_model,best_param,kpg_pca_mse
0,Methane,ETR_separate,0.909462930016721,0.9494161575157284,-1,-1,0.6049864570674106,2.167260660997584,{'n_estimators': 180},0.03361062397225348
1,Methane,LGBM_separate,0.881694023153792,1.2304096482932567,-1,-1,0.6198743535354925,2.1559909053999737,"{'learning_rate': 0.5, 'n_estimators': 200, 'num_leaves': 30}",0.03361062397225348
2,Methane,BGLGBM_separate,0.9005118464521121,1.0311214322472155,-1,-1,0.6317822778632826,2.0317389876532825,{'n_estimators': 30},0.03361062397225348
