,Gas,Model_name,CV_r2,CV_mse,test_r2_total_model,test_mse_by_total_model,test_r2_separa_model,test_mse_separa_model,best_param,kpg_pca_mse
0,Methane,ETR_separate,0.9183553726013397,1.015426872082809,-1,-1,0.8923158174599161,0.8260235691593231,{'n_estimators': 200},0.029996497676644307
1,Methane,LGBM_separate,0.9071642325352807,1.153996939253537,-1,-1,0.8797898476768573,0.8628501849486897,"{'learning_rate': 0.5, 'n_estimators': 200, 'num_leaves': 50}",0.029996497676644307
2,Methane,BGLGBM_separate,0.9228093048177198,0.9607080692163154,-1,-1,0.925956546209116,0.5744945504347065,{'n_estimators': 50},0.029996497676644307
