,Gas,Model_name,CV_r2,CV_mse,test_r2_total_model,test_mse_by_total_model,test_r2_separa_model,test_mse_separa_model,best_param,kpg_pca_mse
0,Methane,ETR_separate,0.9136876408564547,0.9727089605811944,-1,-1,0.9132140380034258,0.6705486673856701,{'n_estimators': 180},0.030645624367938107
1,Methane,LGBM_separate,0.9096758276415334,1.0264773029473102,-1,-1,0.9146588436102662,0.6982208198760492,"{'learning_rate': 0.5, 'n_estimators': 200, 'num_leaves': 50}",0.030645624367938107
2,Methane,BGLGBM_separate,0.9260648980373661,0.8389616678626979,-1,-1,0.9019302941865543,0.7003951752465066,{'n_estimators': 50},0.030645624367938107
