,Gas,Model_name,CV_r2,CV_mse,test_r2_total_model,test_mse_by_total_model,test_r2_separa_model,test_mse_separa_model,best_param,kpg_pca_mse
0,Methane,ETR_separate,0.8770282910941829,1.2759811250472954,-1,-1,0.8967723895523533,0.9215595744743309,{'n_estimators': 180},0.029161761969394136
1,Methane,LGBM_separate,0.8752966296796943,1.298008804188217,-1,-1,0.9257914938968477,0.6686288882568148,"{'learning_rate': 0.1, 'n_estimators': 200, 'num_leaves': 50}",0.029161761969394136
2,Methane,BGLGBM_separate,0.8844999587466795,1.2031737056000877,-1,-1,0.919764727402537,0.6973580895769442,{'n_estimators': 50},0.029161761969394136
