,Gas,Model_name,CV_r2,CV_mse,test_r2_total_model,test_mse_by_total_model,test_r2_separa_model,test_mse_separa_model,best_param,kpg_pca_mse
0,Methane,ETR_separate,0.9028692907800485,1.0827763215201918,-1,-1,0.6167201032191266,2.1165924744496256,{'n_estimators': 200},0.03226598870997948
1,Methane,LGBM_separate,0.8807404723174317,1.3078513012628021,-1,-1,0.6168462001022184,2.2597279023754293,"{'learning_rate': 0.5, 'n_estimators': 200, 'num_leaves': 30}",0.03226598870997948
2,Methane,BGLGBM_separate,0.8959134764587515,1.1504204369210682,-1,-1,0.6386986056282966,2.0357358540712562,{'n_estimators': 50},0.03226598870997948
