,Gas,Model_name,CV_r2,CV_mse,test_r2_total_model,test_mse_by_total_model,test_r2_separa_model,test_mse_separa_model,best_param,kpg_pca_mse
0,Methane,ETR_separate,0.8933701408727185,1.252639713320067,-1,-1,0.8555720276988356,1.1717990121085895,{'n_estimators': 180},0.03388810511602097
1,Methane,LGBM_separate,0.8734730274823572,1.4626603336448663,-1,-1,0.8341060868426573,1.5543522766003057,"{'learning_rate': 0.5, 'n_estimators': 200, 'num_leaves': 50}",0.03388810511602097
2,Methane,BGLGBM_separate,0.8939790729401921,1.2119070108146974,-1,-1,0.859695302115977,1.1127891500084903,{'n_estimators': 30},0.03388810511602097
