,Gas,Model_name,CV_r2,CV_mse,test_r2_total_model,test_mse_by_total_model,test_r2_separa_model,test_mse_separa_model,best_param,kpg_pca_mse
0,Methane,ETR_separate,0.8980304911380106,1.1267922732890114,-1,-1,0.9244527167655843,0.6018557819585799,{'n_estimators': 150},0.031313272448474073
1,Methane,LGBM_separate,0.8859631617201777,1.2713636774998889,-1,-1,0.9344031065588057,0.5109483591842335,"{'learning_rate': 0.5, 'n_estimators': 200, 'num_leaves': 30}",0.031313272448474073
2,Methane,BGLGBM_separate,0.9062640151029285,1.0409958879993886,-1,-1,0.9450977901216797,0.43055991731102095,{'n_estimators': 30},0.031313272448474073
