,Gas,Model_name,CV_r2,CV_mse,test_r2_total_model,test_mse_by_total_model,test_r2_separa_model,test_mse_separa_model,best_param,kpg_pca_mse
0,Methane,ETR_separate,0.9129347390640403,0.9761811854114892,-1,-1,0.9193260151499748,1.1576488177602446,{'n_estimators': 180},0.030140307127139786
1,Methane,LGBM_separate,0.9101923104555736,1.0088356799845186,-1,-1,0.9397126215437728,0.9057603590940725,"{'learning_rate': 0.5, 'n_estimators': 200, 'num_leaves': 50}",0.030140307127139786
2,Methane,BGLGBM_separate,0.9213521639688919,0.8822192871110109,-1,-1,0.9510571713118234,0.7111596577728971,{'n_estimators': 50},0.030140307127139786
