,Gas,Model_name,CV_r2,CV_mse,test_r2_total_model,test_mse_by_total_model,test_r2_separa_model,test_mse_separa_model,best_param,kpg_pca_mse
0,Methane,ETR_separate,0.9216727747752831,0.9668047131401483,-1,-1,0.8725254341824386,0.7335951035515182,{'n_estimators': 100},0.030250794955440936
1,Methane,LGBM_separate,0.9164874861736056,1.0377141545667596,-1,-1,0.8712257662411087,0.8250434736744201,"{'learning_rate': 0.5, 'n_estimators': 200, 'num_leaves': 50}",0.030250794955440936
2,Methane,BGLGBM_separate,0.9299498503971375,0.8684800056695355,-1,-1,0.8643747788332657,0.7824389809239748,{'n_estimators': 50},0.030250794955440936
