,Gas,Model_name,CV_r2,CV_mse,test_r2_total_model,test_mse_by_total_model,test_r2_separa_model,test_mse_separa_model,best_param
0,Methane,GBR_separate,0.9188451495810291,0.9906322026180117,-1,-1,0.8989618061134971,0.910319751406333,"{'learning_rate': 0.5, 'n_estimators': 200}"
1,Methane,ETR_separate,0.9126269255270639,1.0478398938619995,-1,-1,0.9078905723622973,0.8230483946589257,{'n_estimators': 180}
2,Methane,LGBM_separate,0.9089277975520442,1.1060377061214797,-1,-1,0.9094332856041341,0.7985412149381038,"{'learning_rate': 0.5, 'n_estimators': 200, 'num_leaves': 50}"
3,Methane,BGLGBM_separate,0.9217102990162693,0.9491106553734548,-1,-1,0.9225137568756668,0.6771809937207385,{'n_estimators': 50}
