,Gas,Model_name,CV_r2,CV_mse,test_r2_total_model,test_mse_by_total_model,test_r2_separa_model,test_mse_separa_model,best_param
0,Methane,GBR_separate,0.905882093721862,1.0278542176069165,-1,-1,0.9119971655333713,1.0596742228412337,"{'learning_rate': 0.5, 'n_estimators': 200}"
1,Methane,ETR_separate,0.8867232875728248,1.223276734690168,-1,-1,0.8976832901301111,1.2197327013881856,{'n_estimators': 200}
2,Methane,LGBM_separate,0.8943440600158535,1.1188821285958244,-1,-1,0.9019855522948722,1.2269151259144084,"{'learning_rate': 0.5, 'n_estimators': 200, 'num_leaves': 50}"
3,Methane,BGLGBM_separate,0.9143757086969113,0.9234100709784945,-1,-1,0.9117617774072876,1.0584854154466596,{'n_estimators': 30}
