,Gas,Model_name,CV_r2,CV_mse,test_r2_total_model,test_mse_by_total_model,test_r2_separa_model,test_mse_separa_model,best_param
0,Methane,GBR_separate,0.9161207648147073,0.9223555816511897,-1,-1,0.9231640135458185,1.0605121666018285,"{'learning_rate': 0.5, 'n_estimators': 200}"
1,Methane,ETR_separate,0.9163496737017883,0.9205288576841676,-1,-1,0.9176965729149321,1.0835713291400184,{'n_estimators': 180}
2,Methane,LGBM_separate,0.9104934588278161,0.9645799727423645,-1,-1,0.9343741467984436,0.9250114795410781,"{'learning_rate': 0.5, 'n_estimators': 200, 'num_leaves': 30}"
3,Methane,BGLGBM_separate,0.9244476311174201,0.8295851790458132,-1,-1,0.9350118101007132,0.8794902174733518,{'n_estimators': 50}
