,Gas,Model_name,CV_r2,CV_mse,test_r2_total_model,test_mse_by_total_model,test_r2_separa_model,test_mse_separa_model,best_param
0,Methane,GBR_separate,0.9132311724651366,0.9839234320756308,-1,-1,0.8871749347916209,1.021523911498405,"{'learning_rate': 0.5, 'n_estimators': 200}"
1,Methane,ETR_separate,0.8936409815624788,1.202002694861402,-1,-1,0.8738536523700317,1.1003664622615434,{'n_estimators': 120}
2,Methane,LGBM_separate,0.9059480935836858,1.081015753383752,-1,-1,0.855654971952978,1.2289998732504668,"{'learning_rate': 0.5, 'n_estimators': 200, 'num_leaves': 50}"
3,Methane,BGLGBM_separate,0.9176193737433375,0.9347020028092274,-1,-1,0.8812716442014484,1.0058404414335833,{'n_estimators': 50}
