,CV_r2,CV_mse,test_r2_separa_model,test_mse_separa_model
0,0.9115366525505137,0.8958784901929158,0.9138956128287519,0.839444893240441
