,CV_r2,CV_mse,test_r2_separa_model,test_mse_separa_model
0,0.9160824272577419,0.8491741687551858,0.9191675214657145,0.794177916643238
