,CV_r2,CV_mse,test_r2_separa_model,test_mse_separa_model
0,0.008036100470060715,0.0840437184385503,0.021583184199397108,0.22853028397738318
