,CV_r2,CV_mse,test_r2_separa_model,test_mse_separa_model
0,0.008217604985103702,0.08760311103650227,0.02136043496225227,0.2296973842180931
