,CV_r2,CV_mse,test_r2_separa_model,test_mse_separa_model
0,0.9174993807948529,0.8343533579718209,0.9188202777000261,0.8002522676938084
