,CV_r2,CV_mse,test_r2_separa_model,test_mse_separa_model
0,0.007684264913167238,0.08202407154369293,0.021948578770791764,0.2272220315642511
