,Gas,Model_name,CV_r2,CV_mse,test_r2_total_model,test_mse_by_total_model,test_r2_separa_model,test_mse_separa_model,best_param
0,E&E,ETR_separate,0.9236689243139609,0.880521041366444,-1,-1,0.8865851803108656,0.7967465973173015,{'n_estimators': 200}
1,E&E,LGBM_separate,0.9336221268154017,0.7697572530201182,-1,-1,0.9305733896560493,0.4841629352008815,"{'learning_rate': 0.1, 'n_estimators': 200, 'num_leaves': 50}"
2,E&E,BGLGBM_separate,0.9373046286116791,0.7302226577510998,-1,-1,0.9295877484632141,0.4901250735385663,{'n_estimators': 50}
3,E&E,ETR_separate,0.8986382348299664,0.7988954976863045,-1,-1,0.8832185673612908,0.8259602890646748,{'n_estimators': 100}
4,E&E,LGBM_separate,0.9249715433861108,0.6142506572651655,-1,-1,0.9298964291140225,0.49411126017657275,"{'learning_rate': 0.1, 'n_estimators': 200, 'num_leaves': 50}"
5,E&E,BGLGBM_separate,0.9308050532027222,0.5630816298300629,-1,-1,0.9349104620441704,0.4524118949813649,{'n_estimators': 50}
