,Gas,Model_name,CV_r2,CV_mse,test_r2_total_model,test_mse_by_total_model,test_r2_separa_model,test_mse_separa_model,best_param
0,E&E,ETR_separate,0.9191717360712632,0.8776268999261218,-1,-1,0.8970352454569389,0.6649602148586728,{'n_estimators': 200}
1,E&E,LGBM_separate,0.9467360647799208,0.5843802868820495,-1,-1,0.946260526838616,0.36410531323362927,"{'learning_rate': 0.1, 'n_estimators': 200, 'num_leaves': 50}"
2,E&E,BGLGBM_separate,0.9471772178480797,0.5768129163379551,-1,-1,0.9493674778843767,0.33441810579955844,{'n_estimators': 50}
3,E&E,ETR_separate,0.901864391492993,0.7271903136524809,-1,-1,0.892124498813979,0.6979758384267678,{'n_estimators': 100}
4,E&E,LGBM_separate,0.9301573506851739,0.5185260811973531,-1,-1,0.943004696929323,0.3796313000060449,"{'learning_rate': 0.1, 'n_estimators': 200, 'num_leaves': 50}"
5,E&E,BGLGBM_separate,0.9371373665908802,0.4674623416811299,-1,-1,0.9449894270882382,0.36068183780116375,{'n_estimators': 50}
