,Gas,Model_name,CV_r2,CV_mse,test_r2_total_model,test_mse_by_total_model,test_r2_separa_model,test_mse_separa_model,best_param
0,E&E,ETR_separate,0.9216012516088534,0.8152608176768312,-1,-1,0.9024130428302061,0.8415070530488192,{'n_estimators': 200}
1,E&E,LGBM_separate,0.9448184307036787,0.5754901906895358,-1,-1,0.897261366463236,0.8876104293068819,"{'learning_rate': 0.1, 'n_estimators': 200, 'num_leaves': 50}"
2,E&E,BGLGBM_separate,0.9484413325244768,0.5394157513639797,-1,-1,0.9081351265299242,0.7952033241310168,{'n_estimators': 50}
3,E&E,ETR_separate,0.8727790293931225,0.8721421837726065,-1,-1,0.9099718409397115,0.7781721889984669,{'n_estimators': 200}
4,E&E,LGBM_separate,0.9185373175908973,0.5621401688406354,-1,-1,0.9239361199927575,0.6555030762759051,"{'learning_rate': 0.5, 'n_estimators': 200, 'num_leaves': 30}"
5,E&E,BGLGBM_separate,0.9247908278836311,0.5212358597978177,-1,-1,0.9301613000589259,0.5867540026778199,{'n_estimators': 50}
