,Gas,Model_name,CV_r2,CV_mse,test_r2_total_model,test_mse_by_total_model,test_r2_separa_model,test_mse_separa_model,best_param
0,E&E,ETR_separate,0.925387306085755,0.8448892059334081,-1,-1,0.8498914983198054,0.97639363873789,{'n_estimators': 100}
1,E&E,LGBM_separate,0.9422143515273198,0.6552876338982871,-1,-1,0.855793582509901,0.9965364905780767,"{'learning_rate': 0.1, 'n_estimators': 200, 'num_leaves': 50}"
2,E&E,BGLGBM_separate,0.9462927746046249,0.6166433815607262,-1,-1,0.8755355316120703,0.8218066683973737,{'n_estimators': 10}
3,E&E,ETR_separate,0.912974419779687,0.6596284381510576,-1,-1,0.8555902016513766,0.9603373280937739,{'n_estimators': 180}
4,E&E,LGBM_separate,0.9336815425706787,0.5010801467344999,-1,-1,0.913360058983159,0.5830837937307454,"{'learning_rate': 0.1, 'n_estimators': 200, 'num_leaves': 50}"
5,E&E,BGLGBM_separate,0.9390516705862699,0.4598220898675403,-1,-1,0.9155462595916641,0.5550800253153415,{'n_estimators': 50}
