,CV_r2,CV_mse,test_r2_separa_model,test_mse_separa_model
0,0.00736680396402376,0.08580795005352405,0.007702775629918422,0.10632002650555601
