,CV_r2,CV_mse,test_r2_separa_model,test_mse_separa_model
0,0.9487065224159303,0.6132367143816362,0.9575732084303396,0.4791366515496761
