,CV_r2,CV_mse,test_r2_separa_model,test_mse_separa_model
0,0.005986524166935735,0.07296870311773883,0.006654884888188282,0.09427292919757585
