,CV_r2,CV_mse,test_r2_separa_model,test_mse_separa_model,kpg_pca_mse
0,0.8555724221669234,1.6400623240051044,0.8498395314858488,1.5483696242929235,0.03378952689268859
