,CV_r2,CV_mse,test_r2_separa_model,test_mse_separa_model,kpg_pca_mse
0,0.04776642619684575,0.5493951471684939,0.059149106449494726,0.8626497808529648,0.0035078367483679634
