,CV_r2,CV_mse,test_r2_separa_model,test_mse_separa_model,kpg_pca_mse
0,0.9326441348417452,0.885677809848118,0.9210088761207852,0.8474559701357842,0.0239863485114612
