,CV_r2,CV_mse,test_r2_separa_model,test_mse_separa_model,kpg_pca_mse
0,0.9356411539219941,0.8553884561116939,0.9222942865604786,0.8369506411541847,0.02302392155675981
