,CV_r2,CV_mse,test_r2_separa_model,test_mse_separa_model,kpg_pca_mse
0,0.9400186953543099,0.8048042132449368,0.9284764392041862,0.7584920131234156,0.021882947074197672
