,CV_r2,CV_mse,test_r2_separa_model,test_mse_separa_model,kpg_pca_mse
0,0.941323453351952,0.7839579902534378,0.9286756125112342,0.7489004703019353,0.02161305162954531
