,CV_r2,CV_mse,test_r2_separa_model,test_mse_separa_model,kpg_pca_mse
0,0.9425415151183105,0.7681681448168206,0.9316654887163884,0.718074336629268,0.020910020518420426
