,CV_r2,CV_mse,test_r2_separa_model,test_mse_separa_model,kpg_pca_mse
0,0.0031621736120277513,0.035882351365330314,0.03518747091511747,0.3560286101788624,0.0003764805890791763
