,CV_r2,CV_mse,test_r2_separa_model,test_mse_separa_model,kpg_pca_mse
0,0.9458184196852417,0.723684985003016,0.9357584783317817,0.6741505296877375,0.019617879509781194
