,CV_r2,CV_mse,test_r2_separa_model,test_mse_separa_model,kpg_pca_mse
0,0.9464778914511845,0.7170604253664085,0.9365458816007702,0.6661849172786413,0.019336426752524342
