,CV_r2,CV_mse,test_r2_separa_model,test_mse_separa_model,kpg_pca_mse
0,0.9466921089580341,0.7116956500863384,0.9366699353434069,0.6623045193773496,0.019069447113834976
