,CV_r2,CV_mse,test_r2_separa_model,test_mse_separa_model,kpg_pca_mse
0,0.9484164500455633,0.6881338308994064,0.9377670889243213,0.651947371203706,0.018234020167678288
