,CV_r2,CV_mse,test_r2_separa_model,test_mse_separa_model,kpg_pca_mse
0,0.0020439546258501735,0.025692585962994344,0.02957793249687913,0.33917863702090045,0.0001630958770278091
