,CV_r2,CV_mse,test_r2_separa_model,test_mse_separa_model,kpg_pca_mse
0,0.9066483591548821,1.1864759857141989,0.9004220678777048,1.0574298659582773,0.028163293498395595
