,CV_r2,CV_mse,test_r2_separa_model,test_mse_separa_model,kpg_pca_mse
0,0.017741061700789013,0.1566861324643552,0.059785945028714954,0.6133733704018645,0.0019801326465773927
