,CV_r2,CV_mse,test_r2_separa_model,test_mse_separa_model,kpg_pca_mse
0,0.9114547371188573,1.1323377238019545,0.9079184042009498,0.9658268806780451,0.02725513912596235
