,CV_r2,CV_mse,test_r2_separa_model,test_mse_separa_model,kpg_pca_mse
0,0.9130744907727677,1.1063359492690406,0.908970864071035,0.9570971016771657,0.026761086391566522
