,CV_r2,CV_mse,test_r2_separa_model,test_mse_separa_model,kpg_pca_mse
0,0.9186218781746587,1.0560288436224403,0.9111617943553277,0.9447386663893188,0.02659222382484215
