,CV_r2,CV_mse,test_r2_separa_model,test_mse_separa_model,kpg_pca_mse
0,0.01156492207255406,0.12848916483779144,0.043939554805912724,0.4975151512865903,0.0017953468724359709
