,CV_r2,CV_mse,test_r2_separa_model,test_mse_separa_model,kpg_pca_mse
0,0.9224847665651414,1.0052061089343205,0.9132851980541663,0.9305100953964702,0.025857107757600528
