,CV_r2,CV_mse,test_r2_separa_model,test_mse_separa_model,kpg_pca_mse
0,0.009068183057684323,0.11536578199173311,0.04331275783222584,0.5235016929971624,0.0016276851939882907
