,CV_r2,CV_mse,test_r2_separa_model,test_mse_separa_model,kpg_pca_mse
0,0.00629990351114538,0.0863366214835663,0.039006108371764645,0.448369050835243,0.0013877317812846064
