,Gas,Model_name,CV_r2,CV_mse,test_r2_total_model,test_mse_by_total_model,test_r2_separa_model,test_mse_separa_model,best_param
0,CFCs,ETR_separate,0.9321309341224019,0.9322440061485606,-1,-1,0.9279013133314901,0.7231730884405254,{'n_estimators': 180}
1,CFCs,LGBM_separate,0.9184112522650756,1.1273002905017706,-1,-1,0.9498763211665039,0.4603937510738263,"{'learning_rate': 0.5, 'n_estimators': 200, 'num_leaves': 20}"
2,CFCs,BGLGBM_separate,0.9324808583377578,0.9404834522007285,-1,-1,0.9545496419037294,0.44286584501911463,{'n_estimators': 50}
3,CFCs,XGBR_separate,0.9033630618893657,1.344060904382962,-1,-1,0.9477928032167092,0.45682833460357986,"{'max_depth': 8, 'n_estimators': 200}"
4,CFCs,ETR_separate,0.9497641304543867,0.998176721317632,-1,-1,0.9339448605162057,0.6649671732409362,{'n_estimators': 150}
5,CFCs,LGBM_separate,0.9383582567431615,1.2292523948428062,-1,-1,0.9107513305912456,1.004073335908693,"{'learning_rate': 0.5, 'n_estimators': 200, 'num_leaves': 10}"
6,CFCs,BGLGBM_separate,0.9355202870730862,1.2884174337253,-1,-1,0.92110267542403,0.8500488923498432,{'n_estimators': 50}
7,CFCs,XGBR_separate,0.9479435107417636,1.055210707825254,-1,-1,0.9693028595221138,0.295964171630074,"{'max_depth': 6, 'n_estimators': 200}"
