,Gas,Model_name,CV_r2,CV_mse,test_r2_total_model,test_mse_by_total_model,test_r2_separa_model,test_mse_separa_model,best_param
0,CFCs,ETR_separate,0.9199036350026841,1.1676047919923596,-1,-1,0.9410886417528328,1.0095001461992614,{'n_estimators': 100}
1,CFCs,LGBM_separate,0.8870933692294323,1.5923542995826545,-1,-1,0.9363803677434621,1.3442822581956657,"{'learning_rate': 0.5, 'n_estimators': 200, 'num_leaves': 20}"
2,CFCs,BGLGBM_separate,0.9073439327465065,1.331812190416164,-1,-1,0.9323401144751415,1.3358743421121084,{'n_estimators': 50}
3,CFCs,XGBR_separate,0.877399183368933,1.8086932105226423,-1,-1,0.8663477806548628,2.1383713976610803,"{'max_depth': 8, 'n_estimators': 200}"
4,CFCs,ETR_separate,0.9464395235705767,0.9035315859225488,-1,-1,0.8090255346337147,3.564472202309725,{'n_estimators': 120}
5,CFCs,LGBM_separate,0.9352763216886764,1.0774032235917157,-1,-1,0.8082039880535313,5.28097667876395,"{'learning_rate': 0.5, 'n_estimators': 200, 'num_leaves': 10}"
6,CFCs,BGLGBM_separate,0.9437883715056149,0.9386132704039036,-1,-1,0.7680462846964161,5.565783045927016,{'n_estimators': 30}
7,CFCs,XGBR_separate,0.9535701020780684,0.7767729204848204,-1,-1,0.8148064215992349,4.086548483731799,"{'max_depth': 6, 'n_estimators': 200}"
