,Gas,Model_name,CV_r2,CV_mse,test_r2_total_model,test_mse_by_total_model,test_r2_separa_model,test_mse_separa_model,best_param
0,CFCs,ETR_separate,0.910358883359096,1.215289842593452,-1,-1,0.9581342628528585,0.3794768508843677,{'n_estimators': 180}
1,CFCs,LGBM_separate,0.8749427811452419,1.6929360207352624,-1,-1,0.9513606065035849,0.43305977725580447,"{'learning_rate': 0.5, 'n_estimators': 200, 'num_leaves': 20}"
2,CFCs,BGLGBM_separate,0.8965838949037988,1.3849333024830768,-1,-1,0.9445082226591925,0.4516715633050267,{'n_estimators': 50}
3,CFCs,XGBR_separate,0.8841477989514761,1.574830886385753,-1,-1,0.9545104865070719,0.3949937137627216,"{'max_depth': 8, 'n_estimators': 200}"
4,CFCs,ETR_separate,0.9522722799838503,0.962142567044139,-1,-1,0.9597410327411194,0.36593104176129476,{'n_estimators': 180}
5,CFCs,LGBM_separate,0.9508961661030877,0.9662180755188888,-1,-1,0.9696865325408446,0.2740903214804386,"{'learning_rate': 0.5, 'n_estimators': 200, 'num_leaves': 50}"
6,CFCs,BGLGBM_separate,0.9584704448168899,0.8496000157093428,-1,-1,0.960670222859538,0.3344029980112012,{'n_estimators': 50}
7,CFCs,XGBR_separate,0.9657775620160092,0.7015683384591967,-1,-1,0.9729642429948574,0.22964002589735213,"{'max_depth': 6, 'n_estimators': 200}"
