,Gas,Model_name,CV_r2,CV_mse,test_r2_total_model,test_mse_by_total_model,test_r2_separa_model,test_mse_separa_model,best_param
0,CFCs,ETR_separate,0.9201079377436374,1.1238357578677671,-1,-1,0.9402630760582289,1.0324804910679133,{'n_estimators': 150}
1,CFCs,LGBM_separate,0.9003109876961103,1.4199459410396809,-1,-1,0.9555505463696596,0.8383335947940612,"{'learning_rate': 0.5, 'n_estimators': 200, 'num_leaves': 20}"
2,CFCs,BGLGBM_separate,0.9147408253345942,1.216721634605454,-1,-1,0.9381031911455437,1.0671362705279288,{'n_estimators': 50}
3,CFCs,XGBR_separate,0.8926176913702901,1.5531961331802377,-1,-1,0.9232603340212507,1.1298029391518436,"{'max_depth': 8, 'n_estimators': 200}"
4,CFCs,ETR_separate,0.9397519040362304,1.103108888397252,-1,-1,0.9678659550844574,0.573052955043959,{'n_estimators': 200}
5,CFCs,LGBM_separate,0.94255384833076,0.9743808248709321,-1,-1,0.9756075961366459,0.4498897609296395,"{'learning_rate': 0.5, 'n_estimators': 200, 'num_leaves': 10}"
6,CFCs,BGLGBM_separate,0.9493712124623072,0.936391422573234,-1,-1,0.9632925498407872,0.6431757848386516,{'n_estimators': 50}
7,CFCs,XGBR_separate,0.9451342766188165,0.961416884529641,-1,-1,0.969042696650376,0.5357149828771944,"{'max_depth': 6, 'n_estimators': 200}"
