,Gas,Model_name,CV_r2,CV_mse,test_r2_total_model,test_mse_by_total_model,test_r2_separa_model,test_mse_separa_model,best_param
0,CFCs,ETR_separate,0.8812542038955369,1.3988450702622879,-1,-1,0.9706975546688098,0.7799815641281492,{'n_estimators': 200}
1,CFCs,LGBM_separate,0.8631102366136835,1.5842186402878,-1,-1,0.9504108765313094,1.1850335770850435,"{'learning_rate': 0.5, 'n_estimators': 200, 'num_leaves': 30}"
2,CFCs,BGLGBM_separate,0.8832383649544691,1.3567713500067267,-1,-1,0.9597449700204733,0.9448728824385705,{'n_estimators': 50}
3,CFCs,XGBR_separate,0.8798083545893103,1.3947274511639463,-1,-1,0.9654567755046526,0.850383810534376,"{'max_depth': 8, 'n_estimators': 200}"
4,CFCs,ETR_separate,0.9200188254332075,1.3578439774853939,-1,-1,0.9715784001837645,0.7488439596450236,{'n_estimators': 180}
5,CFCs,LGBM_separate,0.9079827092908006,1.6425296926762218,-1,-1,0.9491336720655834,1.2160662907390534,"{'learning_rate': 0.5, 'n_estimators': 200, 'num_leaves': 20}"
6,CFCs,BGLGBM_separate,0.9121008091003837,1.605150930430248,-1,-1,0.9712614470952994,0.7198488396076643,{'n_estimators': 30}
7,CFCs,XGBR_separate,0.9269340198737972,1.305026222168787,-1,-1,0.9752626402879372,0.6262016138544995,"{'max_depth': 6, 'n_estimators': 200}"
