,Gas,Model_name,CV_r2,CV_mse,test_r2_total_model,test_mse_by_total_model,test_r2_separa_model,test_mse_separa_model,best_param
0,CFCs,ETR_separate,0.9129298607091648,1.2741445584419675,-1,-1,0.9646266625021052,0.43011045716537416,{'n_estimators': 200}
1,CFCs,LGBM_separate,0.904634148623827,1.3804971218306687,-1,-1,0.9362490778838015,0.8498134813745728,"{'learning_rate': 0.5, 'n_estimators': 200, 'num_leaves': 50}"
2,CFCs,BGLGBM_separate,0.9135971996833939,1.2668301143988088,-1,-1,0.9571782293520136,0.502303392515909,{'n_estimators': 50}
3,CFCs,XGBR_separate,0.9133120944699875,1.2719092856797751,-1,-1,0.9459203829017274,0.6010357863876262,"{'max_depth': 8, 'n_estimators': 200}"
4,CFCs,ETR_separate,0.951242362255927,0.9697471909472636,-1,-1,0.9658901458631124,0.4109056091413631,{'n_estimators': 180}
5,CFCs,LGBM_separate,0.9544869964162608,0.8920473756298894,-1,-1,0.9505883491696753,0.6135260707710579,"{'learning_rate': 0.5, 'n_estimators': 200, 'num_leaves': 20}"
6,CFCs,BGLGBM_separate,0.9566416219205868,0.8583446035350469,-1,-1,0.9602997022600759,0.4567039515192664,{'n_estimators': 50}
7,CFCs,XGBR_separate,0.9556713278625931,0.8389413220003747,-1,-1,0.9565729555813642,0.5053185506047007,"{'max_depth': 6, 'n_estimators': 200}"
