,Gas,Model_name,CV_r2,CV_mse,test_r2_total_model,test_mse_by_total_model,test_r2_separa_model,test_mse_separa_model,best_param
0,Methane,ETR_separate,0.8727808736839615,1.2533041837402419,-1,-1,0.8528552105243689,1.307275336214827,{'n_estimators': 180}
1,Methane,LGBM_separate,0.853122824797848,1.4374357689958832,-1,-1,0.8468291992404015,1.4579649307852747,"{'learning_rate': 0.5, 'n_estimators': 200, 'num_leaves': 50}"
2,Methane,BGLGBM_separate,0.8787659903295303,1.1880281971551105,-1,-1,0.8591680289762815,1.3239384883368692,{'n_estimators': 50}
3,Methane,XGBR_separate,0.8677302724164425,1.3014678495119816,-1,-1,0.8525208252304651,1.2973370100080428,"{'max_depth': 8, 'n_estimators': 200}"
