,Gas,Model_name,CV_r2,CV_mse,test_r2_total_model,test_mse_by_total_model,test_r2_separa_model,test_mse_separa_model,best_param
0,Methane,ETR_separate,0.8345055318565452,1.1807354512113173,-1,-1,0.36408273799109725,4.83092910942406,{'n_estimators': 180}
1,Methane,LGBM_separate,0.7897488289987626,1.460829404680456,-1,-1,0.4009984629072827,4.880771522489891,"{'learning_rate': 0.1, 'n_estimators': 200, 'num_leaves': 20}"
2,Methane,BGLGBM_separate,0.8044064240589428,1.3675383906235128,-1,-1,0.34962555495790404,5.068427644552774,{'n_estimators': 50}
3,Methane,XGBR_separate,0.8157168090961446,1.2621020686418547,-1,-1,0.3539461104823709,4.925626908145699,"{'max_depth': 6, 'n_estimators': 200}"
