,Gas,Model_name,CV_r2,CV_mse,test_r2_total_model,test_mse_by_total_model,test_r2_separa_model,test_mse_separa_model,best_param
0,Methane,ETR_separate,0.9140056219117799,0.9326709139642503,-1,-1,0.7948479204682815,2.444267736286748,{'n_estimators': 120}
1,Methane,LGBM_separate,0.8555696595027344,1.633039687022117,-1,-1,0.7028142160761773,3.4970757334444715,"{'learning_rate': 0.5, 'n_estimators': 180, 'num_leaves': 10}"
2,Methane,BGLGBM_separate,0.8696083528195743,1.4898526822880303,-1,-1,0.760352999193414,2.7096629401053676,{'n_estimators': 50}
3,Methane,XGBR_separate,0.836766965308313,1.8816734403029785,-1,-1,0.7970604078192896,2.5363781259838363,"{'max_depth': 4, 'n_estimators': 200}"
