,Gas,Model_name,CV_r2,CV_mse,test_r2_total_model,test_mse_by_total_model,test_r2_separa_model,test_mse_separa_model,best_param
0,Methane,ETR_separate,0.9158248149823326,0.9376454222069628,-1,-1,0.9219595532145504,1.0969214477324574,{'n_estimators': 200}
1,Methane,LGBM_separate,0.9117395932660808,0.9857692912332642,-1,-1,0.9114470920942466,1.3402182323787173,"{'learning_rate': 0.5, 'n_estimators': 200, 'num_leaves': 50}"
2,Methane,BGLGBM_separate,0.9284160544347267,0.8019845194752288,-1,-1,0.9210646447520885,1.1443573669560834,{'n_estimators': 30}
3,Methane,XGBR_separate,0.9136943574787267,0.9673589850932774,-1,-1,0.8565591597127641,1.8082795504942593,"{'max_depth': 10, 'n_estimators': 200}"
