,Gas,Model_name,CV_r2,CV_mse,test_r2_total_model,test_mse_by_total_model,test_r2_separa_model,test_mse_separa_model,best_param
0,Methane,ETR_separate,0.8970761594035951,1.0636384016691909,-1,-1,0.911374655958139,0.7271795607864917,{'n_estimators': 200}
1,Methane,LGBM_separate,0.8791618846913896,1.2519959139979406,-1,-1,0.8983950746610149,0.953612113705896,"{'learning_rate': 0.5, 'n_estimators': 200, 'num_leaves': 30}"
2,Methane,BGLGBM_separate,0.8912276473583762,1.1333004659025594,-1,-1,0.9165813289043094,0.7191931676831859,{'n_estimators': 50}
3,Methane,XGBR_separate,0.8780791670843706,1.3429287474014084,-1,-1,0.8926576812900685,0.7977738265327557,"{'max_depth': 8, 'n_estimators': 200}"
