,Gas,Model_name,CV_r2,CV_mse,test_r2_total_model,test_mse_by_total_model,test_r2_separa_model,test_mse_separa_model,best_param
0,Methane,ETR_separate,0.7325239397898139,2.2438881350128095,-1,-1,0.8539162770015915,1.3723766635712416,{'n_estimators': 180}
1,Methane,LGBM_separate,0.7138639819188921,2.4134570026923186,-1,-1,0.7440763198842582,2.624933987826603,"{'learning_rate': 0.5, 'n_estimators': 200, 'num_leaves': 10}"
2,Methane,BGLGBM_separate,0.713980702701636,2.38951170841806,-1,-1,0.8311121233571548,1.6433509858504782,{'n_estimators': 10}
3,Methane,XGBR_separate,0.6970602748488004,2.5615450665230832,-1,-1,0.8340150963192909,1.5144185129203587,"{'max_depth': 6, 'n_estimators': 200}"
