,Gas,Model_name,CV_r2,CV_mse,test_r2_total_model,test_mse_by_total_model,test_r2_separa_model,test_mse_separa_model,best_param
0,Methane,ETR_separate,0.897463162049782,1.1135086331974218,-1,-1,0.9197207192304777,1.1225289738942612,{'n_estimators': 200}
1,Methane,LGBM_separate,0.8859168600792738,1.2187131479240052,-1,-1,0.878949944862738,1.6081984372242837,"{'learning_rate': 0.5, 'n_estimators': 200, 'num_leaves': 50}"
2,Methane,BGLGBM_separate,0.9047084820782596,1.0318165594634816,-1,-1,0.9009490303489551,1.2406864823011694,{'n_estimators': 50}
3,Methane,XGBR_separate,0.8980711434623705,1.099065623421668,-1,-1,0.8336174355290845,1.830436416889699,"{'max_depth': 8, 'n_estimators': 200}"
