,Gas,Model_name,CV_r2,CV_mse,test_r2_total_model,test_mse_by_total_model,test_r2_separa_model,test_mse_separa_model,best_param
0,Methane,ETR_separate,0.9116000324602759,1.0239462487928268,-1,-1,0.9124517602041164,0.8672309944436033,{'n_estimators': 200}
1,Methane,LGBM_separate,0.9150892727115597,0.9939958057082456,-1,-1,0.9372856711056262,0.6192296585090828,"{'learning_rate': 0.5, 'n_estimators': 200, 'num_leaves': 30}"
2,Methane,BGLGBM_separate,0.9236050485801155,0.8918632948730079,-1,-1,0.9449605108602255,0.5203922306958569,{'n_estimators': 50}
3,Methane,XGBR_separate,0.9125856666217251,1.0202800727015862,-1,-1,0.9252312961601807,0.684699562091943,"{'max_depth': 8, 'n_estimators': 200}"
