,Gas,Model_name,CV_r2,CV_mse,test_r2_total_model,test_mse_by_total_model,test_r2_separa_model,test_mse_separa_model,best_param
0,Methane,ETR_separate,0.9172834939638557,0.935651144948681,-1,-1,0.9402326709190778,0.5218627754840611,{'n_estimators': 180}
1,Methane,LGBM_separate,0.9170279970163534,0.919466137590236,-1,-1,0.9511572237093064,0.43673134513326173,"{'learning_rate': 0.1, 'n_estimators': 200, 'num_leaves': 50}"
2,Methane,BGLGBM_separate,0.9230595232490181,0.8578608298627239,-1,-1,0.9521389797064356,0.42081469222911355,{'n_estimators': 50}
3,Methane,XGBR_separate,0.9154228747305211,0.9515342738432369,-1,-1,0.9525371448812378,0.3884274463128873,"{'max_depth': 8, 'n_estimators': 200}"
