,Gas,Model_name,CV_r2,CV_mse,test_r2_total_model,test_mse_by_total_model,test_r2_separa_model,test_mse_separa_model,best_param
0,Methane,ETR_separate,0.68034006355925,2.600984676645588,-1,-1,0.6495892557580791,2.410172274645942,{'n_estimators': 200}
1,Methane,LGBM_separate,0.5659678521307564,3.389389503613809,-1,-1,0.6906946143797287,2.7744452257913985,"{'learning_rate': 0.5, 'n_estimators': 150, 'num_leaves': 10}"
2,Methane,BGLGBM_separate,0.5940675226305367,3.1920419192545246,-1,-1,0.6959760821639791,2.333951275816691,{'n_estimators': 50}
3,Methane,XGBR_separate,0.633386809122241,2.864103662592457,-1,-1,0.6648077492190858,2.321807089941528,"{'max_depth': 4, 'n_estimators': 200}"
