,Gas,Model_name,CV_r2,CV_mse,test_r2_total_model,test_mse_by_total_model,test_r2_separa_model,test_mse_separa_model,best_param
0,Methane,ETR_separate,0.8174229655306208,1.3630491930038005,-1,-1,0.6274134786840192,2.7329638116978874,{'n_estimators': 180}
1,Methane,LGBM_separate,0.7870906867595804,1.624411892416345,-1,-1,0.6821932326635352,2.699468026166095,"{'learning_rate': 0.5, 'n_estimators': 200, 'num_leaves': 10}"
2,Methane,BGLGBM_separate,0.7847442570214035,1.6238765547275864,-1,-1,0.6518520694399215,2.6793565650198836,{'n_estimators': 30}
3,Methane,XGBR_separate,0.767306196330232,1.737364269831867,-1,-1,0.6303862618390166,2.683282930183749,"{'max_depth': 4, 'n_estimators': 200}"
