,Gas,Model_name,CV_r2,CV_mse,test_r2_total_model,test_mse_by_total_model,test_r2_separa_model,test_mse_separa_model,best_param
0,Methane,ETR_separate,0.8630019979291259,1.2805953383318862,-1,-1,0.8574296278055138,1.2568431152958621,{'n_estimators': 150}
1,Methane,LGBM_separate,0.8408281410579264,1.4188868100804914,-1,-1,0.8293578169998799,1.6121071007979715,"{'learning_rate': 0.1, 'n_estimators': 200, 'num_leaves': 20}"
2,Methane,BGLGBM_separate,0.8496016384186691,1.367290492180862,-1,-1,0.8424118295964543,1.4285984136637035,{'n_estimators': 30}
3,Methane,XGBR_separate,0.8429700569688279,1.4785879105725457,-1,-1,0.8280977760198871,1.3812517036560283,"{'max_depth': 4, 'n_estimators': 200}"
