,Gas,Model_name,CV_r2,CV_mse,test_r2_total_model,test_mse_by_total_model,test_r2_separa_model,test_mse_separa_model,best_param
0,Methane,ETR_separate,0.915051648520123,0.9699918205651074,-1,-1,0.9069629605248124,0.9774491855376634,{'n_estimators': 180}
1,Methane,LGBM_separate,0.910853319900132,1.0066689358092096,-1,-1,0.9212729550506324,0.8322594890707933,"{'learning_rate': 0.5, 'n_estimators': 200, 'num_leaves': 50}"
2,Methane,BGLGBM_separate,0.9213390565525783,0.8996020732720748,-1,-1,0.9498155686443399,0.49493349045077345,{'n_estimators': 50}
3,Methane,XGBR_separate,0.897809977122531,1.170437722798717,-1,-1,0.8599124551830417,1.222747202315003,"{'max_depth': 10, 'n_estimators': 200}"
