,Gas,Model_name,CV_r2,CV_mse,test_r2_total_model,test_mse_by_total_model,test_r2_separa_model,test_mse_separa_model,best_param
0,Methane,ETR_separate,0.8467926613294459,1.8700571968975719,-1,-1,0.8598516796612046,1.3974152695073079,{'n_estimators': 200}
1,Methane,LGBM_separate,0.8199258149053197,2.071769085432773,-1,-1,0.8387346453757663,1.9169939242590874,"{'learning_rate': 0.5, 'n_estimators': 200, 'num_leaves': 30}"
2,Methane,BGLGBM_separate,0.8311696962822456,1.959487645740967,-1,-1,0.8659413121274192,1.4810984394587967,{'n_estimators': 30}
3,Methane,XGBR_separate,0.7915293145299149,2.393230384220897,-1,-1,0.8795767547086182,1.2382782660238707,"{'max_depth': 6, 'n_estimators': 200}"
