,Gas,Model_name,CV_r2,CV_mse,test_r2_total_model,test_mse_by_total_model,test_r2_separa_model,test_mse_separa_model,best_param
0,Methane,ETR_separate,0.887237721452155,1.0277470372991775,-1,-1,0.8574692808735744,1.5018891660383131,{'n_estimators': 100}
1,Methane,LGBM_separate,0.8643890281255733,1.208990273910173,-1,-1,0.8004175494452536,2.1577241037399997,"{'learning_rate': 0.5, 'n_estimators': 200, 'num_leaves': 20}"
2,Methane,BGLGBM_separate,0.8894354040306831,0.9989242000922867,-1,-1,0.8409501471623471,1.6601207785983378,{'n_estimators': 50}
3,Methane,XGBR_separate,0.8574261091511772,1.2789261767094422,-1,-1,0.8440132366720083,1.4470184339241658,"{'max_depth': 8, 'n_estimators': 200}"
