,Gas,Model_name,CV_r2,CV_mse,test_r2_total_model,test_mse_by_total_model,test_r2_separa_model,test_mse_separa_model,best_param
0,Methane,ETR_separate,0.7662464313278308,2.2751881912074112,-1,-1,0.5866013827537429,4.098201207706997,{'n_estimators': 200}
1,Methane,LGBM_separate,0.7957919976085229,1.838206891028785,-1,-1,0.5958272149592452,4.1727073816250355,"{'learning_rate': 0.5, 'n_estimators': 200, 'num_leaves': 10}"
2,Methane,BGLGBM_separate,0.8448765234050143,1.523377216819076,-1,-1,0.6036671320270621,4.201182706013785,{'n_estimators': 50}
3,Methane,XGBR_separate,0.7877574450241079,2.088767385418702,-1,-1,0.5534040555140384,4.152577698767452,"{'max_depth': 6, 'n_estimators': 200}"
