,CV_r2,CV_mse,test_r2_separa_model,test_mse_separa_model
0,0.9123493132641931,1.0182889231005474,0.9185036264092179,0.8785001498173379
1,0.9086212306372949,1.052211836849983,0.9157201912268806,0.9332398956766029
2,0.9215574888546987,0.9104219322927438,0.9333269650822189,0.7220250156358723
3,0.9088118275001209,1.0610131155778975,0.9006194836018796,0.9765831826552198
