,CV_r2,CV_mse,test_r2_separa_model,test_mse_separa_model
0,0.8119498072592475,1.9122544353488267,0.7307402004882892,2.219891594248494
1,0.7781950036534497,2.2145475675518758,0.713092694728392,2.6291111829440714
2,0.7971818528736135,2.097291504137087,0.7354598330597966,2.2767247430913025
3,0.7801660983766148,2.227202079400343,0.7244228199276839,2.2369984389888558
