,CV_r2,CV_mse,test_r2_separa_model,test_mse_separa_model
0,0.9137390173950047,0.9828133184420924,0.9135699592739928,0.9392690536601485
1,0.9075929429007557,1.0532201652707704,0.9144192255499138,0.9249524966105952
2,0.9217391953327662,0.8946024144107831,0.9267644102060665,0.7855388276094064
3,0.9114241674263865,1.0157850811282934,0.904353827901411,0.9549750222813884
