,CV_r2,CV_mse,test_r2_separa_model,test_mse_separa_model
0,0.9103528999443846,1.0107645841732753,0.9178743345228867,0.8738073039193
1,0.9017917248814873,1.099687152225798,0.9187595345283684,0.8929826958207505
2,0.9172733227475598,0.9326091326309204,0.9289634124249341,0.7579235453287346
3,0.901254212752829,1.1158896287586249,0.9015022797012986,0.9630916300537399
