,CV_r2,CV_mse,test_r2_separa_model,test_mse_separa_model
0,0.011233924309134728,0.18749356460426483,0.026885027910912625,0.23723257368653816
1,0.010740767008481216,0.15839429452687218,0.036443373883627055,0.3384980549743301
2,0.01117689610780656,0.1823531650487249,0.029207691254756668,0.296313026289211
3,0.011792737729855552,0.19436338919032228,0.04495386203614126,0.44039025913456314
