,CV_r2,CV_mse,test_r2_separa_model,test_mse_separa_model
0,0.018341536086791406,0.23098918408058525,0.09799312066240957,0.8194025496739488
1,0.020351861160865337,0.22487388163373515,0.06364082515232393,0.5774884290324803
2,0.018238326789389882,0.20345185491206938,0.08990772261320783,0.7855832677388319
3,0.025172558481272617,0.3012627112991131,0.11220960558262671,0.8994578601082861
