,CV_r2,CV_mse,test_r2_separa_model,test_mse_separa_model
0,0.9079888090413771,1.0588628356912695,0.9132058964057965,0.9197797571737449
1,0.8998712315453267,1.1447391605486996,0.9183014099798404,0.9025163121917554
2,0.9146942596090633,0.9757468597291569,0.9271894659104231,0.7753248627246114
3,0.9018359933138538,1.1287718310333152,0.9019428896800001,0.9423625754071882
