,Gas,Model_name,CV_r2,CV_mse,test_r2_total_model,test_mse_by_total_model,test_r2_separa_model,test_mse_separa_model,best_param
0,E&E,GBR_separate,0.9309184137657904,0.5105699660823549,-1,-1,0.9257736633060124,0.47179449391557193,"{'learning_rate': 0.5, 'n_estimators': 200}"
1,E&E,ETR_separate,0.9015250817361942,0.7315563172870241,-1,-1,0.8692647508787897,0.7456727493451897,{'n_estimators': 200}
2,E&E,LGBM_separate,0.935708070481391,0.4760532777130602,-1,-1,0.9286293659458115,0.42667336390961685,"{'learning_rate': 0.1, 'n_estimators': 200, 'num_leaves': 50}"
3,E&E,BGLGBM_separate,0.9400016439662735,0.44624946388481723,-1,-1,0.9272944045261776,0.4256642810174805,{'n_estimators': 50}
