,Gas,Model_name,CV_r2,CV_mse,test_r2_total_model,test_mse_by_total_model,test_r2_separa_model,test_mse_separa_model,best_param
0,E&E,GBR_separate,0.9303645381473498,0.49011050459830025,-1,-1,0.9328082945196924,0.46665625166236724,"{'learning_rate': 0.5, 'n_estimators': 200}"
1,E&E,ETR_separate,0.8875355846028888,0.7873138460904794,-1,-1,0.876655702358099,0.8101077456684272,{'n_estimators': 200}
2,E&E,LGBM_separate,0.9339488045602357,0.46341403566521056,-1,-1,0.9360609502969689,0.44479176990276453,"{'learning_rate': 0.1, 'n_estimators': 200, 'num_leaves': 50}"
3,E&E,BGLGBM_separate,0.9395823504353922,0.42402211954252006,-1,-1,0.937639849069413,0.42809491927563315,{'n_estimators': 50}
