,CV_r2,CV_mse,test_r2_separa_model,test_mse_separa_model
0,0.00940587474243855,0.11213009488752382,0.0181001378174411,0.1661966290477728
