,CV_r2,CV_mse,test_r2_separa_model,test_mse_separa_model
0,0.9288286488133841,0.8503901846049016,0.9360851585898372,0.7012034560219047
