,CV_r2,CV_mse,test_r2_separa_model,test_mse_separa_model
0,0.934874929633966,0.7767796847338289,0.9425859780377153,0.6325346523337462
