,Gas,Model_name,CV_r2,CV_mse,test_r2_total_model,test_mse_by_total_model,test_r2_separa_model,test_mse_separa_model,best_param
0,CFCs,ETR_separate,0.9149660387424167,0.9742706847108135,-1,-1,0.9828343364595377,0.18958848565636816,{'n_estimators': 100}
1,CFCs,LGBM_separate,0.9331159392662973,0.7825791141849457,-1,-1,0.9740279802971138,0.33946872027290464,"{'learning_rate': 0.1, 'n_estimators': 200, 'num_leaves': 50}"
2,CFCs,BGLGBM_separate,0.936735574006424,0.7418025975993977,-1,-1,0.9736801124610066,0.3230099374395043,{'n_estimators': 50}
3,CFCs,XGBR_separate,0.9365615352992023,0.7415004111545441,-1,-1,0.9669302005646384,0.359747048851723,"{'max_depth': 8, 'n_estimators': 200}"
4,CFCs,ETR_separate,0.9306214941799302,1.3470052024947423,-1,-1,0.9850332074498771,0.1690225089337216,{'n_estimators': 180}
5,CFCs,LGBM_separate,0.9151264564571964,1.620044456559792,-1,-1,0.9499175214588007,0.6191402185447893,"{'learning_rate': 0.5, 'n_estimators': 200, 'num_leaves': 50}"
6,CFCs,BGLGBM_separate,0.9115501460778095,1.6588611397314335,-1,-1,0.9662610169819611,0.4071616313968177,{'n_estimators': 50}
7,CFCs,XGBR_separate,0.9275107111045076,1.3847308460028092,-1,-1,0.9799726718021873,0.23982786394024466,"{'max_depth': 6, 'n_estimators': 200}"
