,Gas,Model_name,CV_r2,CV_mse,test_r2_total_model,test_mse_by_total_model,test_r2_separa_model,test_mse_separa_model,best_param
0,CFCs,ETR_separate,0.9186822169514258,0.8310833345517346,-1,-1,0.9292141782305804,1.085938772667149,{'n_estimators': 180}
1,CFCs,LGBM_separate,0.929099279519872,0.739122217937927,-1,-1,0.946095390538935,0.9165549633093781,"{'learning_rate': 0.1, 'n_estimators': 200, 'num_leaves': 50}"
2,CFCs,BGLGBM_separate,0.9318649860422582,0.7106553303274599,-1,-1,0.9433338756607818,0.919071863995162,{'n_estimators': 50}
3,CFCs,XGBR_separate,0.9350646799602886,0.6685122111127836,-1,-1,0.9360404164516785,0.9903928023998235,"{'max_depth': 8, 'n_estimators': 200}"
4,CFCs,ETR_separate,0.9396073791818683,1.1305155695059723,-1,-1,0.9370416200859822,1.0043681003855955,{'n_estimators': 150}
5,CFCs,LGBM_separate,0.9256122597120777,1.5006767991848666,-1,-1,0.9468018962416944,1.0742819895129687,"{'learning_rate': 0.5, 'n_estimators': 200, 'num_leaves': 20}"
6,CFCs,BGLGBM_separate,0.9371086016543607,1.2672554091693466,-1,-1,0.9474349579346701,0.96218563552791,{'n_estimators': 50}
7,CFCs,XGBR_separate,0.9476988488244953,0.9842309029528706,-1,-1,0.9365130935138927,1.0981103013532105,"{'max_depth': 6, 'n_estimators': 200}"
