,Gas,Model_name,CV_r2,CV_mse,test_r2_total_model,test_mse_by_total_model,test_r2_separa_model,test_mse_separa_model,best_param
0,CFCs,ETR_separate,0.9078387977965805,1.0226791749790085,-1,-1,0.9561604256739492,0.6338517106335558,{'n_estimators': 180}
1,CFCs,LGBM_separate,0.9195415510719872,0.8803555854781866,-1,-1,0.9625937112163192,0.5866968558856468,"{'learning_rate': 0.1, 'n_estimators': 200, 'num_leaves': 50}"
2,CFCs,BGLGBM_separate,0.9239801082127453,0.8348094084225984,-1,-1,0.9599099443972837,0.6053986386365809,{'n_estimators': 50}
3,CFCs,XGBR_separate,0.923164774906834,0.8512475772849004,-1,-1,0.9251965361431674,1.0282896779324566,"{'max_depth': 8, 'n_estimators': 200}"
4,CFCs,ETR_separate,0.9432402614985762,1.0479126945600754,-1,-1,0.9611593277584713,0.5732182908323845,{'n_estimators': 180}
5,CFCs,LGBM_separate,0.9458010286759269,0.9680383444024013,-1,-1,0.9043804374872493,1.4752234338169135,"{'learning_rate': 0.5, 'n_estimators': 200, 'num_leaves': 50}"
6,CFCs,BGLGBM_separate,0.9446411315053365,1.0091154317886937,-1,-1,0.9381988465684661,0.86954049724678,{'n_estimators': 30}
7,CFCs,XGBR_separate,0.9435271987195039,1.0283111724507694,-1,-1,0.9403781987270177,0.8507609361618201,"{'max_depth': 6, 'n_estimators': 200}"
