,Gas,Model_name,CV_r2,CV_mse,test_r2_total_model,test_mse_by_total_model,test_r2_separa_model,test_mse_separa_model,best_param
0,CFCs,ETR_separate,0.8981247579285421,1.0799590915671209,-1,-1,0.9533186030196492,0.8231044309442506,{'n_estimators': 200}
1,CFCs,LGBM_separate,0.914657069437925,0.9012934060908085,-1,-1,0.9689936769289816,0.6399295521990915,"{'learning_rate': 0.5, 'n_estimators': 200, 'num_leaves': 30}"
2,CFCs,BGLGBM_separate,0.9265495765661769,0.7736601383957342,-1,-1,0.9647206168622723,0.6835895836559286,{'n_estimators': 50}
3,CFCs,XGBR_separate,0.9264666537253821,0.7907041619437238,-1,-1,0.9463517337058517,0.9479809802445546,"{'max_depth': 8, 'n_estimators': 200}"
4,CFCs,ETR_separate,0.9004690008279118,1.8087762021333773,-1,-1,0.9664176883361186,0.6293329810161438,{'n_estimators': 180}
5,CFCs,LGBM_separate,0.8659717377871289,2.211054819500194,-1,-1,0.9534904594306997,0.9978519223624941,"{'learning_rate': 0.5, 'n_estimators': 200, 'num_leaves': 10}"
6,CFCs,BGLGBM_separate,0.8902091209303429,1.9189864469415352,-1,-1,0.9668112144889959,0.6790416464600566,{'n_estimators': 50}
7,CFCs,XGBR_separate,0.9122266135386609,1.5225492235865374,-1,-1,0.9564803102288998,0.8809316512322121,"{'max_depth': 6, 'n_estimators': 200}"
