,Gas,Model_name,CV_r2,CV_mse,test_r2_total_model,test_mse_by_total_model,test_r2_separa_model,test_mse_separa_model,best_param
0,CFCs,ETR_separate,0.9220060354266197,0.8131464832518359,-1,-1,0.9389897682090643,1.0625258072992798,{'n_estimators': 200}
1,CFCs,LGBM_separate,0.9171073292024949,0.8444156273169829,-1,-1,0.9649420732256752,0.6961696777318624,"{'learning_rate': 0.1, 'n_estimators': 200, 'num_leaves': 50}"
2,CFCs,BGLGBM_separate,0.9247390906670429,0.7687521539251783,-1,-1,0.9616987410311337,0.7475581939215415,{'n_estimators': 50}
3,CFCs,XGBR_separate,0.9359698798120606,0.6720983334014489,-1,-1,0.9589545959393728,0.7379805760697022,"{'max_depth': 8, 'n_estimators': 200}"
4,CFCs,ETR_separate,0.900745125804242,1.4762143420599763,-1,-1,0.9440154262482785,0.9811148743317645,{'n_estimators': 200}
5,CFCs,LGBM_separate,0.8537220998839666,2.061663052969164,-1,-1,0.956933615447476,0.9093984760286299,"{'learning_rate': 0.5, 'n_estimators': 200, 'num_leaves': 10}"
6,CFCs,BGLGBM_separate,0.8695563174102157,1.8664613024988426,-1,-1,0.9522643178070397,0.9834859019074774,{'n_estimators': 50}
7,CFCs,XGBR_separate,0.8778119245360736,1.901876841731907,-1,-1,0.9677789671627295,0.6519029416249678,"{'max_depth': 6, 'n_estimators': 200}"
