,CV_r2,CV_mse,test_r2_separa_model,test_mse_separa_model
0,0.007031683600205308,0.07054825830389203,0.01973997800669073,0.17116396680211743
