,CV_r2,CV_mse,test_r2_separa_model,test_mse_separa_model
0,0.006405690416749915,0.06385361306584748,0.018896611334816214,0.1616576452279217
