,CV_r2,CV_mse,test_r2_separa_model,test_mse_separa_model
0,0.007838896072253925,0.07496563289347437,0.02039665818014179,0.18054090254704272
