,Gas,Model_name,CV_r2,CV_mse,test_r2_total_model,test_mse_by_total_model,test_r2_separa_model,test_mse_separa_model,best_param
0,CFCs,ETR_separate,0.9254002406544422,0.7455018913443927,-1,-1,0.9193770269889464,1.6129573034796125,{'n_estimators': 150}
1,CFCs,LGBM_separate,0.9464175986983415,0.5387127372322636,-1,-1,0.9540137407538606,0.8933343212009193,"{'learning_rate': 0.1, 'n_estimators': 200, 'num_leaves': 50}"
2,CFCs,BGLGBM_separate,0.9498159791596243,0.5053508446235405,-1,-1,0.9632227521174066,0.7098906073562766,{'n_estimators': 50}
3,CFCs,XGBR_separate,0.9483734016393639,0.5192085279206481,-1,-1,0.9177470940702368,1.6442292314193847,"{'max_depth': 8, 'n_estimators': 200}"
4,CFCs,ETR_separate,0.9232936569310819,1.2392248537185562,-1,-1,0.9223832252826016,1.605424587913898,{'n_estimators': 200}
5,CFCs,LGBM_separate,0.8909101065109366,1.6647072431580312,-1,-1,0.8928260065442325,2.4871949446071864,"{'learning_rate': 0.5, 'n_estimators': 200, 'num_leaves': 10}"
6,CFCs,BGLGBM_separate,0.9279566186270927,1.1908650212521426,-1,-1,0.8729759528008658,3.113601511201553,{'n_estimators': 50}
7,CFCs,XGBR_separate,0.930443501610249,1.3333514124849477,-1,-1,0.9049177914686816,2.0913214539731793,"{'max_depth': 6, 'n_estimators': 200}"
