,Gas,Model_name,CV_r2,CV_mse,test_r2_total_model,test_mse_by_total_model,test_r2_separa_model,test_mse_separa_model,best_param
0,CFCs,ETR_separate,0.9101010148680493,0.9220021529815179,-1,-1,0.9300395386285898,0.8773242040313793,{'n_estimators': 50}
1,CFCs,LGBM_separate,0.9407058110651292,0.605937995133031,-1,-1,0.9719868792186748,0.3751773921741375,"{'learning_rate': 0.1, 'n_estimators': 200, 'num_leaves': 50}"
2,CFCs,BGLGBM_separate,0.9407454148322716,0.6077824931130233,-1,-1,0.9638782309331768,0.4687335201814529,{'n_estimators': 50}
3,CFCs,XGBR_separate,0.9400137957757384,0.625955195862496,-1,-1,0.9382111513286496,0.7262320044004985,"{'max_depth': 8, 'n_estimators': 200}"
4,CFCs,ETR_separate,0.9350195216160332,1.1678809663246974,-1,-1,0.9140037077520782,1.1088730572061656,{'n_estimators': 150}
5,CFCs,LGBM_separate,0.9340247729150079,1.2049994382831153,-1,-1,0.9718688169682668,0.3896920723968075,"{'learning_rate': 0.5, 'n_estimators': 200, 'num_leaves': 10}"
6,CFCs,BGLGBM_separate,0.9478224897839288,0.952949427118076,-1,-1,0.9532582864675226,0.6086058406728827,{'n_estimators': 50}
7,CFCs,XGBR_separate,0.9508010368451707,0.907688148266941,-1,-1,0.9515192075596451,0.589537845703017,"{'max_depth': 6, 'n_estimators': 200}"
