,Gas,Model_name,CV_r2,CV_mse,test_r2_total_model,test_mse_by_total_model,test_r2_separa_model,test_mse_separa_model,best_param
0,CFCs,ETR_separate,0.9155143979483977,0.8626220555895742,-1,-1,0.9166217580278151,1.1239896456054042,{'n_estimators': 200}
1,CFCs,LGBM_separate,0.9315859957810322,0.699223623979818,-1,-1,0.9295366530822264,0.9224532500750954,"{'learning_rate': 0.1, 'n_estimators': 200, 'num_leaves': 50}"
2,CFCs,BGLGBM_separate,0.939988512909624,0.6117599587444249,-1,-1,0.9273227078275266,0.9527799082841364,{'n_estimators': 50}
3,CFCs,XGBR_separate,0.9304936721223689,0.7076495343310146,-1,-1,0.9400462583539566,0.7748901315003601,"{'max_depth': 8, 'n_estimators': 200}"
4,CFCs,ETR_separate,0.9335005159198216,1.3061005444907152,-1,-1,0.9240303162030351,1.0354062787735647,{'n_estimators': 180}
5,CFCs,LGBM_separate,0.8912931789014337,2.01103907434539,-1,-1,0.94852955599139,0.8088951878209597,"{'learning_rate': 0.5, 'n_estimators': 200, 'num_leaves': 20}"
6,CFCs,BGLGBM_separate,0.9060730593378586,1.758469464641292,-1,-1,0.9506412312543329,0.6822123220249044,{'n_estimators': 50}
7,CFCs,XGBR_separate,0.9253482184227467,1.4513817771599036,-1,-1,0.9415029155442648,0.7649274280843611,"{'max_depth': 6, 'n_estimators': 200}"
