,Gas,Model_name,CV_r2,CV_mse,test_r2_total_model,test_mse_by_total_model,test_r2_separa_model,test_mse_separa_model,best_param
0,CFCs,ETR_separate,0.9251720258757581,0.7642100310078518,-1,-1,0.8919439566850503,1.4642018834930255,{'n_estimators': 200}
1,CFCs,LGBM_separate,0.9458894291414903,0.5588156609138288,-1,-1,0.9339111878349954,1.0471133937187929,"{'learning_rate': 0.5, 'n_estimators': 200, 'num_leaves': 30}"
2,CFCs,BGLGBM_separate,0.948284008208843,0.5346741340722885,-1,-1,0.9238791129289248,1.0460212586845934,{'n_estimators': 50}
3,CFCs,XGBR_separate,0.9486195123194017,0.5333426583475269,-1,-1,0.8831055278750598,1.4740141101653153,"{'max_depth': 8, 'n_estimators': 200}"
4,CFCs,ETR_separate,0.9340018791692766,1.516723244755608,-1,-1,0.8986808576577823,1.412608354666992,{'n_estimators': 50}
5,CFCs,LGBM_separate,0.9277667782227855,1.83072493419871,-1,-1,0.9105950618143918,1.3042796772492145,"{'learning_rate': 0.5, 'n_estimators': 200, 'num_leaves': 10}"
6,CFCs,BGLGBM_separate,0.9254749705005642,1.9399533106665985,-1,-1,0.9008782084590636,1.4268207422047752,{'n_estimators': 50}
7,CFCs,XGBR_separate,0.9383101361904431,1.6078987049107334,-1,-1,0.9077246504273793,1.313304835706764,"{'max_depth': 6, 'n_estimators': 200}"
