,Gas,Model_name,CV_r2,CV_mse,test_r2_total_model,test_mse_by_total_model,test_r2_separa_model,test_mse_separa_model,best_param
0,CFCs,ETR_separate,0.916892517511509,0.8372058924719964,-1,-1,0.8934005112062295,1.1431908449540173,{'n_estimators': 100}
1,CFCs,LGBM_separate,0.9427920622277106,0.5846058466918811,-1,-1,0.9377272484357544,0.7779744732584737,"{'learning_rate': 0.1, 'n_estimators': 200, 'num_leaves': 50}"
2,CFCs,BGLGBM_separate,0.9471207513426441,0.5383934491547044,-1,-1,0.9273762086611177,0.8577598540414112,{'n_estimators': 10}
3,CFCs,XGBR_separate,0.9397367774520738,0.6089125271972385,-1,-1,0.8688581605455413,1.378866591759491,"{'max_depth': 8, 'n_estimators': 200}"
4,CFCs,ETR_separate,0.9196200028629402,1.6077834275592977,-1,-1,0.9360706769047107,0.7577552483082842,{'n_estimators': 200}
5,CFCs,LGBM_separate,0.9111710192359415,1.91175910965319,-1,-1,0.952512390094501,0.6467334476406538,"{'learning_rate': 0.5, 'n_estimators': 200, 'num_leaves': 10}"
6,CFCs,BGLGBM_separate,0.9066762555516779,1.8900254525045228,-1,-1,0.9116844849406889,1.0191543949250954,{'n_estimators': 10}
7,CFCs,XGBR_separate,0.9273931738456674,1.4497408660347788,-1,-1,0.9069696456050581,1.0707994938835097,"{'max_depth': 6, 'n_estimators': 200}"
