,Gas,Model_name,CV_r2,CV_mse,test_r2_total_model,test_mse_by_total_model,test_r2_separa_model,test_mse_separa_model,best_param
0,CFCs,ETR_separate,0.9235332295897705,0.7911834780010967,-1,-1,0.9738537200933909,0.3906933086734292,{'n_estimators': 120}
1,CFCs,LGBM_separate,0.9342657268903147,0.6776938313183708,-1,-1,0.9408599599995399,0.8864761568210803,"{'learning_rate': 0.5, 'n_estimators': 200, 'num_leaves': 50}"
2,CFCs,BGLGBM_separate,0.9484992735242497,0.5395534809338548,-1,-1,0.9772264353209005,0.33485165477521905,{'n_estimators': 50}
3,CFCs,XGBR_separate,0.9466465099635372,0.5568791912438062,-1,-1,0.9732815137062941,0.37465780650556707,"{'max_depth': 8, 'n_estimators': 200}"
4,CFCs,ETR_separate,0.9437155067634077,1.0379282281743651,-1,-1,0.972444415203797,0.41447094958426306,{'n_estimators': 180}
5,CFCs,LGBM_separate,0.9529122820287815,0.8228702448434051,-1,-1,0.9834238234231395,0.2514406638096197,"{'learning_rate': 0.5, 'n_estimators': 200, 'num_leaves': 10}"
6,CFCs,BGLGBM_separate,0.949566617913413,0.9412746596030983,-1,-1,0.9778149374496378,0.33032535271298524,{'n_estimators': 10}
7,CFCs,XGBR_separate,0.9469844682564867,0.9902349384114135,-1,-1,0.9760170539711553,0.33758851772008913,"{'max_depth': 6, 'n_estimators': 200}"
