,Gas,Model_name,CV_r2,CV_mse,test_r2_total_model,test_mse_by_total_model,test_r2_separa_model,test_mse_separa_model,best_param
0,CFCs,ETR_separate,0.9236527188795005,0.7334814052690065,-1,-1,0.8834408529859036,2.15170536614283,{'n_estimators': 200}
1,CFCs,LGBM_separate,0.9444918166653553,0.5381192773446623,-1,-1,0.92571711291685,1.585014149311065,"{'learning_rate': 0.1, 'n_estimators': 200, 'num_leaves': 50}"
2,CFCs,BGLGBM_separate,0.9479955089735622,0.5051207097023332,-1,-1,0.9211939384878202,1.5592153241662452,{'n_estimators': 30}
3,CFCs,XGBR_separate,0.9422023956592815,0.5635167040922157,-1,-1,0.8986425359139869,1.9198896543246244,"{'max_depth': 8, 'n_estimators': 200}"
4,CFCs,ETR_separate,0.9340043295797782,0.9781565951539269,-1,-1,0.9109182051817856,1.8083511713352391,{'n_estimators': 120}
5,CFCs,LGBM_separate,0.9205307366353095,1.2333757853776806,-1,-1,0.9435176239401645,1.29712725612566,"{'learning_rate': 0.5, 'n_estimators': 200, 'num_leaves': 20}"
6,CFCs,BGLGBM_separate,0.913530353171365,1.4149611871781245,-1,-1,0.9258624323729595,1.5097624772911487,{'n_estimators': 50}
7,CFCs,XGBR_separate,0.9374205296774025,0.9639191624484861,-1,-1,0.9105940885592537,1.6979131126999123,"{'max_depth': 6, 'n_estimators': 200}"
