,CV_r2,CV_mse,test_r2_separa_model,test_mse_separa_model,kpg_pca_mse
0,0.8384748509987104,1.893650685148259,0.8208009077335267,1.464615852787904,0.0398694670799512
1,0.796250978946871,2.310677802789859,0.7972888960965141,1.854560492384863,0.0398694670799512
2,0.8190692743337311,2.1197444847862488,0.8057495693687702,1.648447031016457,0.0398694670799512
