,CV_r2,CV_mse,test_r2_separa_model,test_mse_separa_model,kpg_pca_mse
0,0.8445358916797858,1.6874881508705342,0.8277625818012212,1.4298229001829434,0.03876155741120711
1,0.81471531818219,1.9784610586563847,0.7972913818459859,1.7898150654041698,0.03876155741120711
2,0.8316468654067781,1.8136019506848098,0.821222119538591,1.5312040527404625,0.03876155741120711
