,CV_r2,CV_mse,test_r2_separa_model,test_mse_separa_model,kpg_pca_mse
0,0.34431105279856006,2.842854508640612,0.2577491257009289,0.869445334874071,0.003992506727432659
1,0.48327655739473413,2.525789666235704,0.23251115807215117,1.3524695695361348,0.003992506727432659
2,0.31146672719226853,2.4923391331550233,0.2518474845103371,1.0225231573237887,0.003992506727432659
