,CV_r2,CV_mse,test_r2_separa_model,test_mse_separa_model,kpg_pca_mse
0,0.9176803399622557,0.937999886161559,0.8807442709680331,1.026289045088423,0.02883960074411943
1,0.9160506398479974,0.9541399354065958,0.8959445012088486,0.942798305191601,0.02883960074411943
2,0.9276739863626552,0.8229737629069838,0.8976887237651197,0.8910482205378234,0.02883960074411943
