,Gas,Model_name,CV_r2,CV_mse,test_r2_total_model,test_mse_by_total_model,test_r2_separa_model,test_mse_separa_model,best_param,kpg_pca_mse
0,Methane,ETR_separate,0.8846520932828199,1.2789322366619627,-1,-1,0.8772712596910192,1.1651492003861774,{'n_estimators': 200},0.034661324569137404
1,Methane,LGBM_separate,0.8723796882865076,1.4352095946421888,-1,-1,0.8750615771618353,1.2634589206834426,"{'learning_rate': 0.1, 'n_estimators': 200, 'num_leaves': 50}",0.034661324569137404
2,Methane,BGLGBM_separate,0.8806667595083864,1.338849527657015,-1,-1,0.8710146050718394,1.220804906450568,{'n_estimators': 10},0.034661324569137404
