,Gas,Model_name,CV_r2,CV_mse,test_r2_total_model,test_mse_by_total_model,test_r2_separa_model,test_mse_separa_model,best_param,kpg_pca_mse
0,Methane,ETR_separate,0.9139201131547654,0.9782647274340001,-1,-1,0.839268433906251,1.3703175488796515,{'n_estimators': 180},0.029352809293181424
1,Methane,LGBM_separate,0.9039639859926508,1.1109419594157184,-1,-1,0.857757647369983,1.3420465918709634,"{'learning_rate': 0.5, 'n_estimators': 200, 'num_leaves': 50}",0.029352809293181424
2,Methane,BGLGBM_separate,0.9199317273925354,0.919941976683894,-1,-1,0.8749517795323846,1.1207666551302706,{'n_estimators': 50},0.029352809293181424
