,Gas,Model_name,CV_r2,CV_mse,test_r2_total_model,test_mse_by_total_model,test_r2_separa_model,test_mse_separa_model,best_param,kpg_pca_mse
0,Methane,ETR_separate,0.9180991026379435,0.9382350389405205,-1,-1,0.9330764102200465,0.5801141959087301,{'n_estimators': 200},0.02929840754270861
1,Methane,LGBM_separate,0.9163246266116547,0.9593058834287825,-1,-1,0.9590539858844043,0.3967231470681597,"{'learning_rate': 0.5, 'n_estimators': 200, 'num_leaves': 50}",0.02929840754270861
2,Methane,BGLGBM_separate,0.9273488982767765,0.8288254846844625,-1,-1,0.955171548739346,0.40246236672831465,{'n_estimators': 50},0.02929840754270861
