,Gas,Model_name,CV_r2,CV_mse,test_r2_total_model,test_mse_by_total_model,test_r2_separa_model,test_mse_separa_model,best_param,kpg_pca_mse
0,Methane,ETR_separate,0.8252716697571177,1.967497631239207,-1,-1,0.9190096077975362,1.3112965740258338,{'n_estimators': 200},0.03746980105948748
1,Methane,LGBM_separate,0.7756523710790317,2.4104710734123924,-1,-1,0.9416151564917148,1.0763737406833571,"{'learning_rate': 0.5, 'n_estimators': 200, 'num_leaves': 20}",0.03746980105948748
2,Methane,BGLGBM_separate,0.7968702116253128,2.2315291894245752,-1,-1,0.9312682766639081,1.1937000558814146,{'n_estimators': 10},0.03746980105948748
