,Gas,Model_name,CV_r2,CV_mse,test_r2_total_model,test_mse_by_total_model,test_r2_separa_model,test_mse_separa_model,best_param,kpg_pca_mse
0,Methane,ETR_separate,0.9041855618426204,1.0961203987692236,-1,-1,0.9445766556920638,0.3547008737226481,{'n_estimators': 200},0.030103912535609772
1,Methane,LGBM_separate,0.8916905686709402,1.2695313322543575,-1,-1,0.9154943078395066,0.5997973292362653,"{'learning_rate': 0.5, 'n_estimators': 200, 'num_leaves': 50}",0.030103912535609772
2,Methane,BGLGBM_separate,0.9128090840993732,1.0105321528235354,-1,-1,0.9496659690442657,0.314135330397438,{'n_estimators': 50},0.030103912535609772
