,Gas,Model_name,CV_r2,CV_mse,test_r2_total_model,test_mse_by_total_model,test_r2_separa_model,test_mse_separa_model,best_param,kpg_pca_mse
0,Methane,ETR_separate,0.911426957776017,0.9576445142238817,-1,-1,0.7997809236187526,1.7179216175965906,{'n_estimators': 150},0.03176213062999084
1,Methane,LGBM_separate,0.9061320069782599,1.01629019121762,-1,-1,0.8240377524932117,1.7010436694500848,"{'learning_rate': 0.5, 'n_estimators': 200, 'num_leaves': 30}",0.03176213062999084
2,Methane,BGLGBM_separate,0.9198518452886912,0.8589771453332465,-1,-1,0.8366207891730317,1.4779300380866112,{'n_estimators': 50},0.03176213062999084
