,Gas,Model_name,CV_r2,CV_mse,test_r2_total_model,test_mse_by_total_model,test_r2_separa_model,test_mse_separa_model,best_param,kpg_pca_mse
0,Methane,ETR_separate,0.9190843077321897,0.9270097278791111,-1,-1,0.8873882959280389,1.0453199249856568,{'n_estimators': 150},0.02879987361647836
1,Methane,LGBM_separate,0.9124391346627725,0.9951850482958463,-1,-1,0.8987242199494884,1.0075169462315274,"{'learning_rate': 0.5, 'n_estimators': 200, 'num_leaves': 50}",0.02879987361647836
2,Methane,BGLGBM_separate,0.9253781487441002,0.8506425809152679,-1,-1,0.9147186480789173,0.825074695087868,{'n_estimators': 50},0.02879987361647836
