,Gas,Model_name,CV_r2,CV_mse,test_r2_total_model,test_mse_by_total_model,test_r2_separa_model,test_mse_separa_model,best_param,kpg_pca_mse
0,Methane,ETR_separate,0.863807082990891,1.4306290240937334,-1,-1,0.8608126689680057,1.413746486597083,{'n_estimators': 150},0.03093565140690247
1,Methane,LGBM_separate,0.8635534714669009,1.4479474081503898,-1,-1,0.8770043876232363,1.3297810626820221,"{'learning_rate': 0.1, 'n_estimators': 200, 'num_leaves': 50}",0.03093565140690247
2,Methane,BGLGBM_separate,0.8740282725924015,1.3405364413138767,-1,-1,0.8778194104216352,1.2379392221062917,{'n_estimators': 50},0.03093565140690247
