,Gas,Model_name,CV_r2,CV_mse,test_r2_total_model,test_mse_by_total_model,test_r2_separa_model,test_mse_separa_model,best_param,kpg_pca_mse
0,Methane,ETR_separate,0.8977779113586146,1.1294750466240315,-1,-1,0.8006658408616389,1.6391548524937318,{'n_estimators': 200},0.02998865984718489
1,Methane,LGBM_separate,0.8884142420721428,1.2353064598004486,-1,-1,0.8306980637335765,1.5317821750373248,"{'learning_rate': 0.5, 'n_estimators': 200, 'num_leaves': 50}",0.02998865984718489
2,Methane,BGLGBM_separate,0.906450089933666,1.0314235630129172,-1,-1,0.8422018752949169,1.3753263530019957,{'n_estimators': 50},0.02998865984718489
