,Gas,Model_name,CV_r2,CV_mse,test_r2_total_model,test_mse_by_total_model,test_r2_separa_model,test_mse_separa_model,best_param,kpg_pca_mse
0,Methane,ETR_separate,0.8855401718516326,1.2383046132602504,-1,-1,0.8241490462565535,1.7572173766677828,{'n_estimators': 180},0.030875425040731076
1,Methane,LGBM_separate,0.8657727452237725,1.422043050772817,-1,-1,0.8627493690555645,1.505825615898099,"{'learning_rate': 0.5, 'n_estimators': 200, 'num_leaves': 30}",0.030875425040731076
2,Methane,BGLGBM_separate,0.8789606110949956,1.291783278719701,-1,-1,0.8702781889291994,1.382558066203139,{'n_estimators': 50},0.030875425040731076
