,Gas,Model_name,CV_r2,CV_mse,test_r2_total_model,test_mse_by_total_model,test_r2_separa_model,test_mse_separa_model,best_param,kpg_pca_mse
0,Methane,ETR_separate,0.9122038610161327,1.0136630612247204,-1,-1,0.8770925940798526,0.9482463117354891,{'n_estimators': 180},0.03320348984485983
1,Methane,LGBM_separate,0.9030996453111559,1.1078651269477937,-1,-1,0.9093642419454401,0.7352334245242879,"{'learning_rate': 0.5, 'n_estimators': 200, 'num_leaves': 30}",0.03320348984485983
2,Methane,BGLGBM_separate,0.9167475894875349,0.952023336099064,-1,-1,0.9176814962501462,0.6453286887094895,{'n_estimators': 50},0.03320348984485983
