,Gas,Model_name,CV_r2,CV_mse,test_r2_total_model,test_mse_by_total_model,test_r2_separa_model,test_mse_separa_model,best_param,kpg_pca_mse
0,Methane,ETR_separate,0.9058495524817752,1.284850737412123,-1,-1,0.6592739510317214,1.8836482558910417,{'n_estimators': 200},0.036308109005182776
1,Methane,LGBM_separate,0.8890938755165863,1.5114945420336046,-1,-1,0.5052526479580226,3.486903017915512,"{'learning_rate': 0.5, 'n_estimators': 200, 'num_leaves': 30}",0.036308109005182776
2,Methane,BGLGBM_separate,0.905936394864632,1.2816616654707338,-1,-1,0.601279343546161,2.5456530279382923,{'n_estimators': 50},0.036308109005182776
