,Gas,Model_name,CV_r2,CV_mse,test_r2_total_model,test_mse_by_total_model,test_r2_separa_model,test_mse_separa_model,best_param,kpg_pca_mse
0,Methane,ETR_separate,0.792059048938575,1.840361925768073,-1,-1,0.6794813818670087,2.311328916168588,{'n_estimators': 150},0.03919245867120176
1,Methane,LGBM_separate,0.7278550035831455,2.321402107820737,-1,-1,0.6556368719766046,2.49760994396663,"{'learning_rate': 0.5, 'n_estimators': 200, 'num_leaves': 20}",0.03919245867120176
2,Methane,BGLGBM_separate,0.7576204598088614,2.0756851453918754,-1,-1,0.669073137735197,2.3808331579296196,{'n_estimators': 30},0.03919245867120176
