,Gas,Model_name,CV_r2,CV_mse,test_r2_total_model,test_mse_by_total_model,test_r2_separa_model,test_mse_separa_model,best_param,kpg_pca_mse
0,Methane,ETR_separate,0.8820034622129208,1.2618765625564599,-1,-1,0.9471917571557056,0.9708349366135565,{'n_estimators': 200},0.03166092290260668
1,Methane,LGBM_separate,0.8835609445422374,1.256654871501717,-1,-1,0.967295383344174,0.7111950030873404,"{'learning_rate': 0.5, 'n_estimators': 200, 'num_leaves': 30}",0.03166092290260668
2,Methane,BGLGBM_separate,0.8936915131749179,1.1527242403525033,-1,-1,0.9613036146833575,0.7666750814748665,{'n_estimators': 50},0.03166092290260668
