,Gas,Model_name,CV_r2,CV_mse,test_r2_total_model,test_mse_by_total_model,test_r2_separa_model,test_mse_separa_model,best_param,kpg_pca_mse
0,Methane,ETR_separate,0.9025786993148575,1.3547015565293692,-1,-1,0.8032395716672368,1.8011139686946618,{'n_estimators': 150},0.04075353304562502
1,Methane,LGBM_separate,0.8985669971647031,1.4894743648684015,-1,-1,0.7360945491661257,2.5305203565808103,"{'learning_rate': 0.5, 'n_estimators': 200, 'num_leaves': 20}",0.04075353304562502
2,Methane,BGLGBM_separate,0.8928337111872212,1.5090746157391097,-1,-1,0.7878406670516229,2.031985176868237,{'n_estimators': 50},0.04075353304562502
