,Gas,Model_name,CV_r2,CV_mse,test_r2_total_model,test_mse_by_total_model,test_r2_separa_model,test_mse_separa_model,best_param,kpg_pca_mse
0,Methane,ETR_separate,0.865153471676026,1.5118086441892882,-1,-1,0.9379920396409717,0.40680814074275,{'n_estimators': 200},0.030888958977085913
1,Methane,LGBM_separate,0.844815966781615,1.76156272635783,-1,-1,0.9189611625074727,0.46043068450067914,"{'learning_rate': 0.5, 'n_estimators': 200, 'num_leaves': 30}",0.030888958977085913
2,Methane,BGLGBM_separate,0.8660869645307379,1.5285507327956473,-1,-1,0.9635485821994476,0.23544942020434467,{'n_estimators': 30},0.030888958977085913
