,Gas,Model_name,CV_r2,CV_mse,test_r2_total_model,test_mse_by_total_model,test_r2_separa_model,test_mse_separa_model,best_param,kpg_pca_mse
0,Methane,ETR_separate,0.8527075121719415,1.7906589935150456,-1,-1,0.9310626723129992,1.16552889756493,{'n_estimators': 120},0.0362168860257417
1,Methane,LGBM_separate,0.8291065092072923,2.1535205459663014,-1,-1,0.9429831099946464,1.1089759084207516,"{'learning_rate': 0.5, 'n_estimators': 200, 'num_leaves': 10}",0.0362168860257417
2,Methane,BGLGBM_separate,0.8505809380089435,1.8941784179697385,-1,-1,0.9369377271614774,1.139063417933629,{'n_estimators': 10},0.0362168860257417
