,Gas,Model_name,CV_r2,CV_mse,test_r2_total_model,test_mse_by_total_model,test_r2_separa_model,test_mse_separa_model,best_param,kpg_pca_mse
0,Methane,ETR_separate,0.9187246189522809,0.936211754242213,-1,-1,0.8844937559115332,0.9251106413741783,{'n_estimators': 200},0.0312312530622252
1,Methane,LGBM_separate,0.91130783628308,1.0174133177518245,-1,-1,0.921853639414228,0.7015710256204469,"{'learning_rate': 0.5, 'n_estimators': 200, 'num_leaves': 50}",0.0312312530622252
2,Methane,BGLGBM_separate,0.9279123556217573,0.8258292075999858,-1,-1,0.936939579134542,0.5169831849233123,{'n_estimators': 50},0.0312312530622252
