,Gas,Model_name,CV_r2,CV_mse,test_r2_total_model,test_mse_by_total_model,test_r2_separa_model,test_mse_separa_model,best_param,kpg_pca_mse
0,Methane,ETR_separate,0.5777978376890853,1.819012188698867,-1,-1,-0.1187369733900856,4.663618032126727,{'n_estimators': 150},0.04216672634261699
1,Methane,LGBM_separate,0.360449480451863,2.6120241172514493,-1,-1,-0.07609922830621074,6.462579089715216,"{'learning_rate': 0.5, 'n_estimators': 200, 'num_leaves': 10}",0.04216672634261699
2,Methane,BGLGBM_separate,0.40633524364061985,2.323931237742013,-1,-1,-0.16379513584584093,5.6195591729556345,{'n_estimators': 10},0.04216672634261699
