,Gas,Model_name,CV_r2,CV_mse,test_r2_total_model,test_mse_by_total_model,test_r2_separa_model,test_mse_separa_model,best_param,kpg_pca_mse
0,Methane,ETR_separate,0.9100471116403668,1.0463438954117643,-1,-1,0.9669068617295192,0.41705270568167424,{'n_estimators': 100},0.02941988619820444
1,Methane,LGBM_separate,0.9135586912552356,1.0004410973672653,-1,-1,0.9649767011578173,0.46778396641039016,"{'learning_rate': 0.5, 'n_estimators': 200, 'num_leaves': 50}",0.02941988619820444
2,Methane,BGLGBM_separate,0.921806114371978,0.9080314612542395,-1,-1,0.9746064786348976,0.32527737884458524,{'n_estimators': 50},0.02941988619820444
