,Gas,Model_name,CV_r2,CV_mse,test_r2_total_model,test_mse_by_total_model,test_r2_separa_model,test_mse_separa_model,best_param,kpg_pca_mse
0,Methane,ETR_separate,0.9289610639039845,0.8738404188726129,-1,-1,0.8034141368769007,1.7304456933594152,{'n_estimators': 200},0.030975915343918282
1,Methane,LGBM_separate,0.9272022708650869,0.8777574964907628,-1,-1,0.8173715141138255,1.598860366944231,"{'learning_rate': 0.5, 'n_estimators': 200, 'num_leaves': 30}",0.030975915343918282
2,Methane,BGLGBM_separate,0.9373206395189756,0.7630848714559694,-1,-1,0.8146310157773586,1.5956997293861086,{'n_estimators': 30},0.030975915343918282
