,Gas,Model_name,CV_r2,CV_mse,test_r2_total_model,test_mse_by_total_model,test_r2_separa_model,test_mse_separa_model,best_param,kpg_pca_mse
0,Methane,ETR_separate,0.9081289984613916,1.1136675741528574,-1,-1,0.9661942016064384,0.42864890774088854,{'n_estimators': 200},0.03052958308253888
1,Methane,LGBM_separate,0.9114216804931761,1.0687104870059978,-1,-1,0.955599286570347,0.6428993671871785,"{'learning_rate': 0.5, 'n_estimators': 200, 'num_leaves': 30}",0.03052958308253888
2,Methane,BGLGBM_separate,0.9214062641720171,0.9492832134573351,-1,-1,0.9760101265826191,0.3107436562237796,{'n_estimators': 50},0.03052958308253888
