,Gas,Model_name,CV_r2,CV_mse,test_r2_total_model,test_mse_by_total_model,test_r2_separa_model,test_mse_separa_model,best_param,kpg_pca_mse
0,Methane,ETR_separate,0.9143780157290406,0.9506198680923488,-1,-1,0.8860976488713773,1.2398898149147914,{'n_estimators': 180},0.029083278506114852
1,Methane,LGBM_separate,0.9090197893487257,1.0061677117992267,-1,-1,0.8795598220855162,1.3841476400043025,"{'learning_rate': 0.5, 'n_estimators': 200, 'num_leaves': 50}",0.029083278506114852
2,Methane,BGLGBM_separate,0.9218522945214198,0.8669370233080904,-1,-1,0.906736566778612,1.104170250012851,{'n_estimators': 50},0.029083278506114852
