,Gas,Model_name,CV_r2,CV_mse,test_r2_total_model,test_mse_by_total_model,test_r2_separa_model,test_mse_separa_model,best_param,kpg_pca_mse
0,Methane,ETR_separate,0.9012124462351518,1.0535520270376362,-1,-1,0.8268976462300042,1.5963808060021223,{'n_estimators': 100},0.035412141021276614
1,Methane,LGBM_separate,0.8843845654222899,1.2145611910837162,-1,-1,0.8688788759384425,1.2438914621212518,"{'learning_rate': 0.5, 'n_estimators': 200, 'num_leaves': 30}",0.035412141021276614
2,Methane,BGLGBM_separate,0.9084360371284191,0.9662217015843705,-1,-1,0.8510560885415259,1.3966526963162433,{'n_estimators': 30},0.035412141021276614
