,Gas,Model_name,CV_r2,CV_mse,test_r2_total_model,test_mse_by_total_model,test_r2_separa_model,test_mse_separa_model,best_param,kpg_pca_mse
0,Methane,ETR_separate,0.8673166854640307,1.9077946439879985,-1,-1,0.8238085985813548,1.5667346470422776,{'n_estimators': 150},0.03374189054161122
1,Methane,LGBM_separate,0.8405199239975554,2.1167860886138814,-1,-1,0.7968952011904281,1.8995592502465044,"{'learning_rate': 0.5, 'n_estimators': 200, 'num_leaves': 20}",0.03374189054161122
2,Methane,BGLGBM_separate,0.8648980081897711,1.8850306428491472,-1,-1,0.7963750767830111,1.8551307748042252,{'n_estimators': 50},0.03374189054161122
