,Gas,Model_name,CV_r2,CV_mse,test_r2_total_model,test_mse_by_total_model,test_r2_separa_model,test_mse_separa_model,best_param,kpg_pca_mse
0,Methane,ETR_separate,0.9142362097880664,0.9844566917984604,-1,-1,0.8821682868662877,0.9023061682351953,{'n_estimators': 200},0.033395347868067984
1,Methane,LGBM_separate,0.9031895934721238,1.1185944549249258,-1,-1,0.9095551075620264,0.7418804147894591,"{'learning_rate': 0.5, 'n_estimators': 200, 'num_leaves': 30}",0.033395347868067984
2,Methane,BGLGBM_separate,0.9183067280106292,0.945615095289088,-1,-1,0.9222436750376121,0.6246021198842109,{'n_estimators': 50},0.033395347868067984
