,Gas,Model_name,CV_r2,CV_mse,test_r2_total_model,test_mse_by_total_model,test_r2_separa_model,test_mse_separa_model,best_param,kpg_pca_mse
0,Methane,ETR_separate,0.8776473270469131,1.5591944187526021,-1,-1,0.9017606795357989,1.1732824386660703,{'n_estimators': 200},0.03871593321608304
1,Methane,LGBM_separate,0.8423733159207314,1.9646162104033489,-1,-1,0.7561696509390892,2.1530790449817196,"{'learning_rate': 0.5, 'n_estimators': 200, 'num_leaves': 30}",0.03871593321608304
2,Methane,BGLGBM_separate,0.8534119750441087,1.8408668496032614,-1,-1,0.820867638225909,1.7091523937268998,{'n_estimators': 30},0.03871593321608304
