,Gas,Model_name,CV_r2,CV_mse,test_r2_total_model,test_mse_by_total_model,test_r2_separa_model,test_mse_separa_model,best_param,kpg_pca_mse
0,Methane,ETR_separate,0.8764030015935683,1.3874070845439634,-1,-1,0.7908781381725969,1.7486404213904185,{'n_estimators': 180},0.03494129834864991
1,Methane,LGBM_separate,0.8651288783578195,1.5428626052795542,-1,-1,0.8067050255149639,1.704751739783756,"{'learning_rate': 0.1, 'n_estimators': 200, 'num_leaves': 50}",0.03494129834864991
2,Methane,BGLGBM_separate,0.8805262523722851,1.370779463376456,-1,-1,0.815277688470691,1.660513636201189,{'n_estimators': 50},0.03494129834864991
