,Gas,Model_name,CV_r2,CV_mse,test_r2_total_model,test_mse_by_total_model,test_r2_separa_model,test_mse_separa_model,best_param,kpg_pca_mse
0,Methane,ETR_separate,0.879140513591044,1.1677802407587958,-1,-1,0.8430706778673982,1.0272066123003203,{'n_estimators': 150},0.030112368001539463
1,Methane,LGBM_separate,0.8678213337734153,1.2730254419734457,-1,-1,0.8525484064977189,1.1232217457251565,"{'learning_rate': 0.1, 'n_estimators': 200, 'num_leaves': 50}",0.030112368001539463
2,Methane,BGLGBM_separate,0.8796445040983359,1.1643386292308586,-1,-1,0.8524641687009029,1.0593961259038998,{'n_estimators': 50},0.030112368001539463
