,Gas,Model_name,CV_r2,CV_mse,test_r2_total_model,test_mse_by_total_model,test_r2_separa_model,test_mse_separa_model,best_param,kpg_pca_mse
0,Methane,ETR_separate,0.8952781413130954,1.1508216819311412,-1,-1,0.8318578721590631,1.2624218689884512,{'n_estimators': 180},0.03903122276603981
1,Methane,LGBM_separate,0.8816765150219699,1.3147758058171373,-1,-1,0.784610037615773,1.7251312360544764,"{'learning_rate': 0.5, 'n_estimators': 200, 'num_leaves': 20}",0.03903122276603981
2,Methane,BGLGBM_separate,0.8877741132942812,1.2426497562360808,-1,-1,0.8120098080072424,1.4743196459503116,{'n_estimators': 30},0.03903122276603981
