,Gas,Model_name,CV_r2,CV_mse,test_r2_total_model,test_mse_by_total_model,test_r2_separa_model,test_mse_separa_model,best_param,kpg_pca_mse
0,Methane,ETR_separate,0.8870558400691403,1.2526473028149272,-1,-1,0.916595500610936,1.0574254090269055,{'n_estimators': 180},0.03394544349298662
1,Methane,LGBM_separate,0.8377886033889711,1.8654978653532055,-1,-1,0.8087411388808086,1.8411389584156108,"{'learning_rate': 0.5, 'n_estimators': 200, 'num_leaves': 30}",0.03394544349298662
2,Methane,BGLGBM_separate,0.8640966859523163,1.575386530176173,-1,-1,0.8285073784491168,1.5599593966009466,{'n_estimators': 30},0.03394544349298662
