,Gas,Model_name,CV_r2,CV_mse,test_r2_total_model,test_mse_by_total_model,test_r2_separa_model,test_mse_separa_model,best_param,kpg_pca_mse
0,Methane,ETR_separate,0.9078996109436155,0.9781563829858577,-1,-1,0.8544816573645355,1.4882009251970651,{'n_estimators': 200},0.0302759998799266
1,Methane,LGBM_separate,0.8937838124715288,1.124299289421505,-1,-1,0.8504132124091669,1.526737861368093,"{'learning_rate': 0.5, 'n_estimators': 200, 'num_leaves': 50}",0.0302759998799266
2,Methane,BGLGBM_separate,0.9145352392426134,0.9086446029023912,-1,-1,0.8717838408018301,1.2891129155349088,{'n_estimators': 50},0.0302759998799266
