,Gas,Model_name,CV_r2,CV_mse,test_r2_total_model,test_mse_by_total_model,test_r2_separa_model,test_mse_separa_model,best_param,kpg_pca_mse
0,Methane,ETR_separate,0.8792845178004935,1.2667576588650793,-1,-1,0.8840276554444246,0.7803213723186883,{'n_estimators': 180},0.028797109667131827
1,Methane,LGBM_separate,0.8639370388369837,1.4382380878561953,-1,-1,0.934270296625497,0.5079798269622895,"{'learning_rate': 0.5, 'n_estimators': 200, 'num_leaves': 50}",0.028797109667131827
2,Methane,BGLGBM_separate,0.8869551671678193,1.1981933951311514,-1,-1,0.9205148167176469,0.5495332153790182,{'n_estimators': 50},0.028797109667131827
