,Gas,Model_name,CV_r2,CV_mse,test_r2_total_model,test_mse_by_total_model,test_r2_separa_model,test_mse_separa_model,best_param,kpg_pca_mse
0,Methane,ETR_separate,0.8987600148411394,1.1231192717764726,-1,-1,0.9171375155032372,1.002738755879108,{'n_estimators': 200},0.03309852371749107
1,Methane,LGBM_separate,0.8578869640484262,1.5707208375395432,-1,-1,0.7918543524840884,1.8645694499706655,"{'learning_rate': 0.5, 'n_estimators': 200, 'num_leaves': 20}",0.03309852371749107
2,Methane,BGLGBM_separate,0.8808657878506452,1.33215417512404,-1,-1,0.8541616255947414,1.3127626244908681,{'n_estimators': 30},0.03309852371749107
