,Gas,Model_name,CV_r2,CV_mse,test_r2_total_model,test_mse_by_total_model,test_r2_separa_model,test_mse_separa_model,best_param,kpg_pca_mse
0,Methane,ETR_separate,0.8866371745660914,1.2005890105267032,-1,-1,0.8295627021058413,1.5772191823572517,{'n_estimators': 200},0.03398813834122853
1,Methane,LGBM_separate,0.8915729413457765,1.1495802718604993,-1,-1,0.8577778363681903,1.4469293695450889,"{'learning_rate': 0.1, 'n_estimators': 200, 'num_leaves': 30}",0.03398813834122853
2,Methane,BGLGBM_separate,0.8938642679755893,1.131558255570683,-1,-1,0.8397523683199901,1.5545549395402474,{'n_estimators': 30},0.03398813834122853
