,Gas,Model_name,CV_r2,CV_mse,test_r2_total_model,test_mse_by_total_model,test_r2_separa_model,test_mse_separa_model,best_param,kpg_pca_mse
0,Methane,ETR_separate,0.8615599490191347,1.5470875917133096,-1,-1,0.8427018493501554,1.4378926510149497,{'n_estimators': 200},0.03388141547110302
1,Methane,LGBM_separate,0.8492785310117448,1.6033246857015353,-1,-1,0.9082375805573233,0.9017217505102024,"{'learning_rate': 0.5, 'n_estimators': 200, 'num_leaves': 20}",0.03388141547110302
2,Methane,BGLGBM_separate,0.8706241602957338,1.4324212994375471,-1,-1,0.8817351279272096,1.074106330594292,{'n_estimators': 10},0.03388141547110302
