,Gas,Model_name,CV_r2,CV_mse,test_r2_total_model,test_mse_by_total_model,test_r2_separa_model,test_mse_separa_model,best_param,kpg_pca_mse
0,Methane,ETR_separate,0.8020460873553519,1.8519735895607425,-1,-1,0.5602822100840923,3.1830613797297134,{'n_estimators': 180},0.04005096864991814
1,Methane,LGBM_separate,0.7409996100524763,2.4120985189962156,-1,-1,0.5849950902539081,3.2971627554136367,"{'learning_rate': 0.5, 'n_estimators': 200, 'num_leaves': 10}",0.04005096864991814
2,Methane,BGLGBM_separate,0.7699093048897068,2.205099287357135,-1,-1,0.617847132696022,2.9029208116683987,{'n_estimators': 30},0.04005096864991814
