,Gas,Model_name,CV_r2,CV_mse,test_r2_total_model,test_mse_by_total_model,test_r2_separa_model,test_mse_separa_model,best_param
0,Methane,ETR_separate,0.836457701428397,1.3874377899686925,-1,-1,0.6529763484391499,2.615254896765469,{'n_estimators': 180}
1,Methane,LGBM_separate,0.8328632774119749,1.428698827984407,-1,-1,0.5808590062372163,3.206263678242025,"{'learning_rate': 0.5, 'n_estimators': 200, 'num_leaves': 10}"
2,Methane,BGLGBM_separate,0.843557765634138,1.335783951784514,-1,-1,0.6156730326358013,2.963265763641397,{'n_estimators': 30}
3,Methane,XGBR_separate,0.8144619861043484,1.55548250933048,-1,-1,0.6123096443325258,2.795564442679374,"{'max_depth': 6, 'n_estimators': 200}"
