,Gas,Model_name,CV_r2,CV_mse,test_r2_total_model,test_mse_by_total_model,test_r2_separa_model,test_mse_separa_model,best_param
0,Methane,ETR_separate,0.897864233056686,0.9439777352553935,-1,-1,0.8502380696328611,0.9926147994376913,{'n_estimators': 180}
1,Methane,LGBM_separate,0.8744222399465323,1.1511513915577853,-1,-1,0.821616559568026,1.3411595801583183,"{'learning_rate': 0.5, 'n_estimators': 200, 'num_leaves': 30}"
2,Methane,BGLGBM_separate,0.900310422538864,0.9173774115131298,-1,-1,0.8631769161998186,0.9929592957790027,{'n_estimators': 50}
3,Methane,XGBR_separate,0.8750235143425226,1.1669922962623163,-1,-1,0.7583101196297697,1.4123171246368302,"{'max_depth': 8, 'n_estimators': 200}"
