,Gas,Model_name,CV_r2,CV_mse,test_r2_total_model,test_mse_by_total_model,test_r2_separa_model,test_mse_separa_model,best_param
0,Methane,ETR_separate,0.9093355980455708,1.047144875114525,-1,-1,0.9149901265788851,0.6340755430601341,{'n_estimators': 150}
1,Methane,LGBM_separate,0.8950308171897928,1.1935400152389735,-1,-1,0.9079670464709068,0.7229734125419791,"{'learning_rate': 0.5, 'n_estimators': 200, 'num_leaves': 30}"
2,Methane,BGLGBM_separate,0.914501311358509,0.9759531069075742,-1,-1,0.9309823914684575,0.5378538698743275,{'n_estimators': 50}
3,Methane,XGBR_separate,0.9047823538043425,1.1005692265267606,-1,-1,0.9376696647066193,0.4583971680889605,"{'max_depth': 8, 'n_estimators': 200}"
