,Gas,Model_name,CV_r2,CV_mse,test_r2_total_model,test_mse_by_total_model,test_r2_separa_model,test_mse_separa_model,best_param
0,Methane,ETR_separate,0.9087734583360672,1.0086435315795526,-1,-1,0.8993189635659027,1.4276054487047825,{'n_estimators': 200}
1,Methane,LGBM_separate,0.9061862087196143,1.03689030204519,-1,-1,0.8783802739967973,1.9165347222032307,"{'learning_rate': 0.5, 'n_estimators': 200, 'num_leaves': 50}"
2,Methane,BGLGBM_separate,0.9187140642989762,0.9012269653364038,-1,-1,0.8866510345425923,1.589393003865494,{'n_estimators': 50}
3,Methane,XGBR_separate,0.9099413012716321,0.996090132692564,-1,-1,0.8113620743258427,2.2221865649128487,"{'max_depth': 10, 'n_estimators': 200}"
