,Gas,Model_name,CV_r2,CV_mse,test_r2_total_model,test_mse_by_total_model,test_r2_separa_model,test_mse_separa_model,best_param
0,Methane,ETR_separate,0.8832498934259781,1.2698570509013636,-1,-1,0.8870235612408601,0.8501640721857991,{'n_estimators': 100}
1,Methane,LGBM_separate,0.8739767248002697,1.3557481938041938,-1,-1,0.8903845442509988,0.9560836886341972,"{'learning_rate': 0.5, 'n_estimators': 200, 'num_leaves': 50}"
2,Methane,BGLGBM_separate,0.8930876538746009,1.165455452028604,-1,-1,0.9198222028927059,0.6561999210790779,{'n_estimators': 50}
3,Methane,XGBR_separate,0.8821091154685774,1.2809967342670436,-1,-1,0.9301537955414341,0.5897433913085973,"{'max_depth': 8, 'n_estimators': 200}"
