,Gas,Model_name,CV_r2,CV_mse,test_r2_total_model,test_mse_by_total_model,test_r2_separa_model,test_mse_separa_model,best_param
0,Methane,ETR_separate,0.8710326417524072,1.699571007553423,-1,-1,0.9477009641151631,0.4722267401217962,{'n_estimators': 150}
1,Methane,LGBM_separate,0.8647560166578039,1.784494181340594,-1,-1,0.9011160439265664,0.7930809765676692,"{'learning_rate': 0.5, 'n_estimators': 200, 'num_leaves': 30}"
2,Methane,BGLGBM_separate,0.8815581270715155,1.561109316911335,-1,-1,0.9343410236770163,0.566903767805962,{'n_estimators': 50}
3,Methane,XGBR_separate,0.863879201800945,1.7903234158043517,-1,-1,0.8585810743090484,1.0171939560711407,"{'max_depth': 10, 'n_estimators': 200}"
