,Gas,Model_name,CV_r2,CV_mse,test_r2_total_model,test_mse_by_total_model,test_r2_separa_model,test_mse_separa_model,best_param
0,Methane,ETR_separate,0.7980726683439736,2.3202666013049487,-1,-1,0.6346424740332588,2.8880453718565477,{'n_estimators': 180}
1,Methane,LGBM_separate,0.7662027796536199,2.6474611151282867,-1,-1,0.6902739630352722,3.2458020866715316,"{'learning_rate': 0.5, 'n_estimators': 200, 'num_leaves': 20}"
2,Methane,BGLGBM_separate,0.7909393246456682,2.365441140015437,-1,-1,0.6855826474076967,2.7876159284736692,{'n_estimators': 50}
3,Methane,XGBR_separate,0.7946384157138244,2.312399275112137,-1,-1,0.6103811130245191,2.893375824847012,"{'max_depth': 6, 'n_estimators': 200}"
