,Gas,Model_name,CV_r2,CV_mse,test_r2_total_model,test_mse_by_total_model,test_r2_separa_model,test_mse_separa_model,best_param
0,Methane,ETR_separate,0.8320711971039334,2.2404406819655067,-1,-1,0.8864781198408985,0.9592312029278697,{'n_estimators': 200}
1,Methane,LGBM_separate,0.8215661131729852,2.386543792998162,-1,-1,0.8807200630231261,1.1830601179843678,"{'learning_rate': 0.1, 'n_estimators': 200, 'num_leaves': 30}"
2,Methane,BGLGBM_separate,0.8398869735041424,2.1538649650427817,-1,-1,0.8887098719715313,1.0266070853854001,{'n_estimators': 50}
3,Methane,XGBR_separate,0.8056029368956281,2.620002460094835,-1,-1,0.8567597102708038,1.099714601996037,"{'max_depth': 6, 'n_estimators': 200}"
