,Gas,Model_name,CV_r2,CV_mse,test_r2_total_model,test_mse_by_total_model,test_r2_separa_model,test_mse_separa_model,best_param
0,Methane,ETR_separate,0.907471523798559,1.0557944869914602,-1,-1,0.8910548389888499,0.9538368078773259,{'n_estimators': 180}
1,Methane,LGBM_separate,0.8878515626136003,1.3363726254858908,-1,-1,0.8836657039466695,1.0453402588454117,"{'learning_rate': 0.5, 'n_estimators': 200, 'num_leaves': 30}"
2,Methane,BGLGBM_separate,0.9038659795007635,1.1438195026812419,-1,-1,0.9231587693517131,0.6488613419809848,{'n_estimators': 50}
3,Methane,XGBR_separate,0.8856775159046301,1.3793904468653913,-1,-1,0.8816913913132693,0.9150930605256642,"{'max_depth': 8, 'n_estimators': 200}"
