,Gas,Model_name,CV_r2,CV_mse,test_r2_total_model,test_mse_by_total_model,test_r2_separa_model,test_mse_separa_model,best_param
0,Methane,ETR_separate,0.9153356627105331,0.9730115992968157,-1,-1,0.7512007924715057,1.7241659200422441,{'n_estimators': 200}
1,Methane,LGBM_separate,0.9120456289052565,0.9843277849145057,-1,-1,0.7494509490214012,1.781925383201492,"{'learning_rate': 0.5, 'n_estimators': 200, 'num_leaves': 50}"
2,Methane,BGLGBM_separate,0.9237935170655573,0.8626681438965725,-1,-1,0.7787817479455386,1.5434242655993111,{'n_estimators': 50}
3,Methane,XGBR_separate,0.9110206972550113,1.0060683248170732,-1,-1,0.7622051334061418,1.6156179131245259,"{'max_depth': 10, 'n_estimators': 200}"
