,Gas,Model_name,CV_r2,CV_mse,test_r2_total_model,test_mse_by_total_model,test_r2_separa_model,test_mse_separa_model,best_param
0,Methane,ETR_separate,0.9148324330332211,0.9994031798776535,-1,-1,0.918509483087259,0.6375998381491217,{'n_estimators': 180}
1,Methane,LGBM_separate,0.9145206447338079,0.9972411819274966,-1,-1,0.9373128291991963,0.5364733112915164,"{'learning_rate': 0.5, 'n_estimators': 200, 'num_leaves': 30}"
2,Methane,BGLGBM_separate,0.9259136397976384,0.8696027069403461,-1,-1,0.9398942967728906,0.4937818039516807,{'n_estimators': 50}
3,Methane,XGBR_separate,0.9144980497526964,1.006408162699755,-1,-1,0.9450843004921718,0.3959030746161982,"{'max_depth': 8, 'n_estimators': 200}"
