,Gas,Model_name,CV_r2,CV_mse,test_r2_total_model,test_mse_by_total_model,test_r2_separa_model,test_mse_separa_model,best_param
0,Methane,ETR_separate,0.831029919836693,2.061012617847179,-1,-1,0.8653312089478212,1.822858961352416,{'n_estimators': 200}
1,Methane,LGBM_separate,0.8180958482686329,2.0849707123506875,-1,-1,0.7860860164849497,3.0017779319435274,"{'learning_rate': 0.5, 'n_estimators': 200, 'num_leaves': 30}"
2,Methane,BGLGBM_separate,0.8363327614279263,1.9112913632565198,-1,-1,0.8086170643651496,2.5322711720698483,{'n_estimators': 50}
3,Methane,XGBR_separate,0.8221794630665537,2.063358110342148,-1,-1,0.8433854421048484,1.9702952122863355,"{'max_depth': 6, 'n_estimators': 200}"
