,Gas,Model_name,CV_r2,CV_mse,test_r2_total_model,test_mse_by_total_model,test_r2_separa_model,test_mse_separa_model,best_param
0,Methane,ETR_separate,0.9040659199527162,1.1817734961095767,-1,-1,0.954994631043775,0.3961231048150636,{'n_estimators': 180}
1,Methane,LGBM_separate,0.8959685133099988,1.268176577907834,-1,-1,0.9550216816489789,0.3875693538476275,"{'learning_rate': 0.5, 'n_estimators': 200, 'num_leaves': 30}"
2,Methane,BGLGBM_separate,0.9079140882911247,1.120871712978635,-1,-1,0.9357355849485691,0.5505328913070318,{'n_estimators': 10}
3,Methane,XGBR_separate,0.9115839316079068,1.083098242151219,-1,-1,0.9230325399450587,0.6010403531466536,"{'max_depth': 8, 'n_estimators': 200}"
