,Gas,Model_name,CV_r2,CV_mse,test_r2_total_model,test_mse_by_total_model,test_r2_separa_model,test_mse_separa_model,best_param
0,Methane,ETR_separate,0.9094963865300334,1.0718328696409087,-1,-1,0.8327636936110328,2.184846236211382,{'n_estimators': 150}
1,Methane,LGBM_separate,0.8867837952067953,1.3248754845360993,-1,-1,0.7364931540907305,3.866574110497983,"{'learning_rate': 0.5, 'n_estimators': 200, 'num_leaves': 30}"
2,Methane,BGLGBM_separate,0.9053142980119265,1.1078521246103243,-1,-1,0.7901606112281953,2.7768079004616215,{'n_estimators': 50}
3,Methane,XGBR_separate,0.9016954344517532,1.1586666086044586,-1,-1,0.7501148126483154,2.9702324678133407,"{'max_depth': 8, 'n_estimators': 200}"
