,Gas,Model_name,CV_r2,CV_mse,test_r2_total_model,test_mse_by_total_model,test_r2_separa_model,test_mse_separa_model,best_param
0,Methane,ETR_separate,0.8924568689019688,1.0322788606575064,-1,-1,0.9404025510338205,0.6817275851244471,{'n_estimators': 200}
1,Methane,LGBM_separate,0.8730067854136149,1.2308863105856263,-1,-1,0.9274396486071977,0.9687763808729482,"{'learning_rate': 0.5, 'n_estimators': 200, 'num_leaves': 20}"
2,Methane,BGLGBM_separate,0.8752588108070274,1.202081272208985,-1,-1,0.9381107870074119,0.7911469213257466,{'n_estimators': 30}
3,Methane,XGBR_separate,0.845505341553894,1.5015535191900877,-1,-1,0.9049518905238303,1.150523620934408,"{'max_depth': 6, 'n_estimators': 200}"
