,Gas,Model_name,CV_r2,CV_mse,test_r2_total_model,test_mse_by_total_model,test_r2_separa_model,test_mse_separa_model,best_param
0,Methane,ETR_separate,0.8884398881426014,1.0579737227223578,-1,-1,0.7800157177368076,1.8244289698998783,{'n_estimators': 50}
1,Methane,LGBM_separate,0.8056651815724966,1.5924208331105956,-1,-1,0.722232289839946,2.8532395188266753,"{'learning_rate': 0.5, 'n_estimators': 200, 'num_leaves': 10}"
2,Methane,BGLGBM_separate,0.8414422499125547,1.4528190823432823,-1,-1,0.7390833508374339,2.5219034933409032,{'n_estimators': 50}
3,Methane,XGBR_separate,0.8765713524100635,1.1567156526586542,-1,-1,0.7443298004655183,2.335551711967429,"{'max_depth': 4, 'n_estimators': 200}"
