,Gas,Model_name,CV_r2,CV_mse,test_r2_total_model,test_mse_by_total_model,test_r2_separa_model,test_mse_separa_model,best_param
0,Methane,ETR_separate,0.9103502588614163,0.979716901002987,-1,-1,0.9672667752979042,0.7224577862907049,{'n_estimators': 150}
1,Methane,LGBM_separate,0.9058724356849174,1.0317833946722874,-1,-1,0.9554047425568846,0.9777737761266327,"{'learning_rate': 0.5, 'n_estimators': 200, 'num_leaves': 50}"
2,Methane,BGLGBM_separate,0.9228569386208573,0.8482186725369504,-1,-1,0.9666619711455169,0.7209211171286993,{'n_estimators': 50}
3,Methane,XGBR_separate,0.9050450152629075,1.0378156066006647,-1,-1,0.9427387763445654,1.1446302844868608,"{'max_depth': 10, 'n_estimators': 200}"
