,Gas,Model_name,CV_r2,CV_mse,test_r2_total_model,test_mse_by_total_model,test_r2_separa_model,test_mse_separa_model,best_param
0,Methane,ETR_separate,0.9061364308789395,1.0505994436233193,-1,-1,0.7331911249896255,1.9635588946162241,{'n_estimators': 100}
1,Methane,LGBM_separate,0.9096582308405818,1.0102581543834654,-1,-1,0.8045431352455918,1.544261619129092,"{'learning_rate': 0.5, 'n_estimators': 200, 'num_leaves': 50}"
2,Methane,BGLGBM_separate,0.9133247277879042,0.9671667988925219,-1,-1,0.7780211545805411,1.6200614126465973,{'n_estimators': 50}
3,Methane,XGBR_separate,0.9112013658647353,0.9908342775204633,-1,-1,0.7461309675096983,1.8906195445249403,"{'max_depth': 8, 'n_estimators': 200}"
