,Gas,Model_name,CV_r2,CV_mse,test_r2_total_model,test_mse_by_total_model,test_r2_separa_model,test_mse_separa_model,best_param
0,Methane,ETR_separate,0.9193520854228495,0.9030648711683534,-1,-1,0.9104993947913993,1.3277258131475522,{'n_estimators': 200}
1,Methane,LGBM_separate,0.9192424663950322,0.9097502394878108,-1,-1,0.8746702688599334,1.9278715336538974,"{'learning_rate': 0.5, 'n_estimators': 200, 'num_leaves': 50}"
2,Methane,BGLGBM_separate,0.9290851875609165,0.7989645430648004,-1,-1,0.8888956716241737,1.6294973257206067,{'n_estimators': 50}
3,Methane,XGBR_separate,0.9252687635604311,0.8365678601921569,-1,-1,0.8496741308217447,1.949413431260962,"{'max_depth': 8, 'n_estimators': 200}"
