,Gas,Model_name,CV_r2,CV_mse,test_r2_total_model,test_mse_by_total_model,test_r2_separa_model,test_mse_separa_model,best_param
0,Methane,ETR_separate,0.919468936279701,1.0177065775607814,-1,-1,0.9010712569695722,0.6839206640417961,{'n_estimators': 200}
1,Methane,LGBM_separate,0.9170705895366511,1.0938068187314611,-1,-1,0.8680788444616055,1.0166926760216934,"{'learning_rate': 0.5, 'n_estimators': 200, 'num_leaves': 50}"
2,Methane,BGLGBM_separate,0.9245084958663196,0.9783919119677378,-1,-1,0.8866804523009406,0.8380542665080195,{'n_estimators': 30}
3,Methane,XGBR_separate,0.9044710819307568,1.2555552926810636,-1,-1,0.8330617493683319,1.0196397757193798,"{'max_depth': 8, 'n_estimators': 200}"
