,Gas,Model_name,CV_r2,CV_mse,test_r2_total_model,test_mse_by_total_model,test_r2_separa_model,test_mse_separa_model,best_param
0,Methane,ETR_separate,0.8740712359446194,1.3557109483612557,-1,-1,0.9617448405244431,0.47406668885047387,{'n_estimators': 200}
1,Methane,LGBM_separate,0.8708903397832829,1.370245791894162,-1,-1,0.9480302163127463,0.6388609892935238,"{'learning_rate': 0.5, 'n_estimators': 200, 'num_leaves': 50}"
2,Methane,BGLGBM_separate,0.8851357184691606,1.2339009170454787,-1,-1,0.9688707796778809,0.3953174982859533,{'n_estimators': 50}
3,Methane,XGBR_separate,0.8692907797608205,1.4014762856981995,-1,-1,0.9316419341971746,0.7167562902601788,"{'max_depth': 8, 'n_estimators': 200}"
