,Gas,Model_name,CV_r2,CV_mse,test_r2_total_model,test_mse_by_total_model,test_r2_separa_model,test_mse_separa_model,best_param
0,Methane,ETR_separate,0.32062823466327794,4.992002589977019,-1,-1,0.6880932585362738,3.002494791229574,{'n_estimators': 180}
1,Methane,LGBM_separate,0.24073183312323873,7.261722337331176,-1,-1,0.49074059374432843,4.160075363701022,"{'learning_rate': 0.5, 'n_estimators': 200, 'num_leaves': 10}"
2,Methane,BGLGBM_separate,0.14174328149090187,7.281156598206422,-1,-1,0.547205386278792,3.3981004149006107,{'n_estimators': 50}
3,Methane,XGBR_separate,0.2792760706235704,6.742285976380186,-1,-1,0.6907410743880709,2.3571730027176825,"{'max_depth': 4, 'n_estimators': 200}"
