,Gas,Model_name,CV_r2,CV_mse,test_r2_total_model,test_mse_by_total_model,test_r2_separa_model,test_mse_separa_model,best_param
0,Methane,ETR_separate,0.7516904685787044,2.660022775100925,-1,-1,0.8932258120161946,0.7984959703446717,{'n_estimators': 180}
1,Methane,LGBM_separate,0.715087581987645,2.9481042994193727,-1,-1,0.8073479745340363,1.656480923214859,"{'learning_rate': 0.5, 'n_estimators': 200, 'num_leaves': 10}"
2,Methane,BGLGBM_separate,0.7367328896202385,2.781506036899336,-1,-1,0.8515560351916189,1.053740378555968,{'n_estimators': 30}
3,Methane,XGBR_separate,0.75312183536567,2.612326582601566,-1,-1,0.8865446971051667,0.8349117658501031,"{'max_depth': 6, 'n_estimators': 200}"
