,Gas,Model_name,CV_r2,CV_mse,test_r2_total_model,test_mse_by_total_model,test_r2_separa_model,test_mse_separa_model,best_param
0,Methane,ETR_separate,0.7553580970597423,1.941463478849074,-1,-1,0.764095231065719,1.5879633700449405,{'n_estimators': 180}
1,Methane,LGBM_separate,0.6930969593790393,2.4505226975983576,-1,-1,0.7548436116327466,1.6518467102927823,"{'learning_rate': 0.1, 'n_estimators': 200, 'num_leaves': 20}"
2,Methane,BGLGBM_separate,0.7250808188438399,2.1918789887751364,-1,-1,0.7459760323135092,1.6364854642062674,{'n_estimators': 30}
3,Methane,XGBR_separate,0.7157095017485009,2.2564110883096173,-1,-1,0.7485499358851322,1.5515568824787325,"{'max_depth': 6, 'n_estimators': 200}"
