,Gas,Model_name,CV_r2,CV_mse,test_r2_total_model,test_mse_by_total_model,test_r2_separa_model,test_mse_separa_model,best_param
0,Methane,ETR_separate,0.9090091342157665,1.0399339446813116,-1,-1,0.8730354518241383,0.8782655584549661,{'n_estimators': 100}
1,Methane,LGBM_separate,0.9002794466991688,1.1259030303327722,-1,-1,0.8610830962234524,0.9779026534197491,"{'learning_rate': 0.5, 'n_estimators': 200, 'num_leaves': 50}"
2,Methane,BGLGBM_separate,0.9160885677145252,0.9505709418724019,-1,-1,0.8712313137634898,0.8691619783010377,{'n_estimators': 50}
3,Methane,XGBR_separate,0.9081639405122365,1.0387324236082478,-1,-1,0.8326668322868672,1.0801165955241065,"{'max_depth': 8, 'n_estimators': 200}"
