,Gas,Model_name,CV_r2,CV_mse,test_r2_total_model,test_mse_by_total_model,test_r2_separa_model,test_mse_separa_model,best_param
0,Methane,ETR_separate,0.9181555191842529,0.9308043312451779,-1,-1,0.8693140297401664,0.9052777580612329,{'n_estimators': 180}
1,Methane,LGBM_separate,0.9169982908858174,0.9450653626662922,-1,-1,0.8906698088371232,0.8617268051342902,"{'learning_rate': 0.5, 'n_estimators': 200, 'num_leaves': 50}"
2,Methane,BGLGBM_separate,0.9289866739189326,0.8098252454910833,-1,-1,0.9072662803138021,0.6928445930228314,{'n_estimators': 50}
3,Methane,XGBR_separate,0.9164385540106077,0.9545980227252027,-1,-1,0.8771749068692979,0.8433455905986428,"{'max_depth': 8, 'n_estimators': 200}"
