,Gas,Model_name,CV_r2,CV_mse,test_r2_total_model,test_mse_by_total_model,test_r2_separa_model,test_mse_separa_model,best_param
0,Methane,ETR_separate,0.900451344337618,1.0132023671010244,-1,-1,0.969520794098843,0.6260148271850674,{'n_estimators': 200}
1,Methane,LGBM_separate,0.895096408569,1.0802890498010949,-1,-1,0.9729928239731604,0.6229104799986831,"{'learning_rate': 0.5, 'n_estimators': 200, 'num_leaves': 50}"
2,Methane,BGLGBM_separate,0.9039527935298531,0.9769838133748054,-1,-1,0.981319839874301,0.40791129264126835,{'n_estimators': 50}
3,Methane,XGBR_separate,0.8978442766929046,1.0532629109563332,-1,-1,0.9847570849023297,0.33206738609069525,"{'max_depth': 8, 'n_estimators': 200}"
