,Gas,Model_name,CV_r2,CV_mse,test_r2_total_model,test_mse_by_total_model,test_r2_separa_model,test_mse_separa_model,best_param
0,Methane,ETR_separate,0.8941949951458504,1.1240346323289045,-1,-1,0.8912406060530959,0.7322827278279975,{'n_estimators': 180}
1,Methane,LGBM_separate,0.8965645310014644,1.084742834515391,-1,-1,0.8033944065270001,1.3443804825174863,"{'learning_rate': 0.5, 'n_estimators': 200, 'num_leaves': 30}"
2,Methane,BGLGBM_separate,0.912808041737107,0.9185476016864798,-1,-1,0.8907987706185251,0.806417341358684,{'n_estimators': 30}
3,Methane,XGBR_separate,0.8988113144831539,1.0879076089801099,-1,-1,0.8858629067193264,0.7233495750516247,"{'max_depth': 8, 'n_estimators': 200}"
