,Gas,Model_name,CV_r2,CV_mse,test_r2_total_model,test_mse_by_total_model,test_r2_separa_model,test_mse_separa_model,best_param
0,Methane,ETR_separate,0.7832508752491026,2.3013274386391176,-1,-1,0.5669414402883177,3.148821839680423,{'n_estimators': 120}
1,Methane,LGBM_separate,0.7072085685807544,3.0952297728548266,-1,-1,0.5321111278648588,3.51254901067671,"{'learning_rate': 0.5, 'n_estimators': 200, 'num_leaves': 30}"
2,Methane,BGLGBM_separate,0.7555549390869294,2.5646580253867564,-1,-1,0.5711051917567442,3.091695746230293,{'n_estimators': 30}
3,Methane,XGBR_separate,0.7412065772442618,2.5652018645669705,-1,-1,0.45630076464127356,3.8135560744005677,"{'max_depth': 8, 'n_estimators': 200}"
