,Gas,Model_name,CV_r2,CV_mse,test_r2_total_model,test_mse_by_total_model,test_r2_separa_model,test_mse_separa_model,best_param
0,Methane,ETR_separate,0.8617340784751208,1.2694582664370557,-1,-1,0.5216016385869051,5.424395560235758,{'n_estimators': 180}
1,Methane,LGBM_separate,0.8332168456393696,1.549286555370185,-1,-1,0.4260324059641042,7.17359960203437,"{'learning_rate': 0.5, 'n_estimators': 200, 'num_leaves': 10}"
2,Methane,BGLGBM_separate,0.8548367460575161,1.3253917334329626,-1,-1,0.4090691966794914,6.823330059093312,{'n_estimators': 50}
3,Methane,XGBR_separate,0.8598387318124707,1.310827400265739,-1,-1,0.3658771702489172,6.6329258124352135,"{'max_depth': 6, 'n_estimators': 200}"
