,Gas,Model_name,CV_r2,CV_mse,test_r2_total_model,test_mse_by_total_model,test_r2_separa_model,test_mse_separa_model,best_param
0,Methane,ETR_separate,0.8494517482732267,1.5746191884964218,-1,-1,0.8765871074583609,0.9731093647468142,{'n_estimators': 200}
1,Methane,LGBM_separate,0.8539690517677101,1.5291527706888048,-1,-1,0.8964992417109522,0.8679544521035848,"{'learning_rate': 0.1, 'n_estimators': 200, 'num_leaves': 50}"
2,Methane,BGLGBM_separate,0.8604370910451118,1.4784307283519929,-1,-1,0.8964091132857384,0.8569899639366053,{'n_estimators': 50}
3,Methane,XGBR_separate,0.8528714538878199,1.552045599672201,-1,-1,0.8615930022008867,1.0919590843841613,"{'max_depth': 8, 'n_estimators': 200}"
