,Gas,Model_name,CV_r2,CV_mse,test_r2_total_model,test_mse_by_total_model,test_r2_separa_model,test_mse_separa_model,best_param
0,Methane,ETR_separate,0.9174837872475818,0.968526104159394,-1,-1,0.7601285222269345,1.681004372036855,{'n_estimators': 200}
1,Methane,LGBM_separate,0.9080471718399036,1.0743557736620812,-1,-1,0.7791763952595473,1.6136167173496194,"{'learning_rate': 0.5, 'n_estimators': 200, 'num_leaves': 50}"
2,Methane,BGLGBM_separate,0.9223560189038233,0.9093758057491337,-1,-1,0.7767715300741169,1.6267556405531232,{'n_estimators': 50}
3,Methane,XGBR_separate,0.9107844853947764,1.0457512512412226,-1,-1,0.7589527148485724,1.632251054149224,"{'max_depth': 10, 'n_estimators': 200}"
