,CV_r2,CV_mse,test_r2_separa_model,test_mse_separa_model
0,0.01928806145468876,0.27217660036761576,0.14491115779197855,1.8064275479309853
1,0.01902484912224885,0.27539422222235016,0.08721655783484163,1.162485263469853
2,0.0216240049579585,0.296546363608202,0.1113486310751842,1.4641868694490472
3,0.01756383218057542,0.2528918347360953,0.11861908719596885,1.4772062610006818
