,CV_r2,CV_mse,test_r2_separa_model,test_mse_separa_model
0,0.8843466478529447,1.297422605874864,0.8008686155572932,1.9699629388008042
1,0.8680988037725035,1.4630213993933625,0.8301988061041943,1.7616422309392736
2,0.8838186191291462,1.2980051019112857,0.8238150030283385,1.8043024973951376
3,0.8684120976536531,1.4692201570505907,0.7984983314336551,1.896437674441485
