,CV_r2,CV_mse,test_r2_separa_model,test_mse_separa_model
0,0.8607261942177973,1.6251195785592316,0.7655839551642691,2.198324659979817
1,0.8314493862083268,1.9168250117530263,0.7206362164658511,2.707102722895333
2,0.8513810842125495,1.70400987197613,0.7698440958966715,2.2074446471951203
3,0.833542533937995,1.8908746178538671,0.7095906735381902,2.499442987821136
