,CV_r2,CV_mse,test_r2_separa_model,test_mse_separa_model
0,0.8454758055685303,1.8034288981206974,0.7735145392811597,2.0864354925756303
1,0.8120190695692759,2.1489173799755563,0.7630394907803404,2.355914990893271
2,0.8318464032073688,1.945328042556719,0.7760939762013592,2.1605564959469947
3,0.8200367161482841,2.0824838292813386,0.7230816347763495,2.3360801898686594
