,CV_r2,CV_mse,test_r2_separa_model,test_mse_separa_model
0,0.004840136362409022,0.05612489497108244,0.0763019763225622,0.5159014623934816
1,0.006134483878517709,0.07435715436200133,0.06483532389108565,0.5034037242638406
2,0.003774083961020045,0.047046342860053554,0.06681916545724358,0.5206631355525149
3,0.009169657774561482,0.0952896584657249,0.06687302538712517,0.5153565456511616
