,CV_r2,CV_mse,test_r2_separa_model,test_mse_separa_model
0,0.06693035761512373,1.2529757261203167,0.18071645626756375,1.6338339125309094
1,0.09655780167131994,1.9239305420463322,0.217133932529249,1.9979117665971002
2,0.08182924795409001,1.372181327458441,0.24635372329884936,2.0629015987146313
3,0.07659589530002901,1.4646786333622512,0.19907145667504697,1.6572406828009807
