,CV_r2,CV_mse,test_r2_separa_model,test_mse_separa_model
0,0.060376292778630214,0.9462811896933498,0.20624386738581357,1.937935123422783
1,0.07534247338477494,0.9273357470868561,0.13932812472136558,1.5578522497070493
2,0.06306159694608568,0.9198958075349895,0.17669367687157767,1.8764961944413614
3,0.06805686320800099,1.0751251853031862,0.1412564624639888,1.397385411636412
