,CV_r2,CV_mse,test_r2_separa_model,test_mse_separa_model
0,0.677801732732232,3.1604683540243306,0.5115533819506604,3.990463448173762
1,0.46072530083218355,4.567269313322475,0.5811865650410674,4.23607017639749
2,0.5214908113819101,4.106899281257336,0.548510423463811,4.113737729266579
3,0.5737114738898569,3.7726086105976506,0.4389558366599745,4.113376206709378
