,CV_r2,CV_mse,test_r2_separa_model,test_mse_separa_model
0,0.8325726886967267,2.146280939942988,0.78974038655112,1.9811180601471006
1,0.8041606894667656,2.436113607821588,0.7590497575719029,2.49829330364251
2,0.8211818127798249,2.2660256619875656,0.7688262343401122,2.263357281894561
3,0.8146118605792794,2.3078185994939715,0.7201101144084806,2.3606744962799397
