,CV_r2,CV_mse,test_r2_separa_model,test_mse_separa_model
0,0.8941256604954093,1.1990956638801713,0.8704298047685242,1.2050375083214462
1,0.8836571733226343,1.3046590915684608,0.8539247545996067,1.5834551189364874
2,0.8998542141430047,1.1285147277740564,0.8794312053625097,1.2184158241286056
3,0.8853841911640201,1.2981542715984422,0.8559009108327865,1.3208611114217594
