,CV_r2,CV_mse,test_r2_separa_model,test_mse_separa_model
0,0.878638856734813,1.3871759521162725,0.8685957142101897,1.1809775109738627
1,0.8642910192852407,1.526417635078961,0.8698629233845849,1.3184925688712934
2,0.8812170327151787,1.3554134832490887,0.8777023535314811,1.1922629370040385
3,0.8666089484634476,1.5474986231870953,0.8499211501760892,1.355147431142528
