,CV_r2,CV_mse,test_r2_separa_model,test_mse_separa_model
0,0.003344452952724731,0.03523733109897376,0.08404833407427206,0.5898082354443652
1,0.0029587154373170244,0.026075685189818926,0.08298467438496229,0.6527247533666096
2,0.002606069781058686,0.0277476123735047,0.06734528309379062,0.5078077663674939
3,0.004573344845973109,0.04061555736764867,0.06683378217492818,0.5281169006231563
