,CV_r2,CV_mse,test_r2_separa_model,test_mse_separa_model
0,0.8323690577744021,1.911891166933896,0.8004280922050906,1.874707868184609
1,0.8096987120860526,2.1304488923737277,0.7899728637690953,2.1652508672018658
2,0.8312684236890819,1.9035413072142067,0.7952137121820627,2.0535050442664637
3,0.8161169686972973,2.072278015512371,0.7654373027561828,2.1416313738498354
