,CV_r2,CV_mse,test_r2_separa_model,test_mse_separa_model
0,0.8264328815673799,1.684536453388438,0.7496304238665008,2.260694567332682
1,0.7886473333404065,2.0635993562134844,0.7308901903146875,2.654247415115168
2,0.8148497567731191,1.8009689061867142,0.7462773292279422,2.3590090832084982
3,0.8025955870189044,1.9109187803711218,0.7178739536647343,2.380780325483614
