,CV_r2,CV_mse,test_r2_separa_model,test_mse_separa_model
0,0.8673649970002769,1.551648670095624,0.8280295010771728,1.7164080485024908
1,0.8445915299979992,1.7818750859444599,0.843249050719808,1.6764097662264767
2,0.8646179794671781,1.5821314927479826,0.8448358505172298,1.6230817978828604
3,0.850113639625671,1.7368275757441896,0.786624037196322,1.9659141864138103
