,CV_r2,CV_mse,test_r2_separa_model,test_mse_separa_model
0,0.9147017948450322,0.963846499611195,0.897071345744808,0.9400943831456843
1,0.9114146256785827,0.9961885822316393,0.9043312489736095,0.9589535974601416
2,0.9238361699369451,0.8585069427797704,0.9161520374515385,0.799244795536261
3,0.9118430924390009,0.997990095836539,0.8849118883251534,1.0431011135964743
