,CV_r2,CV_mse,test_r2_separa_model,test_mse_separa_model
0,0.0051663964234207995,0.03774664755765492,0.00918408769627246,0.0639406664053931
