,CV_r2,CV_mse,test_r2_separa_model,test_mse_separa_model
0,0.9484897781800334,0.3697675094407357,0.9585054964811492,0.2814700268199479
