,CV_r2,CV_mse,test_r2_separa_model,test_mse_separa_model
0,0.005088964456634254,0.03670635138978573,0.008317671539899719,0.05943910335424064
