,CV_r2,CV_mse,test_r2_separa_model,test_mse_separa_model
0,0.9515605138776648,0.3485607595738838,0.9637149482396672,0.24834628750887508
