,Gas,Model_name,CV_r2,CV_mse,test_r2_total_model,test_mse_by_total_model,test_r2_separa_model,test_mse_separa_model,best_param
0,CO2,ETR_separate,0.8950244177933222,1.5306267793751323,-1,-1,0.8994402031265469,1.2643139218452322,{'n_estimators': 200}
1,CO2,LGBM_separate,0.897609679467149,1.4685149701235956,-1,-1,0.8209854323305076,2.739055753834248,"{'learning_rate': 0.5, 'n_estimators': 200, 'num_leaves': 30}"
2,CO2,BGLGBM_separate,0.9055910230758867,1.3437676765151392,-1,-1,0.8460847656998285,2.2638252119308295,{'n_estimators': 30}
3,CO2,XGBR_separate,0.8747228482961473,1.8405629118646991,-1,-1,0.8376840888006992,2.161635549440367,"{'max_depth': 8, 'n_estimators': 200}"
