,Gas,Model_name,CV_r2,CV_mse,test_r2_total_model,test_mse_by_total_model,test_r2_separa_model,test_mse_separa_model,best_param
0,CO2,ETR_separate,0.9274540631984124,1.0607321792166,-1,-1,0.942766021520684,0.6663444449797541,{'n_estimators': 180}
1,CO2,LGBM_separate,0.9138486690257549,1.2233789462206306,-1,-1,0.9518446488719541,0.4723155904685871,"{'learning_rate': 0.5, 'n_estimators': 200, 'num_leaves': 50}"
2,CO2,BGLGBM_separate,0.9253214301466819,1.0787733670371,-1,-1,0.960584971817338,0.3771894510295473,{'n_estimators': 50}
3,CO2,XGBR_separate,0.9074356415773126,1.3288200960375636,-1,-1,0.9040275299442891,0.909692619892106,"{'max_depth': 8, 'n_estimators': 200}"
