,Gas,Model_name,CV_r2,CV_mse,test_r2_total_model,test_mse_by_total_model,test_r2_separa_model,test_mse_separa_model,best_param
0,CO2,ETR_separate,0.9405961179703951,0.7945699964783086,-1,-1,0.9072642620189597,0.9750693977455827,{'n_estimators': 200}
1,CO2,LGBM_separate,0.9433810584211182,0.760992294874607,-1,-1,0.9434239841095723,0.5119130886436385,"{'learning_rate': 0.5, 'n_estimators': 200, 'num_leaves': 50}"
2,CO2,BGLGBM_separate,0.9478523492863186,0.7003193211285925,-1,-1,0.9409788981042628,0.5661160876468058,{'n_estimators': 50}
3,CO2,XGBR_separate,0.9405262213162754,0.8122651787455762,-1,-1,0.9243200329784503,0.7160833088886793,"{'max_depth': 10, 'n_estimators': 200}"
