,Gas,Model_name,CV_r2,CV_mse,test_r2_total_model,test_mse_by_total_model,test_r2_separa_model,test_mse_separa_model,best_param
0,CO2,ETR_separate,0.9119630280301342,1.3541486590515832,-1,-1,0.9505496309296144,0.9258849891282235,{'n_estimators': 180}
1,CO2,LGBM_separate,0.8991079904795123,1.5214304682046338,-1,-1,0.9535577360694277,0.9081538590460759,"{'learning_rate': 0.5, 'n_estimators': 200, 'num_leaves': 30}"
2,CO2,BGLGBM_separate,0.9108262790318074,1.346793119530745,-1,-1,0.9589859052437271,0.7540978113424417,{'n_estimators': 50}
3,CO2,XGBR_separate,0.8847798913898606,1.7744863176493317,-1,-1,0.889022042220776,1.5308783475659846,"{'max_depth': 8, 'n_estimators': 200}"
