,Gas,Model_name,CV_r2,CV_mse,test_r2_total_model,test_mse_by_total_model,test_r2_separa_model,test_mse_separa_model,best_param
0,CO2,ETR_separate,0.929521601034432,0.8799832067777537,-1,-1,0.9663283316770924,0.8796079269071875,{'n_estimators': 200}
1,CO2,LGBM_separate,0.93036721271969,0.8646614533984296,-1,-1,0.9786185446048978,0.5600953976390604,"{'learning_rate': 0.5, 'n_estimators': 200, 'num_leaves': 50}"
2,CO2,BGLGBM_separate,0.9382463591226008,0.7687737660320958,-1,-1,0.9756256782732345,0.6527528843570648,{'n_estimators': 30}
3,CO2,XGBR_separate,0.9226773678149229,0.9510300912548935,-1,-1,0.9650011113862222,0.8569325790300409,"{'max_depth': 10, 'n_estimators': 200}"
