,Gas,Model_name,CV_r2,CV_mse,test_r2_total_model,test_mse_by_total_model,test_r2_separa_model,test_mse_separa_model,best_param
0,CO2,ETR_separate,0.9255594290153301,1.045900064822953,-1,-1,0.945076104026742,1.2701380240929308,{'n_estimators': 180}
1,CO2,LGBM_separate,0.9169203070513067,1.1693102029615172,-1,-1,0.9430053541479388,1.4299489770349711,"{'learning_rate': 0.5, 'n_estimators': 200, 'num_leaves': 50}"
2,CO2,BGLGBM_separate,0.9276702480202136,1.019581973742469,-1,-1,0.9463473704712062,1.250256613701318,{'n_estimators': 50}
3,CO2,XGBR_separate,0.9105011815647777,1.2708364863609574,-1,-1,0.9537200464397494,0.9854467048986763,"{'max_depth': 8, 'n_estimators': 200}"
