,Gas,Model_name,CV_r2,CV_mse,test_r2_total_model,test_mse_by_total_model,test_r2_separa_model,test_mse_separa_model,best_param
0,CO2,ETR_separate,0.9305682477469979,0.8995517110653249,-1,-1,0.9638144650935142,0.9293817761781424,{'n_estimators': 180}
1,CO2,LGBM_separate,0.9214784410966702,1.0048056848995852,-1,-1,0.9757553945589618,0.6381076295569164,"{'learning_rate': 0.5, 'n_estimators': 200, 'num_leaves': 50}"
2,CO2,BGLGBM_separate,0.9373746728790454,0.8051465312398303,-1,-1,0.9745373524468619,0.67182495552879,{'n_estimators': 50}
3,CO2,XGBR_separate,0.9037664960200406,1.2555543525206965,-1,-1,0.9656647112877671,0.8719191776961395,"{'max_depth': 10, 'n_estimators': 200}"
