,Gas,Model_name,CV_r2,CV_mse,test_r2_total_model,test_mse_by_total_model,test_r2_separa_model,test_mse_separa_model,best_param
0,CO2,ETR_separate,0.9373342085873594,0.8170940338263708,-1,-1,0.9541603433288749,0.9030550307710109,{'n_estimators': 180}
1,CO2,LGBM_separate,0.9375772632483391,0.8129581016454012,-1,-1,0.9642068902465845,0.7181605334819992,"{'learning_rate': 0.5, 'n_estimators': 200, 'num_leaves': 50}"
2,CO2,BGLGBM_separate,0.9463968346886962,0.697837742395232,-1,-1,0.9724030042096109,0.5237470467737593,{'n_estimators': 50}
3,CO2,XGBR_separate,0.9301665402783375,0.9227196676672472,-1,-1,0.9651591925247935,0.6070571092243108,"{'max_depth': 10, 'n_estimators': 200}"
