,Gas,Model_name,CV_r2,CV_mse,test_r2_total_model,test_mse_by_total_model,test_r2_separa_model,test_mse_separa_model,best_param
0,CO2,ETR_separate,0.9083506521400266,1.089113908989604,-1,-1,0.9600113925514908,1.015440510638867,{'n_estimators': 200}
1,CO2,LGBM_separate,0.9119609886010605,1.0360911365908936,-1,-1,0.9577879347636078,1.1112922439948123,"{'learning_rate': 0.5, 'n_estimators': 200, 'num_leaves': 50}"
2,CO2,BGLGBM_separate,0.9198567370814082,0.9591373312267202,-1,-1,0.9705251289336212,0.746218312586757,{'n_estimators': 50}
3,CO2,XGBR_separate,0.9002133773315141,1.228878139958758,-1,-1,0.9406054892121772,1.273263314786246,"{'max_depth': 10, 'n_estimators': 200}"
