,Gas,Model_name,CV_r2,CV_mse,test_r2_total_model,test_mse_by_total_model,test_r2_separa_model,test_mse_separa_model,best_param
0,CO2,ETR_separate,0.8802542236749954,1.8685289861791958,-1,-1,0.8510050124316698,2.4406576461191407,{'n_estimators': 200}
1,CO2,LGBM_separate,0.8217454304278042,2.214301433373493,-1,-1,0.7946341122866604,3.1094061189467515,"{'learning_rate': 0.5, 'n_estimators': 200, 'num_leaves': 20}"
2,CO2,BGLGBM_separate,0.8555209123568289,2.3576197932762026,-1,-1,0.8119529418360383,3.2815974131911387,{'n_estimators': 10}
3,CO2,XGBR_separate,0.7977304145739008,3.131578664941805,-1,-1,0.8666135654979823,1.974048500274232,"{'max_depth': 4, 'n_estimators': 200}"
