,Gas,Model_name,CV_r2,CV_mse,test_r2_total_model,test_mse_by_total_model,test_r2_separa_model,test_mse_separa_model,best_param
0,CO2,ETR_separate,0.9412390755983762,0.8053983873409895,-1,-1,0.95552148123273,0.5784241116717256,{'n_estimators': 180}
1,CO2,LGBM_separate,0.9429436438237984,0.7828338635789115,-1,-1,0.9617416382341907,0.5814081048320207,"{'learning_rate': 0.5, 'n_estimators': 200, 'num_leaves': 50}"
2,CO2,BGLGBM_separate,0.9489670828613423,0.7015150641778203,-1,-1,0.9611745152364964,0.5708784093519211,{'n_estimators': 50}
3,CO2,XGBR_separate,0.937532422868123,0.8613138820862536,-1,-1,0.9392217708896187,0.7294910030862117,"{'max_depth': 10, 'n_estimators': 200}"
