,Gas,Model_name,CV_r2,CV_mse,test_r2_total_model,test_mse_by_total_model,test_r2_separa_model,test_mse_separa_model,best_param
0,CO2,ETR_separate,0.914892170136833,1.0146372811338058,-1,-1,0.9569990911313344,0.5852459443784809,{'n_estimators': 180}
1,CO2,LGBM_separate,0.9191300817054351,0.9844176693207736,-1,-1,0.9531602353403299,0.6582405380383328,"{'learning_rate': 0.5, 'n_estimators': 200, 'num_leaves': 50}"
2,CO2,BGLGBM_separate,0.9285845862038835,0.8669960987501737,-1,-1,0.9620455969316214,0.5223325310064321,{'n_estimators': 50}
3,CO2,XGBR_separate,0.9003960824325026,1.1802482906438738,-1,-1,0.9508978258171449,0.627620501513063,"{'max_depth': 10, 'n_estimators': 200}"
