,Gas,Model_name,CV_r2,CV_mse,test_r2_total_model,test_mse_by_total_model,test_r2_separa_model,test_mse_separa_model,best_param
0,CO2,ETR_separate,0.9371416548662781,0.8721159734839226,-1,-1,0.904581685246846,1.1724158137058474,{'n_estimators': 180}
1,CO2,LGBM_separate,0.93727984182678,0.8687204335466682,-1,-1,0.899811048139797,1.161351405763332,"{'learning_rate': 0.5, 'n_estimators': 200, 'num_leaves': 50}"
2,CO2,BGLGBM_separate,0.9457849381434924,0.7500357824088939,-1,-1,0.9144491090223248,1.04322054626823,{'n_estimators': 50}
3,CO2,XGBR_separate,0.9174309273644201,1.144703662589314,-1,-1,0.8687289098973252,1.352361302769319,"{'max_depth': 8, 'n_estimators': 200}"
