,Gas,Model_name,CV_r2,CV_mse,test_r2_total_model,test_mse_by_total_model,test_r2_separa_model,test_mse_separa_model,best_param
0,CO2,ETR_separate,0.9131159453565985,1.0352620219868554,-1,-1,0.9453385374238882,1.0650605479455373,{'n_estimators': 200}
1,CO2,LGBM_separate,0.9051021903440274,1.1416537784252687,-1,-1,0.9238967760247719,1.5467369620345188,"{'learning_rate': 0.5, 'n_estimators': 200, 'num_leaves': 30}"
2,CO2,BGLGBM_separate,0.9162081629484391,0.9958577945697753,-1,-1,0.9196558723242347,1.5585112064639035,{'n_estimators': 30}
3,CO2,XGBR_separate,0.8778166289966082,1.5121979721710397,-1,-1,0.9207270783791999,1.3914644256567483,"{'max_depth': 8, 'n_estimators': 200}"
