,Gas,Model_name,CV_r2,CV_mse,test_r2_total_model,test_mse_by_total_model,test_r2_separa_model,test_mse_separa_model,best_param
0,CO2,ETR_separate,0.9395581713460193,0.8251363841717378,-1,-1,0.9503741613609172,0.6113520243276243,{'n_estimators': 200}
1,CO2,LGBM_separate,0.9378577665306365,0.8492550554849476,-1,-1,0.9388847477629493,0.7492534520972026,"{'learning_rate': 0.5, 'n_estimators': 200, 'num_leaves': 50}"
2,CO2,BGLGBM_separate,0.9469013293279257,0.7244516042712787,-1,-1,0.9547023655054503,0.5541148377485637,{'n_estimators': 50}
3,CO2,XGBR_separate,0.9287729038108674,0.9907188818100702,-1,-1,0.9548568578460803,0.5113842540208252,"{'max_depth': 10, 'n_estimators': 200}"
