,Gas,Model_name,CV_r2,CV_mse,test_r2_total_model,test_mse_by_total_model,test_r2_separa_model,test_mse_separa_model,best_param
0,CO2,ETR_separate,0.9421583833948993,0.7704594951947531,-1,-1,0.9121426137395606,1.1035779128442234,{'n_estimators': 180}
1,CO2,LGBM_separate,0.9430736895944708,0.7637912648633558,-1,-1,0.9417594482271288,0.7560695826921335,"{'learning_rate': 0.5, 'n_estimators': 200, 'num_leaves': 50}"
2,CO2,BGLGBM_separate,0.9484874000416891,0.6874079347761705,-1,-1,0.938420084793262,0.7910176292822932,{'n_estimators': 50}
3,CO2,XGBR_separate,0.924756400209156,0.9988618338261022,-1,-1,0.8929364281652952,1.1553533632320359,"{'max_depth': 10, 'n_estimators': 200}"
