,Gas,Model_name,CV_r2,CV_mse,test_r2_total_model,test_mse_by_total_model,test_r2_separa_model,test_mse_separa_model,best_param
0,CO2,ETR_separate,0.8915308363024208,0.9887486010259614,-1,-1,0.9019339973547487,1.2373745541320673,{'n_estimators': 200}
1,CO2,LGBM_separate,0.8813969286548093,1.0807071297082191,-1,-1,0.848359545133312,1.7862581430658513,"{'learning_rate': 0.5, 'n_estimators': 200, 'num_leaves': 50}"
2,CO2,BGLGBM_separate,0.8947465869689225,0.9710082384090599,-1,-1,0.8881531354179959,1.3031033933685499,{'n_estimators': 50}
3,CO2,XGBR_separate,0.882610135398268,1.0878565109454565,-1,-1,0.8806748750371056,1.2284496586009575,"{'max_depth': 8, 'n_estimators': 200}"
