,Gas,Model_name,CV_r2,CV_mse,test_r2_total_model,test_mse_by_total_model,test_r2_separa_model,test_mse_separa_model,best_param
0,CO2,ETR_separate,0.9216844133470754,1.1219794955985,-1,-1,0.9508071532869306,0.957757797606415,{'n_estimators': 180}
1,CO2,LGBM_separate,0.9129620926830307,1.2382348472984384,-1,-1,0.9396190663550056,1.183417270227041,"{'learning_rate': 0.5, 'n_estimators': 200, 'num_leaves': 50}"
2,CO2,BGLGBM_separate,0.9224977607245796,1.1035595829947555,-1,-1,0.9493602979462468,0.943485467358464,{'n_estimators': 50}
3,CO2,XGBR_separate,0.9100840294716697,1.2908330015246168,-1,-1,0.9315716340948607,1.0586157603732755,"{'max_depth': 8, 'n_estimators': 200}"
