,Gas,Model_name,CV_r2,CV_mse,test_r2_total_model,test_mse_by_total_model,test_r2_separa_model,test_mse_separa_model,best_param
0,CO2,ETR_separate,0.9366487294464854,0.8525805588786193,-1,-1,0.9351292402452553,0.7729786663970659,{'n_estimators': 180}
1,CO2,LGBM_separate,0.9338891401348228,0.8924476884116702,-1,-1,0.9454702109542279,0.6329580756425299,"{'learning_rate': 0.5, 'n_estimators': 200, 'num_leaves': 50}"
2,CO2,BGLGBM_separate,0.9431500284285651,0.7668790362029317,-1,-1,0.9480133552558099,0.5926250486153765,{'n_estimators': 50}
3,CO2,XGBR_separate,0.934630738083597,0.8902917886184543,-1,-1,0.9140888573279464,0.8284641197821908,"{'max_depth': 10, 'n_estimators': 200}"
