,Gas,Model_name,CV_r2,CV_mse,test_r2_total_model,test_mse_by_total_model,test_r2_separa_model,test_mse_separa_model,best_param
0,CO2,ETR_separate,0.9237721215013155,1.0181774916477584,-1,-1,0.9047929380774231,1.0813256920078897,{'n_estimators': 200}
1,CO2,LGBM_separate,0.9175261607953786,1.121023850164256,-1,-1,0.9056993686651023,1.092410938777166,"{'learning_rate': 0.5, 'n_estimators': 200, 'num_leaves': 50}"
2,CO2,BGLGBM_separate,0.9277968269855574,0.9906155118330116,-1,-1,0.9164890020719918,0.9385240879674785,{'n_estimators': 50}
3,CO2,XGBR_separate,0.8870475836837043,1.4978170206272787,-1,-1,0.8939230861178289,1.08238734252936,"{'max_depth': 8, 'n_estimators': 200}"
