,Gas,Model_name,CV_r2,CV_mse,test_r2_total_model,test_mse_by_total_model,test_r2_separa_model,test_mse_separa_model,best_param
0,CO2,ETR_separate,0.9350713684494518,0.8286460699402125,-1,-1,0.936318092556451,0.7856813675986885,{'n_estimators': 200}
1,CO2,LGBM_separate,0.9406822231914932,0.7687634799151443,-1,-1,0.9385492227919723,0.6765378658455962,"{'learning_rate': 0.5, 'n_estimators': 200, 'num_leaves': 50}"
2,CO2,BGLGBM_separate,0.946349111490056,0.6948541129815929,-1,-1,0.9525411326405901,0.5136936980370476,{'n_estimators': 50}
3,CO2,XGBR_separate,0.9166768933977512,1.065219460925707,-1,-1,0.9394855875281117,0.5636290259313114,"{'max_depth': 10, 'n_estimators': 200}"
