,Gas,Model_name,CV_r2,CV_mse,test_r2_total_model,test_mse_by_total_model,test_r2_separa_model,test_mse_separa_model,best_param
0,CO2,ETR_separate,0.9375419103036968,0.8445335675083774,-1,-1,0.9496807037427961,0.6079622706314459,{'n_estimators': 200}
1,CO2,LGBM_separate,0.9376866068646648,0.8338751328032323,-1,-1,0.9502545147985635,0.6179948070275972,"{'learning_rate': 0.5, 'n_estimators': 200, 'num_leaves': 50}"
2,CO2,BGLGBM_separate,0.942794478778524,0.7660104904580921,-1,-1,0.951862510632922,0.5818885173188195,{'n_estimators': 50}
3,CO2,XGBR_separate,0.9229122917198798,1.044781843691478,-1,-1,0.9372514736696422,0.6555093800558919,"{'max_depth': 10, 'n_estimators': 200}"
