,Gas,Model_name,CV_r2,CV_mse,test_r2_total_model,test_mse_by_total_model,test_r2_separa_model,test_mse_separa_model,best_param
0,CO2,ETR_separate,0.9151013706240303,0.9802585820941008,-1,-1,0.9220273691844981,1.030377228258839,{'n_estimators': 200}
1,CO2,LGBM_separate,0.9161287656075944,0.9664914165071872,-1,-1,0.9506118251164993,0.605161031371073,"{'learning_rate': 0.5, 'n_estimators': 200, 'num_leaves': 50}"
2,CO2,BGLGBM_separate,0.9291765859946848,0.821498074152682,-1,-1,0.9434336156598733,0.6820273954167432,{'n_estimators': 50}
3,CO2,XGBR_separate,0.9114330024687087,1.0389627618882122,-1,-1,0.9549404797305157,0.5301314493245997,"{'max_depth': 8, 'n_estimators': 200}"
