,Gas,Model_name,CV_r2,CV_mse,test_r2_total_model,test_mse_by_total_model,test_r2_separa_model,test_mse_separa_model,best_param
0,CO2,ETR_separate,0.9326185145595038,0.9237065240733351,-1,-1,0.9535406280570814,0.8124113102290366,{'n_estimators': 180}
1,CO2,LGBM_separate,0.9235415697848606,1.055165322701757,-1,-1,0.9550478397364959,0.7485290763037814,"{'learning_rate': 0.5, 'n_estimators': 200, 'num_leaves': 50}"
2,CO2,BGLGBM_separate,0.934947984442099,0.8939445330796445,-1,-1,0.9651888651893152,0.6039526373540604,{'n_estimators': 50}
3,CO2,XGBR_separate,0.9273356006270308,0.9946775968080939,-1,-1,0.9569796972747501,0.6686615222807205,"{'max_depth': 10, 'n_estimators': 200}"
