,Gas,Model_name,CV_r2,CV_mse,test_r2_total_model,test_mse_by_total_model,test_r2_separa_model,test_mse_separa_model,best_param
0,CO2,ETR_separate,0.9308112645657112,0.8871333280144335,-1,-1,0.9349828744706651,0.7864326503453427,{'n_estimators': 180}
1,CO2,LGBM_separate,0.9309151265257828,0.8977508252375733,-1,-1,0.936328951208069,0.7825146712266698,"{'learning_rate': 0.5, 'n_estimators': 200, 'num_leaves': 50}"
2,CO2,BGLGBM_separate,0.9394973650225837,0.7909053572513088,-1,-1,0.9456013334774281,0.6408231867230187,{'n_estimators': 50}
3,CO2,XGBR_separate,0.92812786344108,0.944772843922886,-1,-1,0.9333144635314363,0.7026519191354005,"{'max_depth': 10, 'n_estimators': 200}"
