,Gas,Model_name,CV_r2,CV_mse,test_r2_total_model,test_mse_by_total_model,test_r2_separa_model,test_mse_separa_model,best_param
0,CO2,ETR_separate,0.8849134880887174,1.5083354720786217,-1,-1,0.930043762294867,0.8159381710174761,{'n_estimators': 200}
1,CO2,LGBM_separate,0.8565311453319863,1.8315733336094737,-1,-1,0.9086537111230923,0.9590675954622596,"{'learning_rate': 0.5, 'n_estimators': 200, 'num_leaves': 20}"
2,CO2,BGLGBM_separate,0.8728333835806152,1.637366192755784,-1,-1,0.91341558667296,0.9736203743766313,{'n_estimators': 50}
3,CO2,XGBR_separate,0.850748328681229,1.943942791950033,-1,-1,0.8743952835673922,1.1717742124548298,"{'max_depth': 8, 'n_estimators': 200}"
