,Gas,Model_name,CV_r2,CV_mse,test_r2_total_model,test_mse_by_total_model,test_r2_separa_model,test_mse_separa_model,best_param
0,CO2,ETR_separate,0.9220232630756687,1.011164987082949,-1,-1,0.9418170455030269,1.2183866961388294,{'n_estimators': 200}
1,CO2,LGBM_separate,0.9234527124659943,0.9964655103179314,-1,-1,0.9475056625952084,1.097512250182237,"{'learning_rate': 0.5, 'n_estimators': 200, 'num_leaves': 50}"
2,CO2,BGLGBM_separate,0.9303112359436453,0.9040700738106218,-1,-1,0.938225226015927,1.2393930828214053,{'n_estimators': 50}
3,CO2,XGBR_separate,0.9128781507328203,1.1358031755969766,-1,-1,0.9615532057701082,0.8038428649489276,"{'max_depth': 10, 'n_estimators': 200}"
