,Gas,Model_name,CV_r2,CV_mse,test_r2_total_model,test_mse_by_total_model,test_r2_separa_model,test_mse_separa_model,best_param
0,CO2,ETR_separate,0.9292706222024328,0.9870236165531697,-1,-1,0.9187335884602741,1.0206894240336224,{'n_estimators': 180}
1,CO2,LGBM_separate,0.923205090570508,1.0815871167448414,-1,-1,0.916021790840079,1.0398371785073426,"{'learning_rate': 0.5, 'n_estimators': 200, 'num_leaves': 50}"
2,CO2,BGLGBM_separate,0.935167495857496,0.9129562510611187,-1,-1,0.9344750916702846,0.8068581743865356,{'n_estimators': 30}
3,CO2,XGBR_separate,0.9279322901807305,1.0096388490391177,-1,-1,0.9150244686712948,0.9207460686212312,"{'max_depth': 8, 'n_estimators': 200}"
