,Gas,Model_name,CV_r2,CV_mse,test_r2_total_model,test_mse_by_total_model,test_r2_separa_model,test_mse_separa_model,best_param
0,CO2,ETR_separate,0.9207095870187552,1.0505765658564443,-1,-1,0.926797580179547,0.9241565831930808,{'n_estimators': 200}
1,CO2,LGBM_separate,0.9091747472997691,1.1798942293572288,-1,-1,0.8986967199300471,1.337321428777636,"{'learning_rate': 0.5, 'n_estimators': 200, 'num_leaves': 30}"
2,CO2,BGLGBM_separate,0.9215735521610068,1.034438594216248,-1,-1,0.9232690696074242,0.9538057261019692,{'n_estimators': 50}
3,CO2,XGBR_separate,0.8850464514765013,1.5156068325524548,-1,-1,0.9175773421169804,0.7302386425610687,"{'max_depth': 8, 'n_estimators': 200}"
