,Gas,Model_name,CV_r2,CV_mse,test_r2_total_model,test_mse_by_total_model,test_r2_separa_model,test_mse_separa_model,best_param
0,CO2,ETR_separate,0.9334960055676756,0.842154511742567,-1,-1,0.9089583307633466,0.936591776461922,{'n_estimators': 180}
1,CO2,LGBM_separate,0.9317567687701773,0.8713378373484997,-1,-1,0.9426137411995514,0.5523280554796749,"{'learning_rate': 0.5, 'n_estimators': 200, 'num_leaves': 50}"
2,CO2,BGLGBM_separate,0.9385743284028315,0.7885960628372886,-1,-1,0.94220720736006,0.5629073709586698,{'n_estimators': 30}
3,CO2,XGBR_separate,0.9272975866412171,0.9317975990649765,-1,-1,0.9205958959333734,0.8031685315096915,"{'max_depth': 10, 'n_estimators': 200}"
