,Gas,Model_name,CV_r2,CV_mse,test_r2_total_model,test_mse_by_total_model,test_r2_separa_model,test_mse_separa_model,best_param
0,CO2,ETR_separate,0.8045246979767466,1.1831733862642202,-1,-1,0.9314292470300957,1.0213243114321746,{'n_estimators': 120}
1,CO2,LGBM_separate,0.3501008932498197,3.7479251659901167,-1,-1,0.7825359947657144,2.3456311701212913,"{'learning_rate': 0.5, 'n_estimators': 200, 'num_leaves': 10}"
2,CO2,BGLGBM_separate,0.44892650371851894,3.8315541938276754,-1,-1,0.7998104557180212,2.158014679835068,{'n_estimators': 50}
3,CO2,XGBR_separate,0.17234917849256184,3.1957144215760467,-1,-1,0.8301644881775113,1.8989124366625634,"{'max_depth': 6, 'n_estimators': 200}"
