,Gas,Model_name,CV_r2,CV_mse,test_r2_total_model,test_mse_by_total_model,test_r2_separa_model,test_mse_separa_model,best_param
0,CO2,ETR_separate,0.9347984194959491,0.841167878425105,-1,-1,0.9481063010692048,0.9429931529870255,{'n_estimators': 200}
1,CO2,LGBM_separate,0.9387553545534395,0.806004100095635,-1,-1,0.9637988519383754,0.6222660481393048,"{'learning_rate': 0.5, 'n_estimators': 200, 'num_leaves': 50}"
2,CO2,BGLGBM_separate,0.9429246385645704,0.745587873287741,-1,-1,0.9661190505989397,0.582561927340544,{'n_estimators': 50}
3,CO2,XGBR_separate,0.9432756212933047,0.7354389841611789,-1,-1,0.9569506964657539,0.7057313764847546,"{'max_depth': 10, 'n_estimators': 200}"
