,Gas,Model_name,CV_r2,CV_mse,test_r2_total_model,test_mse_by_total_model,test_r2_separa_model,test_mse_separa_model,best_param
0,CO2,ETR_separate,0.8904795639994152,1.0923634010674208,-1,-1,0.9075573323090114,1.00810634623767,{'n_estimators': 120}
1,CO2,LGBM_separate,0.8671519738101103,1.304758759602586,-1,-1,0.8818670548464432,1.3894717864201964,"{'learning_rate': 0.5, 'n_estimators': 200, 'num_leaves': 20}"
2,CO2,BGLGBM_separate,0.8914667339737236,1.0816029866694454,-1,-1,0.9140208473341507,0.9773971460411893,{'n_estimators': 50}
3,CO2,XGBR_separate,0.8765549644848034,1.2426369901246768,-1,-1,0.9175653988799614,0.9222206256411766,"{'max_depth': 6, 'n_estimators': 200}"
