,Gas,Model_name,CV_r2,CV_mse,test_r2_total_model,test_mse_by_total_model,test_r2_separa_model,test_mse_separa_model,best_param
0,CO2,ETR_separate,0.9381200388503295,0.7861831137038694,-1,-1,0.93576308912198,0.7457069851390381,{'n_estimators': 180}
1,CO2,LGBM_separate,0.9293129555969886,0.8967743035236404,-1,-1,0.935424187788654,0.7090673869899641,"{'learning_rate': 0.5, 'n_estimators': 200, 'num_leaves': 50}"
2,CO2,BGLGBM_separate,0.9405545371526547,0.7539582465279866,-1,-1,0.9509670292996676,0.5160285546187835,{'n_estimators': 50}
3,CO2,XGBR_separate,0.9017280643444019,1.2206674376326752,-1,-1,0.9441046792625702,0.5701729717327145,"{'max_depth': 10, 'n_estimators': 200}"
