,Gas,Model_name,CV_r2,CV_mse,test_r2_total_model,test_mse_by_total_model,test_r2_separa_model,test_mse_separa_model,best_param
0,CO2,ETR_separate,0.9267347913937106,0.961647609216078,-1,-1,0.9421011735168187,0.6537395967461104,{'n_estimators': 180}
1,CO2,LGBM_separate,0.9319866236853352,0.8921393725859558,-1,-1,0.9410712257408999,0.6190324059841089,"{'learning_rate': 0.5, 'n_estimators': 200, 'num_leaves': 50}"
2,CO2,BGLGBM_separate,0.9384465645414032,0.8051314730399856,-1,-1,0.9555352728396629,0.4544056860611807,{'n_estimators': 30}
3,CO2,XGBR_separate,0.9194875987901107,1.0699129836454087,-1,-1,0.8991955499222871,0.8563046041714073,"{'max_depth': 10, 'n_estimators': 200}"
