,Gas,Model_name,CV_r2,CV_mse,test_r2_total_model,test_mse_by_total_model,test_r2_separa_model,test_mse_separa_model,best_param
0,CO2,ETR_separate,0.9314240870781878,0.8637231368832763,-1,-1,0.9688429969260473,0.78301627760605,{'n_estimators': 180}
1,CO2,LGBM_separate,0.9391040816734175,0.7679728752085087,-1,-1,0.9841822333048268,0.40069829878422264,"{'learning_rate': 0.5, 'n_estimators': 200, 'num_leaves': 50}"
2,CO2,BGLGBM_separate,0.9426759475163065,0.7226703091066958,-1,-1,0.9800480297619578,0.4955218137693527,{'n_estimators': 50}
3,CO2,XGBR_separate,0.916233164233913,1.0596087309635427,-1,-1,0.9779061731431157,0.5142788496611748,"{'max_depth': 10, 'n_estimators': 200}"
