,Gas,Model_name,CV_r2,CV_mse,test_r2_total_model,test_mse_by_total_model,test_r2_separa_model,test_mse_separa_model,best_param
0,CO2,ETR_separate,0.9064047050716297,1.063354295970928,-1,-1,0.9222584592710981,1.4692548409378512,{'n_estimators': 180}
1,CO2,LGBM_separate,0.8912479955701323,1.2418130764634328,-1,-1,0.9296834699218561,1.470290594393845,"{'learning_rate': 0.5, 'n_estimators': 200, 'num_leaves': 30}"
2,CO2,BGLGBM_separate,0.9016271381588401,1.1298869382161185,-1,-1,0.9174089179778486,1.5784175098080047,{'n_estimators': 50}
3,CO2,XGBR_separate,0.890887770858417,1.2455447736963707,-1,-1,0.9189243175783649,1.5780224194356305,"{'max_depth': 8, 'n_estimators': 200}"
