,Gas,Model_name,CV_r2,CV_mse,test_r2_total_model,test_mse_by_total_model,test_r2_separa_model,test_mse_separa_model,best_param
0,CO2,ETR_separate,0.9401373112536534,0.7849531523474936,-1,-1,0.9571896752819786,0.567628778955447,{'n_estimators': 180}
1,CO2,LGBM_separate,0.9479133279608304,0.6819716020647741,-1,-1,0.9637129212557833,0.5115538238444971,"{'learning_rate': 0.5, 'n_estimators': 200, 'num_leaves': 50}"
2,CO2,BGLGBM_separate,0.9524980275966788,0.6275616313054823,-1,-1,0.9672499842488133,0.44530493010706346,{'n_estimators': 50}
3,CO2,XGBR_separate,0.9435851364050031,0.7415312447549136,-1,-1,0.9571000048072607,0.5717288591838039,"{'max_depth': 10, 'n_estimators': 200}"
