,Gas,Model_name,CV_r2,CV_mse,test_r2_total_model,test_mse_by_total_model,test_r2_separa_model,test_mse_separa_model,best_param
0,CO2,ETR_separate,0.9223295090279633,0.9362703595069632,-1,-1,0.9557500966272078,1.1105025607669965,{'n_estimators': 180}
1,CO2,LGBM_separate,0.9218189234300951,0.9372378299611144,-1,-1,0.9666594333008158,0.7661697741108014,"{'learning_rate': 0.5, 'n_estimators': 200, 'num_leaves': 50}"
2,CO2,BGLGBM_separate,0.9306361672700414,0.8277117137056391,-1,-1,0.9700369382614255,0.7326567892109869,{'n_estimators': 50}
3,CO2,XGBR_separate,0.9153786910419456,1.043438330954882,-1,-1,0.9368250569139951,1.2565808464272095,"{'max_depth': 10, 'n_estimators': 200}"
