,Gas,Model_name,CV_r2,CV_mse,test_r2_total_model,test_mse_by_total_model,test_r2_separa_model,test_mse_separa_model,best_param
0,CO2,ETR_separate,0.9309812011584759,0.9796558787460162,-1,-1,0.9395103199747037,0.7465567832827734,{'n_estimators': 200}
1,CO2,LGBM_separate,0.9249417987379761,1.0541491700882388,-1,-1,0.9309582467214129,0.8938981038643324,"{'learning_rate': 0.5, 'n_estimators': 200, 'num_leaves': 50}"
2,CO2,BGLGBM_separate,0.937895161075183,0.8856098671414927,-1,-1,0.94374945786261,0.7032297116519646,{'n_estimators': 10}
3,CO2,XGBR_separate,0.898470965752224,1.46579565586799,-1,-1,0.9230533032256798,0.8529176362719987,"{'max_depth': 8, 'n_estimators': 200}"
