,Gas,Model_name,CV_r2,CV_mse,test_r2_total_model,test_mse_by_total_model,test_r2_separa_model,test_mse_separa_model,best_param
0,CO2,ETR_separate,0.9101937274579411,0.9507741577595018,-1,-1,0.953631170251439,0.8573580467032725,{'n_estimators': 180}
1,CO2,LGBM_separate,0.8874767446889598,1.2073144528252584,-1,-1,0.9485596676962891,0.855469551866709,"{'learning_rate': 0.5, 'n_estimators': 200, 'num_leaves': 50}"
2,CO2,BGLGBM_separate,0.9106655842274739,0.9481528651068795,-1,-1,0.9605491868527364,0.6910712974605495,{'n_estimators': 30}
3,CO2,XGBR_separate,0.8878280532112128,1.2384781948672205,-1,-1,0.9216611983869563,1.0900392073611114,"{'max_depth': 8, 'n_estimators': 200}"
