,Gas,Model_name,CV_r2,CV_mse,test_r2_total_model,test_mse_by_total_model,test_r2_separa_model,test_mse_separa_model,best_param
0,CO2,ETR_separate,0.8986134225124941,1.2760373372964904,-1,-1,0.9574629858885932,0.779658179225343,{'n_estimators': 100}
1,CO2,LGBM_separate,0.8775293493016685,1.540412515339327,-1,-1,0.924654871147048,1.3101918784930755,"{'learning_rate': 0.5, 'n_estimators': 200, 'num_leaves': 30}"
2,CO2,BGLGBM_separate,0.8981512744353658,1.274985007860513,-1,-1,0.947543615910873,0.9421467633638329,{'n_estimators': 50}
3,CO2,XGBR_separate,0.8784727124228375,1.6006442700483252,-1,-1,0.9115521693274227,1.355083609241646,"{'max_depth': 6, 'n_estimators': 200}"
