,Gas,Model_name,CV_r2,CV_mse,test_r2_total_model,test_mse_by_total_model,test_r2_separa_model,test_mse_separa_model,best_param
0,CO2,ETR_separate,0.9360372202262214,0.8377051325201273,-1,-1,0.9523511821440238,0.9303296136948399,{'n_estimators': 180}
1,CO2,LGBM_separate,0.9370262229780602,0.8319183510144385,-1,-1,0.9743336808300793,0.5293413809813727,"{'learning_rate': 0.5, 'n_estimators': 200, 'num_leaves': 50}"
2,CO2,BGLGBM_separate,0.946118856475602,0.7110345161257061,-1,-1,0.9727949651680331,0.5159419601006912,{'n_estimators': 50}
3,CO2,XGBR_separate,0.9212320278319879,1.0579618365760362,-1,-1,0.9643273903787961,0.582761984961399,"{'max_depth': 10, 'n_estimators': 200}"
