,Gas,Model_name,CV_r2,CV_mse,test_r2_total_model,test_mse_by_total_model,test_r2_separa_model,test_mse_separa_model,best_param
0,CO2,ETR_separate,0.933396289884221,0.8120120559318995,-1,-1,0.951155859608479,0.8925401519840643,{'n_estimators': 180}
1,CO2,LGBM_separate,0.9289020448349182,0.8821828330055462,-1,-1,0.9525846952449386,0.867676089382214,"{'learning_rate': 0.5, 'n_estimators': 200, 'num_leaves': 50}"
2,CO2,BGLGBM_separate,0.9347670993028876,0.8141949867397698,-1,-1,0.954281734006273,0.8136252765199455,{'n_estimators': 30}
3,CO2,XGBR_separate,0.9148716658736872,1.060574301999616,-1,-1,0.9453929054818709,0.8603053481205566,"{'max_depth': 10, 'n_estimators': 200}"
