,Gas,Model_name,CV_r2,CV_mse,test_r2_total_model,test_mse_by_total_model,test_r2_separa_model,test_mse_separa_model,best_param
0,CO2,ETR_separate,0.9327892704409635,0.8895008401293548,-1,-1,0.9536224091052365,0.9212104201653402,{'n_estimators': 180}
1,CO2,LGBM_separate,0.9349902463674397,0.8536424589707108,-1,-1,0.9593079771980946,0.8518383132127394,"{'learning_rate': 0.5, 'n_estimators': 200, 'num_leaves': 50}"
2,CO2,BGLGBM_separate,0.9421708389848045,0.7640752510239878,-1,-1,0.9677756984404026,0.6344483421077042,{'n_estimators': 50}
3,CO2,XGBR_separate,0.9347324996950043,0.8695520357240702,-1,-1,0.9661971236042296,0.6019849774560404,"{'max_depth': 10, 'n_estimators': 200}"
