,CV_r2,CV_mse,test_r2_separa_model,test_mse_separa_model
0,0.022465607291540606,0.2258840401116878,0.030519660640470524,0.5929705874256203
1,0.0209357931488276,0.2622089802552562,0.04122111960608208,0.888795264686193
2,0.019251053230718386,0.22068716233747454,0.031669231986244294,0.6818894635141389
3,0.02509061381549873,0.33868765193280737,0.050865354077391664,0.7211768900893936
