,CV_r2,CV_mse,test_r2_separa_model,test_mse_separa_model
0,0.9053262129385672,1.0709133061620995,0.915828542793584,1.2270053126262215
1,0.8905246902051316,1.2253167046734483,0.8768485024509264,1.8271747301357
2,0.9052086519228577,1.0660441661656543,0.8998450532455731,1.4522495460701044
3,0.8799442478095294,1.3845110216176708,0.8748931357228941,1.627738442224566
