,CV_r2,CV_mse,test_r2_separa_model,test_mse_separa_model
0,0.034134742967420806,0.2135879617275862,0.0225369635231734,0.42218541238764906
1,0.052258267244335244,0.47028265243263295,0.034497119354259594,0.8052851464004068
2,0.04180653812232697,0.4057870682326606,0.03185237809535581,0.7210615614477908
3,0.04523747645019019,0.4831455181235667,0.07886389534931437,1.1468533681545365
