,CV_r2,CV_mse,test_r2_separa_model,test_mse_separa_model
0,0.9379954539522324,0.8166753654668135,0.9421699147682883,0.845297922936035
1,0.9418576837199364,0.7667833546088667,0.9572856103808917,0.5941131827682675
2,0.9470868265250278,0.6986942153469892,0.9596725206936629,0.5757044406292842
3,0.9329620805038706,0.8881480998621601,0.9499396070585213,0.6521287504432352
