,CV_r2,CV_mse,test_r2_separa_model,test_mse_separa_model
0,0.7629466258041473,2.2106317677755873,0.8476752795512643,1.7292029133876454
1,0.6104861262796426,3.3153722403454795,0.7608333639376529,2.5319930189449864
2,0.6750450108727809,3.273408908535585,0.739407532407972,2.459343879130736
3,0.6719873813202648,3.168854027294394,0.7673203419010923,2.267187939678769
