,CV_r2,CV_mse,test_r2_separa_model,test_mse_separa_model
0,0.013014509754897749,0.23671487535800603,0.026909847696190384,0.4910649871780258
1,0.022691783145719586,0.35211891875782897,0.06035017343360296,0.8187148915260686
2,0.014550503824737238,0.3297412618804949,0.032725521332937005,0.6745604762054818
3,0.021470636685725335,0.4312846384284212,0.04754988351259065,0.9185956905344567
