,CV_r2,CV_mse,test_r2_separa_model,test_mse_separa_model
0,0.9241402230071392,1.0063110455055346,0.9354879030538804,0.9922591658568812
1,0.9125103826678927,1.1702643304438722,0.9261354496728386,1.1039331682309848
2,0.9260747112436729,0.9971102954262244,0.9375958072345865,0.9587300615915287
3,0.9099627906229795,1.216895338008373,0.9070035903610185,1.2317389486311636
