,CV_r2,CV_mse,test_r2_separa_model,test_mse_separa_model
0,0.9225187031555011,1.0446855832199606,0.9349179336747191,0.9356592729511555
1,0.9135903851754807,1.1662319127982541,0.9138573426613498,1.1936894793464652
2,0.92490462695196,1.0134792003337165,0.9331062792482306,0.9319563092065201
3,0.9032580356819793,1.3331523869388693,0.8984656287571321,1.209535638016397
