,CV_r2,CV_mse,test_r2_separa_model,test_mse_separa_model
0,0.0034135712315140013,0.044303607456049526,0.022956562653467613,0.20103433204486781
1,0.0027724130852625657,0.03442246806605234,0.016975785625999783,0.19978788732652739
2,0.0028377663509932738,0.03684741796487163,0.01565292486437155,0.1558639722992002
3,0.009378907281516972,0.11873284314860871,0.025634786732484417,0.1565628300799996
