,CV_r2,CV_mse,test_r2_separa_model,test_mse_separa_model
0,0.9099560596313679,1.1429113278862508,0.9352839465319767,1.012558526514798
1,0.8930803165720839,1.3686719137541317,0.9202831019616392,1.2803914354413608
2,0.9069983653342373,1.1961067271457648,0.9270862617593305,1.160460176092733
3,0.8794867627581636,1.5637005690938452,0.8932215724701145,1.4959842314665617
