,CV_r2,CV_mse,test_r2_separa_model,test_mse_separa_model
0,0.900871821142551,1.2038273047536872,0.9180804540807082,1.1795086201325735
1,0.8803188892797467,1.450930049476214,0.8966073689055574,1.4356653954738685
2,0.8961645684710607,1.275770137449993,0.9143409799743649,1.1919280372715142
3,0.8671659203735919,1.6467703590885687,0.8252486517593454,1.944260952066622
