,CV_r2,CV_mse,test_r2_separa_model,test_mse_separa_model
0,0.9345195614966461,0.8707312252694848,0.940672032816211,0.8612058895460246
1,0.9354579941194141,0.8590757371414164,0.9510971934450945,0.6822537043952366
2,0.9428841761606741,0.7609060180279023,0.9553365916339415,0.6292590076466529
3,0.9250849685501455,1.0083769074064748,0.9366463988431271,0.8051258771757442
