,CV_r2,CV_mse,test_r2_separa_model,test_mse_separa_model
0,0.021922338322884018,0.187296501438336,0.021673873425170725,0.24140772392344736
1,0.0291053066896437,0.26630411484235444,0.03855269815721278,0.3720045947649505
2,0.02299100859830686,0.21220743839020142,0.025685633139837936,0.2824871415508552
3,0.02424819984874808,0.2792995400178583,0.0840345609805951,0.9367382871821961
