,CV_r2,CV_mse,test_r2_separa_model,test_mse_separa_model
0,0.9339996310474161,0.8774934248449966,0.9389650420691881,0.8971762761406786
1,0.9315270822883827,0.9072077801101027,0.9414993652401493,0.8090006978166523
2,0.9414802766256896,0.7784946801417548,0.9499144184318034,0.7265863878084967
3,0.9218421901366007,1.0413335319961285,0.9320866077841927,0.847938919479661
