,CV_r2,CV_mse,test_r2_separa_model,test_mse_separa_model
0,0.0024045125859291907,0.03842370164778689,0.017557610157543313,0.21043688333798166
1,0.002553804469498821,0.05956463980385582,0.011063926327285523,0.2586914399723506
2,0.0018930171313531101,0.03945555202870525,0.011522591660592808,0.2424366951683525
3,0.0076854525030824496,0.13040649550088734,0.018086847615013425,0.1818575704032067
