,CV_r2,CV_mse,test_r2_separa_model,test_mse_separa_model
0,0.005478128729760527,0.03489311885723342,0.017381689136927954,0.21003600716162144
1,0.006409081386341309,0.04244657766692933,0.015724623016945403,0.1734300986622386
2,0.005405916481155042,0.03519208881259967,0.009407262462484998,0.12500466751280956
3,0.010297396572083497,0.145138729064002,0.031192455135937658,0.29925764810524513
