,CV_r2,CV_mse,test_r2_separa_model,test_mse_separa_model
0,0.9385530928661403,0.8104637667324038,0.9413206366563255,0.8574518994504512
1,0.942684321556815,0.7606072691263985,0.9526342256033962,0.666053383036611
2,0.9477984863610658,0.6910754709247571,0.9578642064942182,0.6004447415145993
3,0.9364576656795845,0.8488806952911577,0.937277744251374,0.7512802144591524
