,CV_r2,CV_mse,test_r2_separa_model,test_mse_separa_model
0,0.007078669347753749,0.11559716772436471,0.015019355142112834,0.34882559134125435
1,0.008890047717759563,0.15081404179653773,0.020833024595168417,0.49367317127286375
2,0.0071675541482413485,0.1282816397906075,0.01784560506604761,0.43630986402706007
3,0.008612907332448015,0.15909034438340752,0.05541078978882399,0.8428279519304471
