,CV_r2,CV_mse,test_r2_separa_model,test_mse_separa_model
0,0.881384359903406,1.2470218187507638,0.9063451355695097,1.3986814156297924
1,0.8448434255548587,1.5764033767242664,0.8813823124973224,1.871746880290426
2,0.8618764150646504,1.4438530628829302,0.8845919748175819,1.7507940352455393
3,0.8422043630121593,1.6894598067563613,0.8409242018536023,2.0013894278517244
