,CV_r2,CV_mse,test_r2_separa_model,test_mse_separa_model,kpg_pca_mse
0,0.004451899789151148,0.05418702512519789,0.03702532304837718,0.3115147825774024,0.0008824412609851226
1,0.0059441144086962465,0.0787007254724404,0.04216491649776354,0.4647692536749006,0.0008824412609851226
