,CV_r2,CV_mse,test_r2_separa_model,test_mse_separa_model,kpg_pca_mse
0,0.8846725724573807,1.3578348935252447,0.8582422066572142,1.352455517397385,0.03192387739764279
1,0.8523897170327217,1.7210045009438562,0.8536690208248373,1.5108377343685917,0.03192387739764279
