,CV_r2,CV_mse,test_r2_separa_model,test_mse_separa_model,kpg_pca_mse
0,0.9108708722673601,1.1416190698432351,0.894141686217091,1.0518132875741844,0.027072758427663907
1,0.8947693825234992,1.3431147561188483,0.8796375255711775,1.2250263847097018,0.027072758427663907
