,Gas,Model_name,CV_r2,CV_mse,test_r2_total_model,test_mse_by_total_model,test_r2_separa_model,test_mse_separa_model,best_param,kpg_pca_mse
0,CO2,ETR_separate,0.8704737147283013,0.9512916395920265,-1,-1,0.8656224198417103,1.6567140182780398,{'n_estimators': 200},0.03365833776954865
1,CO2,LGBM_separate,0.8279627490008433,1.2340568300148365,-1,-1,0.8371824330403537,2.236451425225005,"{'learning_rate': 0.5, 'n_estimators': 200, 'num_leaves': 30}",0.03365833776954865
