,Gas,Model_name,CV_r2,CV_mse,test_r2_total_model,test_mse_by_total_model,test_r2_separa_model,test_mse_separa_model,best_param,kpg_pca_mse
0,CO2,ETR_separate,0.8740697488412573,1.3471258258911456,-1,-1,0.7305777694624108,1.4266181942768468,{'n_estimators': 180},0.03318670764284128
1,CO2,LGBM_separate,0.870519975707364,1.3718926976560417,-1,-1,0.7895850003139334,1.3836409108122865,"{'learning_rate': 0.5, 'n_estimators': 200, 'num_leaves': 30}",0.03318670764284128
