,Gas,Model_name,CV_r2,CV_mse,test_r2_total_model,test_mse_by_total_model,test_r2_separa_model,test_mse_separa_model,best_param,kpg_pca_mse
0,CO2,ETR_separate,0.938229308433607,0.8162701755952195,-1,-1,0.9074784778003563,1.215539983087829,{'n_estimators': 200},0.019018820705425217
1,CO2,LGBM_separate,0.9424067674987147,0.7627479219552522,-1,-1,0.9161195765216704,1.249670175644557,"{'learning_rate': 0.5, 'n_estimators': 200, 'num_leaves': 50}",0.019018820705425217
