,Gas,Model_name,CV_r2,CV_mse,test_r2_total_model,test_mse_by_total_model,test_r2_separa_model,test_mse_separa_model,best_param,kpg_pca_mse
0,CO2,ETR_separate,0.9352238779176961,0.9528183570539589,-1,-1,0.9037654258294598,0.8255321808435754,{'n_estimators': 200},0.02240326459893481
1,CO2,LGBM_separate,0.919767565502865,1.173810053385927,-1,-1,0.9101388745899491,0.8220875528682076,"{'learning_rate': 0.5, 'n_estimators': 200, 'num_leaves': 50}",0.02240326459893481
