,Gas,Model_name,CV_r2,CV_mse,test_r2_total_model,test_mse_by_total_model,test_r2_separa_model,test_mse_separa_model,best_param,kpg_pca_mse
0,CO2,ETR_separate,0.9211975762447512,1.2031981041499917,-1,-1,0.8901250150415184,1.3066969141635232,{'n_estimators': 150},0.02845776977895384
1,CO2,LGBM_separate,0.9104062591609099,1.3904632902595542,-1,-1,0.8627071155937032,1.9427829704260042,"{'learning_rate': 0.5, 'n_estimators': 200, 'num_leaves': 30}",0.02845776977895384
