,Gas,Model_name,CV_r2,CV_mse,test_r2_total_model,test_mse_by_total_model,test_r2_separa_model,test_mse_separa_model,best_param,kpg_pca_mse
0,CO2,ETR_separate,0.9177684587752726,0.9578562099180583,-1,-1,0.9116857453618559,0.9185929744732598,{'n_estimators': 180},0.028501854416348494
1,CO2,LGBM_separate,0.911837088641531,1.025561255250388,-1,-1,0.897301659350951,1.026737164934167,"{'learning_rate': 0.5, 'n_estimators': 200, 'num_leaves': 20}",0.028501854416348494
