,Gas,Model_name,CV_r2,CV_mse,test_r2_total_model,test_mse_by_total_model,test_r2_separa_model,test_mse_separa_model,best_param,kpg_pca_mse
0,CO2,ETR_separate,0.9378800159630594,0.8504430982540334,-1,-1,0.941099352771636,0.7596887490425293,{'n_estimators': 200},0.019496174644651944
1,CO2,LGBM_separate,0.9453942685252565,0.7441632056228709,-1,-1,0.9391965747657,0.819276887933467,"{'learning_rate': 0.5, 'n_estimators': 200, 'num_leaves': 50}",0.019496174644651944
