,Gas,Model_name,CV_r2,CV_mse,test_r2_total_model,test_mse_by_total_model,test_r2_separa_model,test_mse_separa_model,best_param,kpg_pca_mse
0,CO2,ETR_separate,0.8949316915334637,1.460474992902447,-1,-1,0.922473511484658,0.8641774939141459,{'n_estimators': 180},0.03301177246882135
1,CO2,LGBM_separate,0.8653720632562664,1.8490229876376076,-1,-1,0.9112708780372337,1.0730159269882011,"{'learning_rate': 0.5, 'n_estimators': 200, 'num_leaves': 30}",0.03301177246882135
