,Gas,Model_name,CV_r2,CV_mse,test_r2_total_model,test_mse_by_total_model,test_r2_separa_model,test_mse_separa_model,best_param,kpg_pca_mse
0,CO2,ETR_separate,0.9283752433811279,0.9674204905149336,-1,-1,0.9514885223610406,0.733776242792247,{'n_estimators': 200},0.027619466102547924
1,CO2,LGBM_separate,0.9078620942952996,1.2463262178901435,-1,-1,0.9297512409049132,1.1855429029226145,"{'learning_rate': 0.5, 'n_estimators': 200, 'num_leaves': 30}",0.027619466102547924
