,Gas,Model_name,CV_r2,CV_mse,test_r2_total_model,test_mse_by_total_model,test_r2_separa_model,test_mse_separa_model,best_param,kpg_pca_mse
0,CO2,ETR_separate,0.8898660460756505,1.527209568671769,-1,-1,0.9038066654916977,0.5666971111770889,{'n_estimators': 120},0.034145375645939904
1,CO2,LGBM_separate,0.8733483950670333,1.6987867035107471,-1,-1,0.8765831785314981,0.6497943698573179,"{'learning_rate': 0.5, 'n_estimators': 200, 'num_leaves': 20}",0.034145375645939904
