,Gas,Model_name,CV_r2,CV_mse,test_r2_total_model,test_mse_by_total_model,test_r2_separa_model,test_mse_separa_model,best_param,kpg_pca_mse
0,CO2,ETR_separate,0.9303581538266025,1.0393497836103214,-1,-1,0.9611415175791627,0.5038027555018545,{'n_estimators': 180},0.02337893945351145
1,CO2,LGBM_separate,0.9176364584615362,1.233673633084827,-1,-1,0.9318983028335206,0.7998617920064357,"{'learning_rate': 0.5, 'n_estimators': 200, 'num_leaves': 50}",0.02337893945351145
