,Gas,Model_name,CV_r2,CV_mse,test_r2_total_model,test_mse_by_total_model,test_r2_separa_model,test_mse_separa_model,best_param,kpg_pca_mse
0,CO2,ETR_separate,0.918857677100345,0.9419936041163742,-1,-1,0.9233615351554765,0.8433728295129728,{'n_estimators': 200},0.02618902854578342
1,CO2,LGBM_separate,0.9067384523414035,1.0926110427689342,-1,-1,0.9114044839214726,0.9013497035982233,"{'learning_rate': 0.5, 'n_estimators': 200, 'num_leaves': 50}",0.02618902854578342
