,Gas,Model_name,CV_r2,CV_mse,test_r2_total_model,test_mse_by_total_model,test_r2_separa_model,test_mse_separa_model,best_param,kpg_pca_mse
0,CO2,ETR_separate,0.9093794734272059,1.2464693631283847,-1,-1,0.8709994902661111,0.6598525839851922,{'n_estimators': 200},0.02780151537662866
1,CO2,LGBM_separate,0.8865068111149949,1.5691765765107832,-1,-1,0.8667027558288005,0.7316620885622738,"{'learning_rate': 0.5, 'n_estimators': 200, 'num_leaves': 30}",0.02780151537662866
