,Gas,Model_name,CV_r2,CV_mse,test_r2_total_model,test_mse_by_total_model,test_r2_separa_model,test_mse_separa_model,best_param,kpg_pca_mse
0,CO2,ETR_separate,0.9372583671052581,0.838410580738935,-1,-1,0.8849607755206471,0.5550514389806979,{'n_estimators': 180},0.018609033189409367
1,CO2,LGBM_separate,0.9376095680702836,0.8399469400794268,-1,-1,0.9002788870570044,0.5143130757090629,"{'learning_rate': 0.5, 'n_estimators': 200, 'num_leaves': 50}",0.018609033189409367
