,Gas,Model_name,CV_r2,CV_mse,test_r2_total_model,test_mse_by_total_model,test_r2_separa_model,test_mse_separa_model,best_param,kpg_pca_mse
0,CO2,ETR_separate,0.9313766002270605,0.9280772116820885,-1,-1,0.8824503659268955,2.2000572287898423,{'n_estimators': 180},0.024067438827003386
1,CO2,LGBM_separate,0.9242440997991086,0.9935706256986542,-1,-1,0.8577410324530824,2.5370470165212584,"{'learning_rate': 0.5, 'n_estimators': 200, 'num_leaves': 50}",0.024067438827003386
