,Gas,Model_name,CV_r2,CV_mse,test_r2_total_model,test_mse_by_total_model,test_r2_separa_model,test_mse_separa_model,best_param,kpg_pca_mse
0,CO2,ETR_separate,0.9401688193752454,0.8319860077234406,-1,-1,0.8732810823949895,0.7892488092775781,{'n_estimators': 180},0.01905185501031941
1,CO2,LGBM_separate,0.9420853373276763,0.8064499967845056,-1,-1,0.8937372042707847,0.5962665855229479,"{'learning_rate': 0.5, 'n_estimators': 200, 'num_leaves': 50}",0.01905185501031941
