,Gas,Model_name,CV_r2,CV_mse,test_r2_total_model,test_mse_by_total_model,test_r2_separa_model,test_mse_separa_model,best_param,kpg_pca_mse
0,CO2,ETR_separate,0.9356247015103548,0.8874240536021654,-1,-1,0.8729051222391483,1.268790432104574,{'n_estimators': 200},0.022883843010538904
1,CO2,LGBM_separate,0.932778805926332,0.9401129705459272,-1,-1,0.9110910109798073,1.0022755322890602,"{'learning_rate': 0.5, 'n_estimators': 200, 'num_leaves': 50}",0.022883843010538904
