,Gas,Model_name,CV_r2,CV_mse,test_r2_total_model,test_mse_by_total_model,test_r2_separa_model,test_mse_separa_model,best_param,kpg_pca_mse
0,CO2,ETR_separate,0.9306107732871656,0.9015402296888594,-1,-1,0.8811439395661677,0.5667146237083582,{'n_estimators': 200},0.020275854355071392
1,CO2,LGBM_separate,0.9378574557736536,0.8139326541607043,-1,-1,0.8762617107580822,0.6019159676436728,"{'learning_rate': 0.5, 'n_estimators': 200, 'num_leaves': 50}",0.020275854355071392
