,Gas,Model_name,CV_r2,CV_mse,test_r2_total_model,test_mse_by_total_model,test_r2_separa_model,test_mse_separa_model,best_param,kpg_pca_mse
0,CO2,ETR_separate,0.9359475166833496,0.9420868771573216,-1,-1,0.9484477522129183,0.5174537881954502,{'n_estimators': 200},0.023771015201315273
1,CO2,LGBM_separate,0.92814668452597,1.0567961062166202,-1,-1,0.9507712620342459,0.49440821751533975,"{'learning_rate': 0.5, 'n_estimators': 200, 'num_leaves': 50}",0.023771015201315273
