,Gas,Model_name,CV_r2,CV_mse,test_r2_total_model,test_mse_by_total_model,test_r2_separa_model,test_mse_separa_model,best_param,kpg_pca_mse
0,CO2,ETR_separate,0.9281050280839201,0.9890555773275393,-1,-1,0.9583826427544856,0.7940080651328905,{'n_estimators': 200},0.02124704524199081
1,CO2,LGBM_separate,0.9203864768488789,1.0923463190806544,-1,-1,0.9597912609383885,0.8040471411046567,"{'learning_rate': 0.5, 'n_estimators': 200, 'num_leaves': 50}",0.02124704524199081
