,Gas,Model_name,CV_r2,CV_mse,test_r2_total_model,test_mse_by_total_model,test_r2_separa_model,test_mse_separa_model,best_param,kpg_pca_mse
0,CO2,ETR_separate,0.8555222188342511,1.9417473112278127,-1,-1,0.8435250741354724,1.2339786122242369,{'n_estimators': 120},0.031244625623660077
1,CO2,LGBM_separate,0.8352808782692014,2.401307780811554,-1,-1,0.8180953282492818,1.6119789289294149,"{'learning_rate': 0.5, 'n_estimators': 200, 'num_leaves': 20}",0.031244625623660077
