,Gas,Model_name,CV_r2,CV_mse,test_r2_total_model,test_mse_by_total_model,test_r2_separa_model,test_mse_separa_model,best_param,kpg_pca_mse
0,CO2,ETR_separate,0.9364035230281571,0.8612604889836252,-1,-1,0.9440275862199562,1.0035446923056728,{'n_estimators': 200},0.020680690430634013
1,CO2,LGBM_separate,0.9386369994473436,0.8288837243440808,-1,-1,0.9237105508808932,1.2681090551321608,"{'learning_rate': 0.5, 'n_estimators': 200, 'num_leaves': 50}",0.020680690430634013
