,Gas,Model_name,CV_r2,CV_mse,test_r2_total_model,test_mse_by_total_model,test_r2_separa_model,test_mse_separa_model,best_param,kpg_pca_mse
0,CO2,ETR_separate,0.9227299108075888,1.0885528093649612,-1,-1,0.9329880192146724,0.9021851366864229,{'n_estimators': 200},0.026629242509120393
1,CO2,LGBM_separate,0.907482496046903,1.3368387439199512,-1,-1,0.9180532094493079,1.1559470143363875,"{'learning_rate': 0.5, 'n_estimators': 200, 'num_leaves': 30}",0.026629242509120393
