,Gas,Model_name,CV_r2,CV_mse,test_r2_total_model,test_mse_by_total_model,test_r2_separa_model,test_mse_separa_model,best_param,kpg_pca_mse
0,CO2,ETR_separate,0.9188780271470776,1.5226629298462262,-1,-1,0.9491444928914312,0.6965322230943521,{'n_estimators': 180},0.025576701091019227
1,CO2,LGBM_separate,0.8875315675909492,2.1406795521788364,-1,-1,0.9399991575291574,0.7879306315808144,"{'learning_rate': 0.5, 'n_estimators': 200, 'num_leaves': 50}",0.025576701091019227
