,Gas,Model_name,CV_r2,CV_mse,test_r2_total_model,test_mse_by_total_model,test_r2_separa_model,test_mse_separa_model,best_param,kpg_pca_mse
0,CO2,ETR_separate,0.9319024734619974,0.9082765424987201,-1,-1,0.8968471324531926,1.1824660550917758,{'n_estimators': 200},0.024891272713793884
1,CO2,LGBM_separate,0.9212870248307146,1.0380060954236954,-1,-1,0.8971107046200008,1.2332541298607835,"{'learning_rate': 0.5, 'n_estimators': 200, 'num_leaves': 50}",0.024891272713793884
