,Gas,Model_name,CV_r2,CV_mse,test_r2_total_model,test_mse_by_total_model,test_r2_separa_model,test_mse_separa_model,best_param,kpg_pca_mse
0,CO2,ETR_separate,0.9195033903605955,1.0151306029190237,-1,-1,0.894171266724146,1.115888633600435,{'n_estimators': 200},0.02599201250219248
1,CO2,LGBM_separate,0.9149779301054313,1.0732579352388814,-1,-1,0.882000120313084,1.165866789698353,"{'learning_rate': 0.5, 'n_estimators': 200, 'num_leaves': 50}",0.02599201250219248
