,Gas,Model_name,CV_r2,CV_mse,test_r2_total_model,test_mse_by_total_model,test_r2_separa_model,test_mse_separa_model,best_param,kpg_pca_mse
0,CO2,ETR_separate,0.9324682825609791,0.8583692536027516,-1,-1,0.9687030565134183,0.5947443820449025,{'n_estimators': 180},0.018341560977806842
1,CO2,LGBM_separate,0.9378236084271373,0.7888119587568002,-1,-1,0.9726155912478103,0.5956974473449941,"{'learning_rate': 0.5, 'n_estimators': 200, 'num_leaves': 50}",0.018341560977806842
