,Gas,Model_name,CV_r2,CV_mse,test_r2_total_model,test_mse_by_total_model,test_r2_separa_model,test_mse_separa_model,best_param,kpg_pca_mse
0,CO2,ETR_separate,0.9313713911875645,0.8980491501827104,-1,-1,0.9306019042587111,0.5564349406367505,{'n_estimators': 150},0.0208072009386381
1,CO2,LGBM_separate,0.9366331007703451,0.8305004887123382,-1,-1,0.8994733171112599,0.9773864219897676,"{'learning_rate': 0.5, 'n_estimators': 200, 'num_leaves': 50}",0.0208072009386381
