,Gas,Model_name,CV_r2,CV_mse,test_r2_total_model,test_mse_by_total_model,test_r2_separa_model,test_mse_separa_model,best_param,kpg_pca_mse
0,CO2,ETR_separate,0.8793411837477528,1.2566363879088283,-1,-1,0.834135781963903,3.1516963488815537,{'n_estimators': 180},0.03453131556874879
1,CO2,LGBM_separate,0.8632835750206234,1.4371017412084375,-1,-1,0.8535464622448807,3.215031636804163,"{'learning_rate': 0.5, 'n_estimators': 200, 'num_leaves': 30}",0.03453131556874879
