,Gas,Model_name,CV_r2,CV_mse,test_r2_total_model,test_mse_by_total_model,test_r2_separa_model,test_mse_separa_model,best_param,kpg_pca_mse
0,CO2,ETR_separate,0.9352036490242132,0.860816366179139,-1,-1,0.9656995252401311,0.9315132954943514,{'n_estimators': 180},0.020335867151218812
1,CO2,LGBM_separate,0.9357506029195715,0.8640451552079282,-1,-1,0.9576591836428409,1.063334801209383,"{'learning_rate': 0.5, 'n_estimators': 200, 'num_leaves': 50}",0.020335867151218812
