,Gas,Model_name,CV_r2,CV_mse,test_r2_total_model,test_mse_by_total_model,test_r2_separa_model,test_mse_separa_model,best_param,kpg_pca_mse
0,CO2,ETR_separate,0.9284999760226516,0.8974229489927634,-1,-1,0.8848560375073419,0.6657638906053641,{'n_estimators': 200},0.022387554188703095
1,CO2,LGBM_separate,0.9210636242806419,0.989304598576353,-1,-1,0.9165492132589942,0.46262564557926567,"{'learning_rate': 0.5, 'n_estimators': 200, 'num_leaves': 50}",0.022387554188703095
