,Gas,Model_name,CV_r2,CV_mse,test_r2_total_model,test_mse_by_total_model,test_r2_separa_model,test_mse_separa_model,best_param,kpg_pca_mse
0,CO2,ETR_separate,0.9387393253586588,0.8304182081027507,-1,-1,0.897892739696328,0.3684988620930505,{'n_estimators': 200},0.018731434316327237
1,CO2,LGBM_separate,0.941729389829821,0.7889860201938624,-1,-1,0.8926744228397204,0.4365691386030512,"{'learning_rate': 0.5, 'n_estimators': 200, 'num_leaves': 50}",0.018731434316327237
