,Gas,Model_name,CV_r2,CV_mse,test_r2_total_model,test_mse_by_total_model,test_r2_separa_model,test_mse_separa_model,best_param,kpg_pca_mse
0,CO2,ETR_separate,0.9170119600001948,1.0153538834993798,-1,-1,0.8779782723637186,0.7123876002718499,{'n_estimators': 200},0.02521412967786384
1,CO2,LGBM_separate,0.9033415534008284,1.2136211183054715,-1,-1,0.8963491453430859,0.7118979595466208,"{'learning_rate': 0.5, 'n_estimators': 200, 'num_leaves': 50}",0.02521412967786384
