,Gas,Model_name,CV_r2,CV_mse,test_r2_total_model,test_mse_by_total_model,test_r2_separa_model,test_mse_separa_model,best_param,kpg_pca_mse
0,CO2,ETR_separate,0.9383081243385574,0.8617780892491858,-1,-1,0.883408249291608,0.4044639970889047,{'n_estimators': 200},0.01997210029822102
1,CO2,LGBM_separate,0.9446874005064331,0.7759539676015434,-1,-1,0.8743932016627369,0.48492787208225846,"{'learning_rate': 0.5, 'n_estimators': 200, 'num_leaves': 50}",0.01997210029822102
