,Gas,Model_name,CV_r2,CV_mse,test_r2_total_model,test_mse_by_total_model,test_r2_separa_model,test_mse_separa_model,best_param,kpg_pca_mse
0,CO2,ETR_separate,0.9227759656445548,1.0202875345066162,-1,-1,0.9221946498187101,0.5915913083870378,{'n_estimators': 120},0.024316785441728533
1,CO2,LGBM_separate,0.9207618569338625,1.04607005127671,-1,-1,0.8959251564630689,0.74575507347244,"{'learning_rate': 0.5, 'n_estimators': 200, 'num_leaves': 50}",0.024316785441728533
