,Gas,Model_name,CV_r2,CV_mse,test_r2_total_model,test_mse_by_total_model,test_r2_separa_model,test_mse_separa_model,best_param,kpg_pca_mse
0,CO2,ETR_separate,0.936758195357551,0.8193292412128302,-1,-1,0.9563430479826225,0.4769538612029897,{'n_estimators': 180},0.019414395418631138
1,CO2,LGBM_separate,0.9422939445718927,0.7474028313635236,-1,-1,0.9688030240694784,0.3298502578509504,"{'learning_rate': 0.5, 'n_estimators': 200, 'num_leaves': 50}",0.019414395418631138
