,Gas,Model_name,CV_r2,CV_mse,test_r2_total_model,test_mse_by_total_model,test_r2_separa_model,test_mse_separa_model,best_param,kpg_pca_mse
0,CO2,ETR_separate,0.9067596634384175,1.046009126782534,-1,-1,0.9126253884303832,0.8703827837619604,{'n_estimators': 200},0.03241531356379128
1,CO2,LGBM_separate,0.9096820061407982,1.1837784640819489,-1,-1,0.9044610634948016,1.0367756376431014,"{'learning_rate': 0.5, 'n_estimators': 200, 'num_leaves': 10}",0.03241531356379128
