,Gas,Model_name,CV_r2,CV_mse,test_r2_total_model,test_mse_by_total_model,test_r2_separa_model,test_mse_separa_model,best_param,kpg_pca_mse
0,CO2,ETR_separate,0.9361222348708595,0.9027177392449547,-1,-1,0.9296829980044276,0.7462108362978656,{'n_estimators': 180},0.02234866938848983
1,CO2,LGBM_separate,0.9302905367191198,0.9760654760860117,-1,-1,0.9356798631643631,0.6724359434159405,"{'learning_rate': 0.5, 'n_estimators': 200, 'num_leaves': 50}",0.02234866938848983
