,Gas,Model_name,CV_r2,CV_mse,test_r2_total_model,test_mse_by_total_model,test_r2_separa_model,test_mse_separa_model,best_param,kpg_pca_mse
0,CO2,ETR_separate,0.8569662204669124,1.6293927032075963,-1,-1,0.8816831421489064,0.7013544105247638,{'n_estimators': 200},0.040371868272048264
1,CO2,LGBM_separate,0.8229608981815921,1.6803866669937233,-1,-1,0.8545107422609747,0.841667826625656,"{'learning_rate': 0.5, 'n_estimators': 200, 'num_leaves': 10}",0.040371868272048264
