,Gas,Model_name,CV_r2,CV_mse,test_r2_total_model,test_mse_by_total_model,test_r2_separa_model,test_mse_separa_model,best_param,kpg_pca_mse
0,CO2,ETR_separate,0.9280921038486621,0.9506967187587613,-1,-1,0.8974194821812329,0.7350132926132991,{'n_estimators': 180},0.0214274048744291
1,CO2,LGBM_separate,0.9216679994582011,1.05510057203838,-1,-1,0.929992833014489,0.46619953841572437,"{'learning_rate': 0.5, 'n_estimators': 200, 'num_leaves': 50}",0.0214274048744291
