,Gas,Model_name,CV_r2,CV_mse,test_r2_total_model,test_mse_by_total_model,test_r2_separa_model,test_mse_separa_model,best_param,kpg_pca_mse
0,CO2,ETR_separate,0.8939422797948712,1.1543831427726432,-1,-1,0.8643616057455379,1.8563193428998273,{'n_estimators': 200},0.031162837431694262
1,CO2,LGBM_separate,0.8833638913984186,1.3627653526699992,-1,-1,0.8228159088983433,2.3199660865136718,"{'learning_rate': 0.5, 'n_estimators': 200, 'num_leaves': 20}",0.031162837431694262
