,Gas,Model_name,CV_r2,CV_mse,test_r2_total_model,test_mse_by_total_model,test_r2_separa_model,test_mse_separa_model,best_param,kpg_pca_mse
0,CO2,ETR_separate,0.9262408561052299,0.9926309757615975,-1,-1,0.9319792078402361,0.8307903824383013,{'n_estimators': 180},0.026033337126383442
1,CO2,LGBM_separate,0.9299759063433038,0.9516486344994364,-1,-1,0.9325317146017856,0.945619710869425,"{'learning_rate': 0.5, 'n_estimators': 200, 'num_leaves': 30}",0.026033337126383442
