,Gas,Model_name,CV_r2,CV_mse,test_r2_total_model,test_mse_by_total_model,test_r2_separa_model,test_mse_separa_model,best_param,kpg_pca_mse
0,CO2,ETR_separate,0.9352019698841131,0.8589059363361716,-1,-1,0.9551012820372933,0.593781633329072,{'n_estimators': 180},0.019240443567860015
1,CO2,LGBM_separate,0.9369144187278972,0.8316101740749474,-1,-1,0.9677442388670705,0.5023988679607133,"{'learning_rate': 0.5, 'n_estimators': 200, 'num_leaves': 50}",0.019240443567860015
