,Gas,Model_name,CV_r2,CV_mse,test_r2_total_model,test_mse_by_total_model,test_r2_separa_model,test_mse_separa_model,best_param,kpg_pca_mse
0,CO2,ETR_separate,0.9363350726751871,0.8632885124341845,-1,-1,0.9539246472211013,0.6212792609412571,{'n_estimators': 180},0.02126679010585713
1,CO2,LGBM_separate,0.936801417019586,0.8598807319580638,-1,-1,0.9659218432523277,0.503958104992117,"{'learning_rate': 0.5, 'n_estimators': 200, 'num_leaves': 50}",0.02126679010585713
