,Gas,Model_name,CV_r2,CV_mse,test_r2_total_model,test_mse_by_total_model,test_r2_separa_model,test_mse_separa_model,best_param,kpg_pca_mse
0,CO2,ETR_separate,0.9305239606385769,0.9861040745296222,-1,-1,0.9329654903910533,0.8189315180127738,{'n_estimators': 200},0.022782857153286755
1,CO2,LGBM_separate,0.9254859988368118,1.0716821705512873,-1,-1,0.9484767436160388,0.6963536315562138,"{'learning_rate': 0.5, 'n_estimators': 200, 'num_leaves': 50}",0.022782857153286755
