,Gas,Model_name,CV_r2,CV_mse,test_r2_total_model,test_mse_by_total_model,test_r2_separa_model,test_mse_separa_model,best_param,kpg_pca_mse
0,CO2,ETR_separate,0.9247735249163448,0.926858835036407,-1,-1,0.9363901021753699,0.7932133414970357,{'n_estimators': 180},0.027298325894356445
1,CO2,LGBM_separate,0.9106829882830734,1.1083243028171679,-1,-1,0.939739477532879,0.733050116713391,"{'learning_rate': 0.5, 'n_estimators': 200, 'num_leaves': 50}",0.027298325894356445
