,Gas,Model_name,CV_r2,CV_mse,test_r2_total_model,test_mse_by_total_model,test_r2_separa_model,test_mse_separa_model,best_param,kpg_pca_mse
0,CO2,ETR_separate,0.9120713282057895,1.0324170849775054,-1,-1,0.8984075963312799,1.1497873679190187,{'n_estimators': 180},0.027454740096160245
1,CO2,LGBM_separate,0.9038986212885215,1.1030899265962482,-1,-1,0.9435292892270066,0.7036511960364125,"{'learning_rate': 0.5, 'n_estimators': 200, 'num_leaves': 30}",0.027454740096160245
