,Gas,Model_name,CV_r2,CV_mse,test_r2_total_model,test_mse_by_total_model,test_r2_separa_model,test_mse_separa_model,best_param,kpg_pca_mse
0,CO2,ETR_separate,0.9356113538813016,0.8451690973488477,-1,-1,0.9437729393592653,0.9705629640755818,{'n_estimators': 180},0.022306197909840834
1,CO2,LGBM_separate,0.9213555257612726,1.0493523031220238,-1,-1,0.955456302770323,0.785634068139289,"{'learning_rate': 0.5, 'n_estimators': 200, 'num_leaves': 50}",0.022306197909840834
