,Gas,Model_name,CV_r2,CV_mse,test_r2_total_model,test_mse_by_total_model,test_r2_separa_model,test_mse_separa_model,best_param,kpg_pca_mse
0,CO2,ETR_separate,0.9232092716834372,0.9571767932114807,-1,-1,0.801277225046925,1.1867002186370448,{'n_estimators': 200},0.027448454791738873
1,CO2,LGBM_separate,0.8764417282274739,1.4417201592954665,-1,-1,0.8323696656439787,1.0779037720323237,"{'learning_rate': 0.5, 'n_estimators': 200, 'num_leaves': 20}",0.027448454791738873
