,Gas,Model_name,CV_r2,CV_mse,test_r2_total_model,test_mse_by_total_model,test_r2_separa_model,test_mse_separa_model,best_param,kpg_pca_mse
0,CO2,ETR_separate,0.9113773920460092,1.1693708003143146,-1,-1,0.896341258833195,1.1176776701527846,{'n_estimators': 200},0.028786837689381273
1,CO2,LGBM_separate,0.8929990752155916,1.41619703132505,-1,-1,0.8773790565339721,1.366134877594748,"{'learning_rate': 0.5, 'n_estimators': 200, 'num_leaves': 50}",0.028786837689381273
