,Gas,Model_name,CV_r2,CV_mse,test_r2_total_model,test_mse_by_total_model,test_r2_separa_model,test_mse_separa_model,best_param,kpg_pca_mse
0,CO2,ETR_separate,0.9358819348672187,0.8260288436076557,-1,-1,0.9266441466235286,0.5814056553431886,{'n_estimators': 180},0.020039862950494057
1,CO2,LGBM_separate,0.9380110237161035,0.8070062595305589,-1,-1,0.9483907139838244,0.43364280201541333,"{'learning_rate': 0.5, 'n_estimators': 200, 'num_leaves': 50}",0.020039862950494057
