,Gas,Model_name,CV_r2,CV_mse,test_r2_total_model,test_mse_by_total_model,test_r2_separa_model,test_mse_separa_model,best_param,kpg_pca_mse
0,CO2,ETR_separate,0.9207922825177148,1.107768383734999,-1,-1,0.8436432169307342,1.0006346623350377,{'n_estimators': 200},0.026594756643172714
1,CO2,LGBM_separate,0.8929633129819781,1.5264637758662754,-1,-1,0.8749691655509345,0.8128820271268281,"{'learning_rate': 0.5, 'n_estimators': 200, 'num_leaves': 30}",0.026594756643172714
