,Gas,Model_name,CV_r2,CV_mse,test_r2_total_model,test_mse_by_total_model,test_r2_separa_model,test_mse_separa_model,best_param,kpg_pca_mse
0,CO2,ETR_separate,0.8723433459146761,1.9061964632637376,-1,-1,0.8224748303821866,0.8841932582625582,{'n_estimators': 200},0.02850857042324158
1,CO2,LGBM_separate,0.8342749005843446,2.366077491260289,-1,-1,0.8479582710625432,0.7802936183551832,"{'learning_rate': 0.5, 'n_estimators': 200, 'num_leaves': 20}",0.02850857042324158
