,Gas,Model_name,CV_r2,CV_mse,test_r2_total_model,test_mse_by_total_model,test_r2_separa_model,test_mse_separa_model,best_param,kpg_pca_mse
0,CO2,ETR_separate,0.9202886501103172,1.0451760148142166,-1,-1,0.9505255775347526,0.9198484382474013,{'n_estimators': 180},0.02253196696973696
1,CO2,LGBM_separate,0.9061785530793169,1.232863655572059,-1,-1,0.9464648011353157,1.1012885033130495,"{'learning_rate': 0.5, 'n_estimators': 200, 'num_leaves': 50}",0.02253196696973696
