,Gas,Model_name,CV_r2,CV_mse,test_r2_total_model,test_mse_by_total_model,test_r2_separa_model,test_mse_separa_model,best_param,kpg_pca_mse
0,CO2,ETR_separate,0.9136794136602105,1.1780933532058129,-1,-1,0.9405452457202154,1.1404410649702528,{'n_estimators': 120},0.02564755818910065
1,CO2,LGBM_separate,0.9060657984974652,1.2946571662531823,-1,-1,0.9340302696369338,1.174713604824495,"{'learning_rate': 0.5, 'n_estimators': 200, 'num_leaves': 50}",0.02564755818910065
