,Gas,Model_name,CV_r2,CV_mse,test_r2_total_model,test_mse_by_total_model,test_r2_separa_model,test_mse_separa_model,best_param,kpg_pca_mse
0,CO2,ETR_separate,0.9334964759724432,0.8777160237115789,-1,-1,0.9206655871415802,0.9133614298215401,{'n_estimators': 200},0.03538567485674383
1,CO2,LGBM_separate,0.9066849567413673,1.2371488131936064,-1,-1,0.8825835698363063,1.3660548244007062,"{'learning_rate': 0.5, 'n_estimators': 200, 'num_leaves': 30}",0.03538567485674383
