,Gas,Model_name,CV_r2,CV_mse,test_r2_total_model,test_mse_by_total_model,test_r2_separa_model,test_mse_separa_model,best_param,kpg_pca_mse
0,CO2,ETR_separate,0.9318166416608223,0.811773555518999,-1,-1,0.9687167583361354,0.7986565148574841,{'n_estimators': 180},0.021242673345166406
1,CO2,LGBM_separate,0.9330339559554364,0.8012912842167541,-1,-1,0.9384781026581093,1.5195010841869934,"{'learning_rate': 0.5, 'n_estimators': 200, 'num_leaves': 50}",0.021242673345166406
