,Gas,Model_name,CV_r2,CV_mse,test_r2_total_model,test_mse_by_total_model,test_r2_separa_model,test_mse_separa_model,best_param,kpg_pca_mse
0,CO2,ETR_separate,0.9359517031456817,0.8595284115313131,-1,-1,0.8714331925475685,0.8050706240820492,{'n_estimators': 180},0.019273457778117155
1,CO2,LGBM_separate,0.9380039070722626,0.833173710354564,-1,-1,0.9014066697144429,0.5427063064847689,"{'learning_rate': 0.5, 'n_estimators': 200, 'num_leaves': 50}",0.019273457778117155
