,Gas,Model_name,CV_r2,CV_mse,test_r2_total_model,test_mse_by_total_model,test_r2_separa_model,test_mse_separa_model,best_param,kpg_pca_mse
0,CO2,ETR_separate,0.8360123338269976,1.105985343605361,-1,-1,0.909982958808628,0.9297902153226759,{'n_estimators': 180},0.03449103945998434
1,CO2,LGBM_separate,0.7800667809456783,1.4801035315479731,-1,-1,0.9177355400952845,0.9434682810962625,"{'learning_rate': 0.5, 'n_estimators': 200, 'num_leaves': 10}",0.03449103945998434
