,Gas,Model_name,CV_r2,CV_mse,test_r2_total_model,test_mse_by_total_model,test_r2_separa_model,test_mse_separa_model,best_param,kpg_pca_mse
0,CO2,ETR_separate,0.9111649732170802,1.3772181918262452,-1,-1,0.9118686767658306,0.8082638701305794,{'n_estimators': 180},0.025402942497600965
1,CO2,LGBM_separate,0.8981981884878453,1.6038064874228302,-1,-1,0.8983143929263316,1.0215773701029205,"{'learning_rate': 0.5, 'n_estimators': 200, 'num_leaves': 30}",0.025402942497600965
