,Gas,Model_name,CV_r2,CV_mse,test_r2_total_model,test_mse_by_total_model,test_r2_separa_model,test_mse_separa_model,best_param,kpg_pca_mse
0,CO2,ETR_separate,0.9219812275959791,0.9096580304793294,-1,-1,0.930945007127006,1.5735097602979449,{'n_estimators': 180},0.02467965061024764
1,CO2,LGBM_separate,0.913310691050963,1.0021748140736435,-1,-1,0.8814505587345782,2.4635916024061997,"{'learning_rate': 0.5, 'n_estimators': 200, 'num_leaves': 50}",0.02467965061024764
