,Gas,Model_name,CV_r2,CV_mse,test_r2_total_model,test_mse_by_total_model,test_r2_separa_model,test_mse_separa_model,best_param,kpg_pca_mse
0,CO2,ETR_separate,0.8880731796590343,1.4377573708186528,-1,-1,0.8531868143381637,1.4414884445721412,{'n_estimators': 200},0.02730078976419994
1,CO2,LGBM_separate,0.8483460577246763,1.921842346121282,-1,-1,0.8682202875262126,1.2827614902754345,"{'learning_rate': 0.5, 'n_estimators': 200, 'num_leaves': 30}",0.02730078976419994
