,Gas,Model_name,CV_r2,CV_mse,test_r2_total_model,test_mse_by_total_model,test_r2_separa_model,test_mse_separa_model,best_param,kpg_pca_mse
0,CO2,ETR_separate,0.9392739491354245,0.8413406531726096,-1,-1,0.8923100571783013,0.5946257003904883,{'n_estimators': 200},0.01899336879445295
1,CO2,LGBM_separate,0.9407808257497136,0.818770836942565,-1,-1,0.8830849605839924,0.6534672592958203,"{'learning_rate': 0.5, 'n_estimators': 200, 'num_leaves': 50}",0.01899336879445295
