,Gas,Model_name,CV_r2,CV_mse,test_r2_total_model,test_mse_by_total_model,test_r2_separa_model,test_mse_separa_model,best_param,kpg_pca_mse
0,CO2,ETR_separate,0.8989854750449272,1.218088918390638,-1,-1,0.7624924105705693,2.8464648126660586,{'n_estimators': 100},0.027060158865385923
1,CO2,LGBM_separate,0.8696047874726609,1.5279626985665982,-1,-1,0.7215913181414025,3.285269635649988,"{'learning_rate': 0.5, 'n_estimators': 200, 'num_leaves': 20}",0.027060158865385923
