,Gas,Model_name,CV_r2,CV_mse,test_r2_total_model,test_mse_by_total_model,test_r2_separa_model,test_mse_separa_model,best_param,kpg_pca_mse
0,CO2,ETR_separate,0.9177049141322474,1.0854842066759187,-1,-1,0.9131942178742207,0.4675841728301991,{'n_estimators': 180},0.026944581897970547
1,CO2,LGBM_separate,0.9035690160964156,1.2684498128296886,-1,-1,0.9019698747813675,0.5818336922327065,"{'learning_rate': 0.5, 'n_estimators': 200, 'num_leaves': 20}",0.026944581897970547
