,Gas,Model_name,CV_r2,CV_mse,test_r2_total_model,test_mse_by_total_model,test_r2_separa_model,test_mse_separa_model,best_param,kpg_pca_mse
0,CO2,ETR_separate,0.9338566281020082,0.8914713211191707,-1,-1,0.9298201780553605,0.81537621955213,{'n_estimators': 200},0.01984822329145273
1,CO2,LGBM_separate,0.9328553628389095,0.9072379126297557,-1,-1,0.9407488173703075,0.7704111084768247,"{'learning_rate': 0.5, 'n_estimators': 200, 'num_leaves': 50}",0.01984822329145273
