,Gas,Model_name,CV_r2,CV_mse,test_r2_total_model,test_mse_by_total_model,test_r2_separa_model,test_mse_separa_model,best_param,kpg_pca_mse
0,CO2,ETR_separate,0.9386255893207563,0.8271443237078415,-1,-1,0.9167922729735803,0.88561784959533,{'n_estimators': 150},0.023014835370020477
1,CO2,LGBM_separate,0.9252853923931937,1.015687077152143,-1,-1,0.8959191114499427,0.9572738225669021,"{'learning_rate': 0.5, 'n_estimators': 200, 'num_leaves': 50}",0.023014835370020477
