,Gas,Model_name,CV_r2,CV_mse,test_r2_total_model,test_mse_by_total_model,test_r2_separa_model,test_mse_separa_model,best_param,kpg_pca_mse
0,CO2,ETR_separate,0.9196505908564061,0.9624237926639612,-1,-1,0.9312768406098562,1.5897734008025282,{'n_estimators': 180},0.02621502701895507
1,CO2,LGBM_separate,0.9158617226261571,1.0271546082974479,-1,-1,0.9335371947939588,1.5734509297297192,"{'learning_rate': 0.5, 'n_estimators': 200, 'num_leaves': 30}",0.02621502701895507
