,Gas,Model_name,CV_r2,CV_mse,test_r2_total_model,test_mse_by_total_model,test_r2_separa_model,test_mse_separa_model,best_param,kpg_pca_mse
0,CO2,ETR_separate,0.9340482385232498,0.7999260482260653,-1,-1,0.9670528876841655,0.8526635380180075,{'n_estimators': 180},0.02183976152229692
1,CO2,LGBM_separate,0.9386840217961812,0.7402562547211078,-1,-1,0.9285512226860305,1.6890190489686496,"{'learning_rate': 0.5, 'n_estimators': 200, 'num_leaves': 50}",0.02183976152229692
