,Gas,Model_name,CV_r2,CV_mse,test_r2_total_model,test_mse_by_total_model,test_r2_separa_model,test_mse_separa_model,best_param,kpg_pca_mse
0,CO2,ETR_separate,0.9316684314767165,0.8580140239827478,-1,-1,0.8659916488648138,0.46630863632876446,{'n_estimators': 180},0.02202025706907732
1,CO2,LGBM_separate,0.9215885755151094,0.967097576448619,-1,-1,0.8710596339284826,0.4847239100575409,"{'learning_rate': 0.5, 'n_estimators': 200, 'num_leaves': 50}",0.02202025706907732
