,Gas,Model_name,CV_r2,CV_mse,test_r2_total_model,test_mse_by_total_model,test_r2_separa_model,test_mse_separa_model,best_param,kpg_pca_mse
0,CO2,ETR_separate,0.9178463525885135,1.1065584391876089,-1,-1,0.8293990529686455,0.8946532065713975,{'n_estimators': 200},0.02748759537374098
1,CO2,LGBM_separate,0.90630814778354,1.258636280337711,-1,-1,0.6992434895054751,1.3748559280889041,"{'learning_rate': 0.5, 'n_estimators': 200, 'num_leaves': 30}",0.02748759537374098
