,Gas,Model_name,CV_r2,CV_mse,test_r2_total_model,test_mse_by_total_model,test_r2_separa_model,test_mse_separa_model,best_param,kpg_pca_mse
0,CO2,ETR_separate,0.8559074794398553,1.2764383059360445,-1,-1,0.8547914227402045,0.812080146758686,{'n_estimators': 200},0.028590309234359828
1,CO2,LGBM_separate,0.8489593222969557,1.324639483422795,-1,-1,0.7942467763088547,0.963317653480571,"{'learning_rate': 0.5, 'n_estimators': 200, 'num_leaves': 20}",0.028590309234359828
