,Gas,Model_name,CV_r2,CV_mse,test_r2_total_model,test_mse_by_total_model,test_r2_separa_model,test_mse_separa_model,best_param,kpg_pca_mse
0,CO2,ETR_separate,0.9363985087772093,0.8716822032303526,-1,-1,0.8557756304540092,0.9411586407033208,{'n_estimators': 200},0.023332671160093372
1,CO2,LGBM_separate,0.9269340737261246,1.0183844027606797,-1,-1,0.8772869514031677,0.8026007786834356,"{'learning_rate': 0.5, 'n_estimators': 200, 'num_leaves': 50}",0.023332671160093372
