,Gas,Model_name,CV_r2,CV_mse,test_r2_total_model,test_mse_by_total_model,test_r2_separa_model,test_mse_separa_model,best_param,kpg_pca_mse
0,CO2,ETR_separate,0.8748339083913483,1.3099166932914081,-1,-1,0.9154425389041231,1.074374992447479,{'n_estimators': 50},0.031440608320686576
1,CO2,LGBM_separate,0.8607787458188902,1.3528731944271228,-1,-1,0.8633381848426466,1.624843059668573,"{'learning_rate': 0.5, 'n_estimators': 200, 'num_leaves': 30}",0.031440608320686576
