,Gas,Model_name,CV_r2,CV_mse,test_r2_total_model,test_mse_by_total_model,test_r2_separa_model,test_mse_separa_model,best_param,kpg_pca_mse
0,CO2,ETR_separate,0.9131293701213877,1.1864738377586215,-1,-1,0.9460845800307583,0.9031126020427257,{'n_estimators': 200},0.02580529497644842
1,CO2,LGBM_separate,0.8786456086984691,1.6919216824480863,-1,-1,0.9358658522774269,1.0041616154657738,"{'learning_rate': 0.5, 'n_estimators': 200, 'num_leaves': 50}",0.02580529497644842
