,Gas,Model_name,CV_r2,CV_mse,test_r2_total_model,test_mse_by_total_model,test_r2_separa_model,test_mse_separa_model,best_param,kpg_pca_mse
0,CO2,ETR_separate,0.9366115783859865,0.961397559898009,-1,-1,0.9134128015827108,1.4887047521566628,{'n_estimators': 100},0.030752730316111344
1,CO2,LGBM_separate,0.9283761283554706,1.2410587931487553,-1,-1,0.9157555277730764,1.633933583014347,"{'learning_rate': 0.5, 'n_estimators': 200, 'num_leaves': 50}",0.030752730316111344
