,Gas,Model_name,CV_r2,CV_mse,test_r2_total_model,test_mse_by_total_model,test_r2_separa_model,test_mse_separa_model,best_param,kpg_pca_mse
0,CO2,ETR_separate,0.9379187244937848,0.8008802713978312,-1,-1,0.9072661694257975,0.9142559901327099,{'n_estimators': 180},0.018247961262220825
1,CO2,LGBM_separate,0.9465462753121485,0.6963482798530756,-1,-1,0.9169063080987679,0.9178861669832908,"{'learning_rate': 0.5, 'n_estimators': 200, 'num_leaves': 50}",0.018247961262220825
