,Gas,Model_name,CV_r2,CV_mse,test_r2_total_model,test_mse_by_total_model,test_r2_separa_model,test_mse_separa_model,best_param,kpg_pca_mse
0,CO2,ETR_separate,0.9180150121194697,0.9959466280370026,-1,-1,0.865999868334011,0.47853527530855317,{'n_estimators': 200},0.02421484560648777
1,CO2,LGBM_separate,0.9185629610501493,0.9919276530901661,-1,-1,0.8555421499624428,0.5950473200717328,"{'learning_rate': 0.5, 'n_estimators': 200, 'num_leaves': 50}",0.02421484560648777
