,Gas,Model_name,CV_r2,CV_mse,test_r2_total_model,test_mse_by_total_model,test_r2_separa_model,test_mse_separa_model,best_param,kpg_pca_mse
0,CO2,ETR_separate,0.8156351134394363,1.6189275469555278,-1,-1,0.899476610109124,0.8595706677332849,{'n_estimators': 50},0.042123081350729764
1,CO2,LGBM_separate,0.823398572099071,1.4814765423785257,-1,-1,0.8583371358937373,1.231929843987026,"{'learning_rate': 0.5, 'n_estimators': 200, 'num_leaves': 10}",0.042123081350729764
