,Gas,Model_name,CV_r2,CV_mse,test_r2_total_model,test_mse_by_total_model,test_r2_separa_model,test_mse_separa_model,best_param,kpg_pca_mse
0,CO2,ETR_separate,0.8982735059685186,1.231903712607195,-1,-1,0.9353854074311234,1.558297720194156,{'n_estimators': 200},0.029245847951968336
1,CO2,LGBM_separate,0.8759128627285377,1.61886934352034,-1,-1,0.8564131509911782,3.0830752193948743,"{'learning_rate': 0.5, 'n_estimators': 200, 'num_leaves': 20}",0.029245847951968336
