,Gas,Model_name,CV_r2,CV_mse,test_r2_total_model,test_mse_by_total_model,test_r2_separa_model,test_mse_separa_model,best_param,kpg_pca_mse
0,CO2,ETR_separate,0.9369961414073309,0.8078925258252297,-1,-1,0.882231439814687,0.8562662626817866,{'n_estimators': 180},0.019395224511875017
1,CO2,LGBM_separate,0.937414786314329,0.8092365374702031,-1,-1,0.9229590683474278,0.5184467044427062,"{'learning_rate': 0.5, 'n_estimators': 200, 'num_leaves': 50}",0.019395224511875017
