,Gas,Model_name,CV_r2,CV_mse,test_r2_total_model,test_mse_by_total_model,test_r2_separa_model,test_mse_separa_model,best_param,kpg_pca_mse
0,CO2,ETR_separate,0.8833723236362356,1.7372031407469097,-1,-1,0.8368771360054414,1.01434311219978,{'n_estimators': 180},0.026935931632199706
1,CO2,LGBM_separate,0.8482999085771785,2.2474555090689528,-1,-1,0.903445199331515,0.6498420412641273,"{'learning_rate': 0.5, 'n_estimators': 200, 'num_leaves': 30}",0.026935931632199706
