,Gas,Model_name,CV_r2,CV_mse,test_r2_total_model,test_mse_by_total_model,test_r2_separa_model,test_mse_separa_model,best_param,kpg_pca_mse
0,CO2,ETR_separate,0.9364632280918099,0.8124314901241801,-1,-1,0.9684681057453208,0.6253735369255131,{'n_estimators': 200},0.02076003579862605
1,CO2,LGBM_separate,0.9254330233011728,0.9513772640584273,-1,-1,0.9677402184175007,0.6704861900547545,"{'learning_rate': 0.5, 'n_estimators': 200, 'num_leaves': 50}",0.02076003579862605
