,Gas,Model_name,CV_r2,CV_mse,test_r2_total_model,test_mse_by_total_model,test_r2_separa_model,test_mse_separa_model,best_param,kpg_pca_mse
0,CO2,ETR_separate,0.9289924855220951,0.8970646789385135,-1,-1,0.7983136407243023,1.3679597797965128,{'n_estimators': 180},0.021217827450339368
1,CO2,LGBM_separate,0.9234463994144291,0.9896561480384994,-1,-1,0.79372885435915,1.446740061654973,"{'learning_rate': 0.5, 'n_estimators': 200, 'num_leaves': 50}",0.021217827450339368
