,Gas,Model_name,CV_r2,CV_mse,test_r2_total_model,test_mse_by_total_model,test_r2_separa_model,test_mse_separa_model,best_param,kpg_pca_mse
0,CO2,ETR_separate,0.8988741894349148,1.3048359753327579,-1,-1,0.8159984202464265,0.986389707232583,{'n_estimators': 200},0.028098251151649656
1,CO2,LGBM_separate,0.8464820839862057,1.9595277994660136,-1,-1,0.7753814242585655,1.250416607865597,"{'learning_rate': 0.5, 'n_estimators': 200, 'num_leaves': 20}",0.028098251151649656
