,Gas,Model_name,CV_r2,CV_mse,test_r2_total_model,test_mse_by_total_model,test_r2_separa_model,test_mse_separa_model,best_param,kpg_pca_mse
0,CO2,ETR_separate,0.9310165839135088,0.8858227871606152,-1,-1,0.9710755667983484,0.5685476482919286,{'n_estimators': 200},0.02189079883756444
1,CO2,LGBM_separate,0.921887891292131,1.0186046543184641,-1,-1,0.970654410507032,0.6643166283291843,"{'learning_rate': 0.5, 'n_estimators': 200, 'num_leaves': 50}",0.02189079883756444
