,Gas,Model_name,CV_r2,CV_mse,test_r2_total_model,test_mse_by_total_model,test_r2_separa_model,test_mse_separa_model,best_param,kpg_pca_mse
0,CO2,ETR_separate,0.9209931827564487,1.1079543346790344,-1,-1,0.6014161226939492,2.227258254123693,{'n_estimators': 180},0.02877438352006057
1,CO2,LGBM_separate,0.9153789397533375,1.2188181790050687,-1,-1,0.6613472689595181,2.1553393361790847,"{'learning_rate': 0.5, 'n_estimators': 200, 'num_leaves': 30}",0.02877438352006057
