,Gas,Model_name,CV_r2,CV_mse,test_r2_total_model,test_mse_by_total_model,test_r2_separa_model,test_mse_separa_model,best_param,kpg_pca_mse
0,CO2,ETR_separate,0.9355146964306547,0.8530507783020175,-1,-1,0.9558662642280834,0.7026325460866527,{'n_estimators': 180},0.018318054273951737
1,CO2,LGBM_separate,0.939020227632648,0.8087413137156059,-1,-1,0.9558585824622403,0.7205844041424565,"{'learning_rate': 0.5, 'n_estimators': 200, 'num_leaves': 50}",0.018318054273951737
