,Gas,Model_name,CV_r2,CV_mse,test_r2_total_model,test_mse_by_total_model,test_r2_separa_model,test_mse_separa_model,best_param,kpg_pca_mse
0,CO2,ETR_separate,0.9303167589018173,1.103696080605461,-1,-1,0.8252448617329445,2.156022318790433,{'n_estimators': 200},0.028647572731006783
1,CO2,LGBM_separate,0.9231756564677301,1.2166257787757548,-1,-1,0.8508443729609518,2.0776648385467706,"{'learning_rate': 0.5, 'n_estimators': 200, 'num_leaves': 20}",0.028647572731006783
