,Gas,Model_name,CV_r2,CV_mse,test_r2_total_model,test_mse_by_total_model,test_r2_separa_model,test_mse_separa_model,best_param,kpg_pca_mse
0,CO2,ETR_separate,0.909763309054823,1.1640985657598057,-1,-1,0.900799589731776,1.1111066547393942,{'n_estimators': 150},0.02589455785275222
1,CO2,LGBM_separate,0.894798764222009,1.3493390690624634,-1,-1,0.9083788708103656,1.12504266779594,"{'learning_rate': 0.5, 'n_estimators': 200, 'num_leaves': 50}",0.02589455785275222
