,Gas,Model_name,CV_r2,CV_mse,test_r2_total_model,test_mse_by_total_model,test_r2_separa_model,test_mse_separa_model,best_param,kpg_pca_mse
0,CO2,ETR_separate,0.9350237083356431,0.9272446018667415,-1,-1,0.9312403178211117,0.8792954206913386,{'n_estimators': 180},0.02243080092406419
1,CO2,LGBM_separate,0.934604011421937,0.9439858161660257,-1,-1,0.9456451931550552,0.704508070333913,"{'learning_rate': 0.5, 'n_estimators': 200, 'num_leaves': 50}",0.02243080092406419
