,Gas,Model_name,CV_r2,CV_mse,test_r2_total_model,test_mse_by_total_model,test_r2_separa_model,test_mse_separa_model,best_param,kpg_pca_mse
0,CO2,ETR_separate,0.9269119452160004,0.9339160832186273,-1,-1,0.8813735496979855,0.6887664902309397,{'n_estimators': 200},0.021780781375760373
1,CO2,LGBM_separate,0.927007763429466,0.9305569592160639,-1,-1,0.9099542746642348,0.5731921214699762,"{'learning_rate': 0.5, 'n_estimators': 200, 'num_leaves': 50}",0.021780781375760373
