,Gas,Model_name,CV_r2,CV_mse,test_r2_total_model,test_mse_by_total_model,test_r2_separa_model,test_mse_separa_model,best_param,kpg_pca_mse
0,CO2,ETR_separate,0.8323129593949135,1.2295504026107948,-1,-1,0.7621883769852528,1.0551993389894687,{'n_estimators': 150},0.032625258287078365
1,CO2,LGBM_separate,0.756771891489243,1.8430861541813535,-1,-1,0.8315822015577591,0.860640291014192,"{'learning_rate': 0.5, 'n_estimators': 200, 'num_leaves': 10}",0.032625258287078365
