,Gas,Model_name,CV_r2,CV_mse,test_r2_total_model,test_mse_by_total_model,test_r2_separa_model,test_mse_separa_model,best_param,kpg_pca_mse
0,CO2,ETR_separate,0.8916719739792344,1.3511099090022187,-1,-1,0.9042684338535364,0.9152753968690797,{'n_estimators': 200},0.027961692671810767
1,CO2,LGBM_separate,0.8808390704911254,1.549953539981943,-1,-1,0.9404886768829487,0.6545245744573869,"{'learning_rate': 0.5, 'n_estimators': 200, 'num_leaves': 30}",0.027961692671810767
