,Gas,Model_name,CV_r2,CV_mse,test_r2_total_model,test_mse_by_total_model,test_r2_separa_model,test_mse_separa_model,best_param,kpg_pca_mse
0,CO2,ETR_separate,0.937521651956701,0.8156458215491821,-1,-1,0.9334790798360717,0.7690141960872585,{'n_estimators': 180},0.018721708235958378
1,CO2,LGBM_separate,0.9424758313208542,0.7492106967787519,-1,-1,0.9457712859791113,0.708979525025884,"{'learning_rate': 0.5, 'n_estimators': 200, 'num_leaves': 50}",0.018721708235958378
