,Gas,Model_name,CV_r2,CV_mse,test_r2_total_model,test_mse_by_total_model,test_r2_separa_model,test_mse_separa_model,best_param,kpg_pca_mse
0,CO2,ETR_separate,0.9333670793859221,0.8447038012089825,-1,-1,0.9688433435426022,0.612520485474045,{'n_estimators': 200},0.0211691455709825
1,CO2,LGBM_separate,0.9190083002527258,1.025723218770484,-1,-1,0.9685652128661798,0.665941646119877,"{'learning_rate': 0.5, 'n_estimators': 200, 'num_leaves': 50}",0.0211691455709825
