,Gas,Model_name,CV_r2,CV_mse,test_r2_total_model,test_mse_by_total_model,test_r2_separa_model,test_mse_separa_model,best_param,kpg_pca_mse
0,CO2,ETR_separate,0.9324772663475421,0.8429979243203206,-1,-1,0.9438283750231137,0.8087680275269066,{'n_estimators': 200},0.022940278836452596
1,CO2,LGBM_separate,0.9343241345536842,0.8164752184984533,-1,-1,0.9401130106969969,0.9692591548875458,"{'learning_rate': 0.5, 'n_estimators': 200, 'num_leaves': 50}",0.022940278836452596
