,Gas,Model_name,CV_r2,CV_mse,test_r2_total_model,test_mse_by_total_model,test_r2_separa_model,test_mse_separa_model,best_param,kpg_pca_mse
0,CO2,ETR_separate,0.9370960820614863,0.8420122720526516,-1,-1,0.9069951744162873,1.0384077438671373,{'n_estimators': 180},0.019164031734237797
1,CO2,LGBM_separate,0.9400538385667886,0.8139290531210754,-1,-1,0.8735097984909743,1.5324505644189022,"{'learning_rate': 0.5, 'n_estimators': 200, 'num_leaves': 50}",0.019164031734237797
