,Gas,Model_name,CV_r2,CV_mse,test_r2_total_model,test_mse_by_total_model,test_r2_separa_model,test_mse_separa_model,best_param,kpg_pca_mse
0,CO2,ETR_separate,0.9369343450619265,0.8215613357655431,-1,-1,0.8852348734582725,0.6787202774395514,{'n_estimators': 180},0.020522633088312307
1,CO2,LGBM_separate,0.9366978317697932,0.8248216543328362,-1,-1,0.8929850401768944,0.5392305727891298,"{'learning_rate': 0.5, 'n_estimators': 200, 'num_leaves': 50}",0.020522633088312307
