,Gas,Model_name,CV_r2,CV_mse,test_r2_total_model,test_mse_by_total_model,test_r2_separa_model,test_mse_separa_model,best_param,kpg_pca_mse
0,CO2,ETR_separate,0.927092455027485,0.975957344463923,-1,-1,0.9271019018375546,1.4926700411865788,{'n_estimators': 180},0.024627862046033875
1,CO2,LGBM_separate,0.9042965125234794,1.2691645304422166,-1,-1,0.9345192792113743,1.3687647172466288,"{'learning_rate': 0.5, 'n_estimators': 200, 'num_leaves': 50}",0.024627862046033875
