,Gas,Model_name,CV_r2,CV_mse,test_r2_total_model,test_mse_by_total_model,test_r2_separa_model,test_mse_separa_model,best_param,kpg_pca_mse
0,CO2,ETR_separate,0.9277911563679778,1.0176915518226604,-1,-1,0.9614602447239341,0.6268434629111734,{'n_estimators': 200},0.024128612223075652
1,CO2,LGBM_separate,0.9192662615469078,1.1438200066148614,-1,-1,0.9470579880849763,0.8633328102256509,"{'learning_rate': 0.5, 'n_estimators': 200, 'num_leaves': 50}",0.024128612223075652
