,Gas,Model_name,CV_r2,CV_mse,test_r2_total_model,test_mse_by_total_model,test_r2_separa_model,test_mse_separa_model,best_param,kpg_pca_mse
0,CO2,ETR_separate,0.8357195128450577,1.4515685403046357,-1,-1,0.8341924721813616,1.9295618260671275,{'n_estimators': 180},0.03826928656796269
1,CO2,LGBM_separate,0.8122809792762771,1.6015965634629676,-1,-1,0.8065642103480085,2.3066444299233226,"{'learning_rate': 0.5, 'n_estimators': 200, 'num_leaves': 30}",0.03826928656796269
