,Gas,Model_name,CV_r2,CV_mse,test_r2_total_model,test_mse_by_total_model,test_r2_separa_model,test_mse_separa_model,best_param,kpg_pca_mse
0,CO2,ETR_separate,0.9411549954359366,0.7603790046371907,-1,-1,0.9098702061709328,0.8802052833713769,{'n_estimators': 200},0.0186366709769681
1,CO2,LGBM_separate,0.9435954032722804,0.7260958248008701,-1,-1,0.9056674070177949,1.0829124474706633,"{'learning_rate': 0.5, 'n_estimators': 200, 'num_leaves': 50}",0.0186366709769681
