,Gas,Model_name,CV_r2,CV_mse,test_r2_total_model,test_mse_by_total_model,test_r2_separa_model,test_mse_separa_model,best_param,kpg_pca_mse
0,CO2,ETR_separate,0.8840963373433859,1.76652678602739,-1,-1,0.9486965542347038,0.7065588503416241,{'n_estimators': 180},0.025947553961081914
1,CO2,LGBM_separate,0.8443821088598398,2.5678255833160923,-1,-1,0.9302363703991885,1.0647101834105128,"{'learning_rate': 0.5, 'n_estimators': 200, 'num_leaves': 20}",0.025947553961081914
