,Gas,Model_name,CV_r2,CV_mse,test_r2_total_model,test_mse_by_total_model,test_r2_separa_model,test_mse_separa_model,best_param,kpg_pca_mse
0,CO2,ETR_separate,0.9325949299125467,0.9762793087075969,-1,-1,0.9636103208779594,1.005070668707798,{'n_estimators': 180},0.0251624371230299
1,CO2,LGBM_separate,0.9220145897166148,1.130663198993324,-1,-1,0.9446752525156549,1.5040150057696238,"{'learning_rate': 0.5, 'n_estimators': 200, 'num_leaves': 50}",0.0251624371230299
