,Gas,Model_name,CV_r2,CV_mse,test_r2_total_model,test_mse_by_total_model,test_r2_separa_model,test_mse_separa_model,best_param,kpg_pca_mse
0,CO2,ETR_separate,0.9408366737860872,0.7952498500959712,-1,-1,0.8849890303359442,0.5532956300954524,{'n_estimators': 200},0.01823552931889998
1,CO2,LGBM_separate,0.9463096232576026,0.7215648420985128,-1,-1,0.9021845120463838,0.5001021907770998,"{'learning_rate': 0.5, 'n_estimators': 200, 'num_leaves': 50}",0.01823552931889998
