,Gas,Model_name,CV_r2,CV_mse,test_r2_total_model,test_mse_by_total_model,test_r2_separa_model,test_mse_separa_model,best_param,kpg_pca_mse
0,CO2,ETR_separate,0.8991234856843109,1.1809735449059617,-1,-1,0.8904676254252091,0.7245395934175817,{'n_estimators': 120},0.02749244541552583
1,CO2,LGBM_separate,0.8705216861547284,1.6070849186534648,-1,-1,0.8959225824939088,0.7736429055899258,"{'learning_rate': 0.5, 'n_estimators': 200, 'num_leaves': 30}",0.02749244541552583
