,Gas,Model_name,CV_r2,CV_mse,test_r2_total_model,test_mse_by_total_model,test_r2_separa_model,test_mse_separa_model,best_param,kpg_pca_mse
0,CO2,ETR_separate,0.9385439598933086,0.8186463843053445,-1,-1,0.9344151154692985,0.49439333758345183,{'n_estimators': 180},0.01841293513387888
1,CO2,LGBM_separate,0.9451996266240783,0.7315733587790454,-1,-1,0.9156883871479159,0.6196877823878048,"{'learning_rate': 0.5, 'n_estimators': 200, 'num_leaves': 50}",0.01841293513387888
