,Gas,Model_name,CV_r2,CV_mse,test_r2_total_model,test_mse_by_total_model,test_r2_separa_model,test_mse_separa_model,best_param,kpg_pca_mse
0,CO2,ETR_separate,0.9332102800188832,0.8545359622977198,-1,-1,0.8991322230370437,0.7070179330642028,{'n_estimators': 180},0.020093326892676358
1,CO2,LGBM_separate,0.9365261479869883,0.8116178696647969,-1,-1,0.9331879241095931,0.43627169385595577,"{'learning_rate': 0.5, 'n_estimators': 200, 'num_leaves': 50}",0.020093326892676358
