,Gas,Model_name,CV_r2,CV_mse,test_r2_total_model,test_mse_by_total_model,test_r2_separa_model,test_mse_separa_model,best_param,kpg_pca_mse
0,CO2,ETR_separate,0.889025578671155,1.5613730847148537,-1,-1,0.9222755523357314,0.7250939058321061,{'n_estimators': 180},0.02733226422847626
1,CO2,LGBM_separate,0.8708367344446888,1.81271944496724,-1,-1,0.9115542488096601,0.897385023567659,"{'learning_rate': 0.5, 'n_estimators': 200, 'num_leaves': 20}",0.02733226422847626
