,Gas,Model_name,CV_r2,CV_mse,test_r2_total_model,test_mse_by_total_model,test_r2_separa_model,test_mse_separa_model,best_param,kpg_pca_mse
0,CO2,ETR_separate,0.9297575139919078,0.9541486157952471,-1,-1,0.8994239986273531,0.725370323243405,{'n_estimators': 180},0.022396760403235207
1,CO2,LGBM_separate,0.9189079238573459,1.1005180070702418,-1,-1,0.9048776117248987,0.6344826780602696,"{'learning_rate': 0.5, 'n_estimators': 200, 'num_leaves': 50}",0.022396760403235207
