,Gas,Model_name,CV_r2,CV_mse,test_r2_total_model,test_mse_by_total_model,test_r2_separa_model,test_mse_separa_model,best_param,kpg_pca_mse
0,CO2,ETR_separate,0.9297804122546868,0.925082979013286,-1,-1,0.9326856201012719,0.7944664653222779,{'n_estimators': 200},0.020391539425485848
1,CO2,LGBM_separate,0.9317090680574778,0.9129344700880464,-1,-1,0.9460565469133517,0.6483977009905508,"{'learning_rate': 0.5, 'n_estimators': 200, 'num_leaves': 50}",0.020391539425485848
