,Gas,Model_name,CV_r2,CV_mse,test_r2_total_model,test_mse_by_total_model,test_r2_separa_model,test_mse_separa_model,best_param,kpg_pca_mse
0,CO2,ETR_separate,0.8826531744488229,1.210145384141037,-1,-1,0.8422339342418366,1.565368861581482,{'n_estimators': 200},0.02829001863082132
1,CO2,LGBM_separate,0.8144657968197937,1.9432494002296394,-1,-1,0.8571108371328845,1.5965931667678763,"{'learning_rate': 0.5, 'n_estimators': 200, 'num_leaves': 30}",0.02829001863082132
