,Gas,Model_name,CV_r2,CV_mse,test_r2_total_model,test_mse_by_total_model,test_r2_separa_model,test_mse_separa_model,best_param,kpg_pca_mse
0,CO2,ETR_separate,0.7775302765428358,2.8192503957537913,-1,-1,0.9229281358745196,1.1777516197922326,{'n_estimators': 100},0.03358851739120221
1,CO2,LGBM_separate,0.6808007634093162,3.8150848164982207,-1,-1,0.819024600647407,1.8050692562505628,"{'learning_rate': 0.5, 'n_estimators': 200, 'num_leaves': 10}",0.03358851739120221
