,Gas,Model_name,CV_r2,CV_mse,test_r2_total_model,test_mse_by_total_model,test_r2_separa_model,test_mse_separa_model,best_param,kpg_pca_mse
0,CO2,ETR_separate,0.9311175834378831,1.0002649656325535,-1,-1,0.9215565720942561,0.4258315664243868,{'n_estimators': 180},0.02303711272476832
1,CO2,LGBM_separate,0.9231326035578082,1.1191371113642812,-1,-1,0.9300285476717864,0.4062886155085445,"{'learning_rate': 0.5, 'n_estimators': 200, 'num_leaves': 50}",0.02303711272476832
