,Gas,Model_name,CV_r2,CV_mse,test_r2_total_model,test_mse_by_total_model,test_r2_separa_model,test_mse_separa_model,best_param,kpg_pca_mse
0,CO2,ETR_separate,0.9093079257704245,0.8951338472313471,-1,-1,0.8590061291953274,0.47829816843057676,{'n_estimators': 180},0.027302084003120952
1,CO2,LGBM_separate,0.8969742625389383,1.0312425054389962,-1,-1,0.8383081833692926,0.5832750818848188,"{'learning_rate': 0.5, 'n_estimators': 200, 'num_leaves': 20}",0.027302084003120952
