,Gas,Model_name,CV_r2,CV_mse,test_r2_total_model,test_mse_by_total_model,test_r2_separa_model,test_mse_separa_model,best_param,kpg_pca_mse
0,CO2,ETR_separate,0.9261075985741826,1.0142195759352703,-1,-1,0.9515330265202355,1.3073682109990694,{'n_estimators': 180},0.02777473349651763
1,CO2,LGBM_separate,0.9082997343377025,1.2732114696389059,-1,-1,0.8469193900769373,3.394679323916188,"{'learning_rate': 0.5, 'n_estimators': 200, 'num_leaves': 50}",0.02777473349651763
