,Gas,Model_name,CV_r2,CV_mse,test_r2_total_model,test_mse_by_total_model,test_r2_separa_model,test_mse_separa_model,best_param,kpg_pca_mse
0,CO2,ETR_separate,0.9348525157795387,0.8532830934793543,-1,-1,0.9228951868245896,0.7164345392029043,{'n_estimators': 200},0.01867068893361181
1,CO2,LGBM_separate,0.9369184836981297,0.8275718837428776,-1,-1,0.9260051331173761,0.7987751551869742,"{'learning_rate': 0.5, 'n_estimators': 200, 'num_leaves': 50}",0.01867068893361181
