,Gas,Model_name,CV_r2,CV_mse,test_r2_total_model,test_mse_by_total_model,test_r2_separa_model,test_mse_separa_model,best_param,kpg_pca_mse
0,CO2,ETR_separate,0.9100558994486825,1.045531447074493,-1,-1,0.8938325885919037,1.3134431477296578,{'n_estimators': 150},0.02588852279508696
1,CO2,LGBM_separate,0.891028404839209,1.2488759445991544,-1,-1,0.8856194093379515,1.4173437174722034,"{'learning_rate': 0.5, 'n_estimators': 200, 'num_leaves': 50}",0.02588852279508696
