,Gas,Model_name,CV_r2,CV_mse,test_r2_total_model,test_mse_by_total_model,test_r2_separa_model,test_mse_separa_model,best_param,kpg_pca_mse
0,CO2,ETR_separate,0.8757434447840462,1.4189087606291224,-1,-1,0.9498901596716159,1.1030519058488175,{'n_estimators': 200},0.027196430408219712
1,CO2,LGBM_separate,0.8450649904416524,1.7956027868319928,-1,-1,0.949006413617073,1.195470118016602,"{'learning_rate': 0.5, 'n_estimators': 200, 'num_leaves': 20}",0.027196430408219712
