,Gas,Model_name,CV_r2,CV_mse,test_r2_total_model,test_mse_by_total_model,test_r2_separa_model,test_mse_separa_model,best_param,kpg_pca_mse
0,CO2,ETR_separate,0.9401314920149424,0.8248168906295286,-1,-1,0.9193757306064249,0.8372595770121658,{'n_estimators': 200},0.019300827002282805
1,CO2,LGBM_separate,0.9421802671810753,0.8038783894073387,-1,-1,0.9408304875733355,0.5595295678393839,"{'learning_rate': 0.5, 'n_estimators': 200, 'num_leaves': 50}",0.019300827002282805
