,Gas,Model_name,CV_r2,CV_mse,test_r2_total_model,test_mse_by_total_model,test_r2_separa_model,test_mse_separa_model,best_param,kpg_pca_mse
0,CO2,ETR_separate,0.9268644795294858,1.0750033471075,-1,-1,0.6482625798456623,2.0736808072689508,{'n_estimators': 100},0.025876929251638613
1,CO2,LGBM_separate,0.9185577558943587,1.1836432965897212,-1,-1,0.5641865980561434,2.425441204914832,"{'learning_rate': 0.5, 'n_estimators': 200, 'num_leaves': 50}",0.025876929251638613
