,Gas,Model_name,CV_r2,CV_mse,test_r2_total_model,test_mse_by_total_model,test_r2_separa_model,test_mse_separa_model,best_param,kpg_pca_mse
0,CO2,ETR_separate,0.9378835264608659,0.8852972970225815,-1,-1,0.9041274497086887,1.2273200369620665,{'n_estimators': 200},0.020599642905748
1,CO2,LGBM_separate,0.930726004266516,0.9817960762578328,-1,-1,0.8793991071850781,1.6508433891831333,"{'learning_rate': 0.5, 'n_estimators': 200, 'num_leaves': 50}",0.020599642905748
