,Gas,Model_name,CV_r2,CV_mse,test_r2_total_model,test_mse_by_total_model,test_r2_separa_model,test_mse_separa_model,best_param,kpg_pca_mse
0,CO2,ETR_separate,0.9329881783145749,1.024181266365946,-1,-1,0.9560785860633675,0.5760064417176477,{'n_estimators': 180},0.023562485121676684
1,CO2,LGBM_separate,0.9282380664567192,1.09354593576842,-1,-1,0.9518734858310189,0.6032931223084044,"{'learning_rate': 0.5, 'n_estimators': 200, 'num_leaves': 50}",0.023562485121676684
