,Gas,Model_name,CV_r2,CV_mse,test_r2_total_model,test_mse_by_total_model,test_r2_separa_model,test_mse_separa_model,best_param,kpg_pca_mse
0,CO2,ETR_separate,0.9186922558632622,1.3033610864239809,-1,-1,0.9543390328350476,0.6183293469461542,{'n_estimators': 180},0.023276374012220147
1,CO2,LGBM_separate,0.9015181624445707,1.5361637756009547,-1,-1,0.948663003366501,0.6977678672303221,"{'learning_rate': 0.5, 'n_estimators': 200, 'num_leaves': 30}",0.023276374012220147
