,Gas,Model_name,CV_r2,CV_mse,test_r2_total_model,test_mse_by_total_model,test_r2_separa_model,test_mse_separa_model,best_param,kpg_pca_mse
0,CO2,ETR_separate,0.9051371269287731,1.0383972284042038,-1,-1,0.904466870139522,1.0351271140283402,{'n_estimators': 200},0.029303887612787034
1,CO2,LGBM_separate,0.8678376681076404,1.3836146715267812,-1,-1,0.9286085663281985,0.8534508541827567,"{'learning_rate': 0.5, 'n_estimators': 200, 'num_leaves': 20}",0.029303887612787034
