,Gas,Model_name,CV_r2,CV_mse,test_r2_total_model,test_mse_by_total_model,test_r2_separa_model,test_mse_separa_model,best_param,kpg_pca_mse
0,CO2,ETR_separate,0.909714000484767,1.4355883718166438,-1,-1,0.9544719741257297,0.6244599117815486,{'n_estimators': 180},0.02494817393188182
1,CO2,LGBM_separate,0.9012860318296255,1.457018737907553,-1,-1,0.9422841263869571,0.7870661742211641,"{'learning_rate': 0.5, 'n_estimators': 200, 'num_leaves': 30}",0.02494817393188182
