,Gas,Model_name,CV_r2,CV_mse,test_r2_total_model,test_mse_by_total_model,test_r2_separa_model,test_mse_separa_model,best_param,kpg_pca_mse
0,CO2,ETR_separate,0.9385798530028561,0.856916954138949,-1,-1,0.962164135960486,0.622031197871832,{'n_estimators': 180},0.021308451232972172
1,CO2,LGBM_separate,0.9288722876830835,0.9869815453714272,-1,-1,0.9630864613857126,0.6716263721663401,"{'learning_rate': 0.5, 'n_estimators': 200, 'num_leaves': 50}",0.021308451232972172
