,Gas,Model_name,CV_r2,CV_mse,test_r2_total_model,test_mse_by_total_model,test_r2_separa_model,test_mse_separa_model,best_param,kpg_pca_mse
0,CO2,ETR_separate,0.935498199023216,0.8282731682334763,-1,-1,0.8869888315253525,0.6679092715141423,{'n_estimators': 180},0.019426310447234148
1,CO2,LGBM_separate,0.9293741026890029,0.9099322923779075,-1,-1,0.9229488513037432,0.5507418020487721,"{'learning_rate': 0.5, 'n_estimators': 200, 'num_leaves': 50}",0.019426310447234148
