,Gas,Model_name,CV_r2,CV_mse,test_r2_total_model,test_mse_by_total_model,test_r2_separa_model,test_mse_separa_model,best_param,kpg_pca_mse
0,CO2,ETR_separate,0.9340903708750613,0.8364872202349627,-1,-1,0.940078979106902,0.7816006906672551,{'n_estimators': 200},0.021008115929433767
1,CO2,LGBM_separate,0.9357637743366501,0.8098968455766407,-1,-1,0.9461014956106685,0.803214326562587,"{'learning_rate': 0.5, 'n_estimators': 200, 'num_leaves': 50}",0.021008115929433767
