,Gas,Model_name,CV_r2,CV_mse,test_r2_total_model,test_mse_by_total_model,test_r2_separa_model,test_mse_separa_model,best_param,kpg_pca_mse
0,CO2,ETR_separate,0.9325155646280084,0.8488649319074695,-1,-1,0.9175390527492662,0.959705819696889,{'n_estimators': 150},0.022190009278649697
1,CO2,LGBM_separate,0.9322094810039661,0.8524220130400387,-1,-1,0.9155116486458699,1.1374799966593072,"{'learning_rate': 0.5, 'n_estimators': 200, 'num_leaves': 50}",0.022190009278649697
