,Gas,Model_name,CV_r2,CV_mse,test_r2_total_model,test_mse_by_total_model,test_r2_separa_model,test_mse_separa_model,best_param,kpg_pca_mse
0,CO2,ETR_separate,0.9352969629010645,0.8028772103899454,-1,-1,0.9729099554826575,0.7080936342440382,{'n_estimators': 180},0.020963709279365167
1,CO2,LGBM_separate,0.9385328489114719,0.7594865845059768,-1,-1,0.9283128964852605,1.7670611608531541,"{'learning_rate': 0.5, 'n_estimators': 200, 'num_leaves': 50}",0.020963709279365167
