,Gas,Model_name,CV_r2,CV_mse,test_r2_total_model,test_mse_by_total_model,test_r2_separa_model,test_mse_separa_model,best_param,kpg_pca_mse
0,CO2,ETR_separate,0.9428613255978601,0.7719910111970212,-1,-1,0.931448533467112,0.857494905358972,{'n_estimators': 180},0.019026475798877406
1,CO2,LGBM_separate,0.9413383440828211,0.7928313742507631,-1,-1,0.9526569277021127,0.6121613565975652,"{'learning_rate': 0.5, 'n_estimators': 200, 'num_leaves': 50}",0.019026475798877406
