,Gas,Model_name,CV_r2,CV_mse,test_r2_total_model,test_mse_by_total_model,test_r2_separa_model,test_mse_separa_model,best_param,kpg_pca_mse
0,CO2,ETR_separate,0.93686017770543,0.8083738784543693,-1,-1,0.9723878642260683,0.7188412424855989,{'n_estimators': 180},0.01943388364454217
1,CO2,LGBM_separate,0.938933829016013,0.7748248068397201,-1,-1,0.938183390603783,1.5858344601732506,"{'learning_rate': 0.5, 'n_estimators': 200, 'num_leaves': 50}",0.01943388364454217
