,Gas,Model_name,CV_r2,CV_mse,test_r2_total_model,test_mse_by_total_model,test_r2_separa_model,test_mse_separa_model,best_param,kpg_pca_mse
0,CO2,ETR_separate,0.9340707451210587,0.9644475224261401,-1,-1,0.9379664919176597,0.8268320062284158,{'n_estimators': 200},0.026212770125721742
1,CO2,LGBM_separate,0.9158672860080426,1.2250593358329358,-1,-1,0.9257839795293852,0.9807979227026039,"{'learning_rate': 0.5, 'n_estimators': 200, 'num_leaves': 50}",0.026212770125721742
