,Gas,Model_name,CV_r2,CV_mse,test_r2_total_model,test_mse_by_total_model,test_r2_separa_model,test_mse_separa_model,best_param,kpg_pca_mse
0,CO2,ETR_separate,0.9356706799657047,0.8820903103215242,-1,-1,0.8838754232090347,0.6937066267702076,{'n_estimators': 150},0.0212819363289259
1,CO2,LGBM_separate,0.9307702209462525,0.9545864988760183,-1,-1,0.9020793820318305,0.48789728081789174,"{'learning_rate': 0.5, 'n_estimators': 200, 'num_leaves': 50}",0.0212819363289259
