,Gas,Model_name,CV_r2,CV_mse,test_r2_total_model,test_mse_by_total_model,test_r2_separa_model,test_mse_separa_model,best_param,kpg_pca_mse
0,CO2,ETR_separate,0.9338771672096678,0.9217980735372681,-1,-1,0.928393551896866,0.8715701242700371,{'n_estimators': 200},0.02273830405046174
1,CO2,LGBM_separate,0.9316704958613311,0.9673333766292951,-1,-1,0.9502321302183361,0.6467829997246751,"{'learning_rate': 0.5, 'n_estimators': 200, 'num_leaves': 50}",0.02273830405046174
