,Gas,Model_name,CV_r2,CV_mse,test_r2_total_model,test_mse_by_total_model,test_r2_separa_model,test_mse_separa_model,best_param,kpg_pca_mse
0,CO2,ETR_separate,0.941223678977987,0.9799937933733597,-1,-1,0.9198704095605637,1.1432406455389292,{'n_estimators': 180},0.027314825481564532
1,CO2,LGBM_separate,0.9260635446789134,1.242603780552729,-1,-1,0.8795885238391546,1.853347821453965,"{'learning_rate': 0.5, 'n_estimators': 120, 'num_leaves': 50}",0.027314825481564532
