,Gas,Model_name,CV_r2,CV_mse,test_r2_total_model,test_mse_by_total_model,test_r2_separa_model,test_mse_separa_model,best_param,kpg_pca_mse
0,CO2,ETR_separate,0.9358765519807705,0.8482807392311612,-1,-1,0.9670677476608927,0.6343349455344748,{'n_estimators': 200},0.01985560659635318
1,CO2,LGBM_separate,0.9351041012647292,0.8598669475484998,-1,-1,0.9739089803056609,0.5616659967907093,"{'learning_rate': 0.5, 'n_estimators': 200, 'num_leaves': 50}",0.01985560659635318
