,Gas,Model_name,CV_r2,CV_mse,test_r2_total_model,test_mse_by_total_model,test_r2_separa_model,test_mse_separa_model,best_param,kpg_pca_mse
0,CO2,ETR_separate,0.9103566724842376,1.1454073608157118,-1,-1,0.8823898492412113,0.6755874882258601,{'n_estimators': 200},0.024982482175199165
1,CO2,LGBM_separate,0.8991881277132103,1.2822214630866229,-1,-1,0.9241125587996328,0.42050125741966843,"{'learning_rate': 0.5, 'n_estimators': 200, 'num_leaves': 30}",0.024982482175199165
