,Gas,Model_name,CV_r2,CV_mse,test_r2_total_model,test_mse_by_total_model,test_r2_separa_model,test_mse_separa_model,best_param,kpg_pca_mse
0,CO2,ETR_separate,0.9276505886643248,0.9167278351733298,-1,-1,0.9060279440722163,0.9219226488657817,{'n_estimators': 150},0.02180715474387901
1,CO2,LGBM_separate,0.9300879284884495,0.9000868415002714,-1,-1,0.9019053255534751,1.0915396501112473,"{'learning_rate': 0.5, 'n_estimators': 200, 'num_leaves': 50}",0.02180715474387901
