,Gas,Model_name,CV_r2,CV_mse,test_r2_total_model,test_mse_by_total_model,test_r2_separa_model,test_mse_separa_model,best_param,kpg_pca_mse
0,CO2,ETR_separate,0.9272978911598841,1.1041866027139529,-1,-1,0.8358375346680467,1.8997557695444787,{'n_estimators': 180},0.02974838809540099
1,CO2,LGBM_separate,0.9161907032253243,1.2977962684245334,-1,-1,0.8572676091228746,1.780027112391051,"{'learning_rate': 0.5, 'n_estimators': 200, 'num_leaves': 20}",0.02974838809540099
