,Gas,Model_name,CV_r2,CV_mse,test_r2_total_model,test_mse_by_total_model,test_r2_separa_model,test_mse_separa_model,best_param,kpg_pca_mse
0,CO2,ETR_separate,0.9371366359992696,0.8279129001417822,-1,-1,0.9486939933438908,0.6920675988987709,{'n_estimators': 200},0.018569250844497925
1,CO2,LGBM_separate,0.9444461633945721,0.7276057272884204,-1,-1,0.945924110199871,0.8377063410577235,"{'learning_rate': 0.5, 'n_estimators': 200, 'num_leaves': 50}",0.018569250844497925
