,Gas,Model_name,CV_r2,CV_mse,test_r2_total_model,test_mse_by_total_model,test_r2_separa_model,test_mse_separa_model,best_param,kpg_pca_mse
0,CO2,ETR_separate,0.9390978252796767,0.8510378391121378,-1,-1,0.9178150599057326,0.6256524375872733,{'n_estimators': 200},0.020612427147947202
1,CO2,LGBM_separate,0.939980224575954,0.8457488531548769,-1,-1,0.9032808992327506,0.75742744881871,"{'learning_rate': 0.5, 'n_estimators': 200, 'num_leaves': 50}",0.020612427147947202
