,Gas,Model_name,CV_r2,CV_mse,test_r2_total_model,test_mse_by_total_model,test_r2_separa_model,test_mse_separa_model,best_param,kpg_pca_mse
0,CO2,ETR_separate,0.9227216094226758,0.8136982496715441,-1,-1,0.9090018121445788,0.9763743980883209,{'n_estimators': 200},0.0268885081086555
1,CO2,LGBM_separate,0.914573019197712,0.8676173924369974,-1,-1,0.8929660930610888,1.04004922025567,"{'learning_rate': 0.5, 'n_estimators': 200, 'num_leaves': 30}",0.0268885081086555
