,Gas,Model_name,CV_r2,CV_mse,test_r2_total_model,test_mse_by_total_model,test_r2_separa_model,test_mse_separa_model,best_param,kpg_pca_mse
0,CO2,ETR_separate,0.897727000497073,1.2332842067242125,-1,-1,0.8932506088752894,0.9613849482129757,{'n_estimators': 180},0.026674336714365678
1,CO2,LGBM_separate,0.8894853266429514,1.3451662537406073,-1,-1,0.9277954305335391,0.7687222128578051,"{'learning_rate': 0.5, 'n_estimators': 200, 'num_leaves': 30}",0.026674336714365678
