,Gas,Model_name,CV_r2,CV_mse,test_r2_total_model,test_mse_by_total_model,test_r2_separa_model,test_mse_separa_model,best_param,kpg_pca_mse
0,CO2,ETR_separate,0.9322181099964857,0.9015919318852408,-1,-1,0.9477970958673176,0.6794532531342856,{'n_estimators': 180},0.0204191767264903
1,CO2,LGBM_separate,0.9376169170930005,0.8359988579574538,-1,-1,0.9544305101705037,0.6696607283233872,"{'learning_rate': 0.5, 'n_estimators': 200, 'num_leaves': 50}",0.0204191767264903
