,Gas,Model_name,CV_r2,CV_mse,test_r2_total_model,test_mse_by_total_model,test_r2_separa_model,test_mse_separa_model,best_param,kpg_pca_mse
0,CO2,ETR_separate,0.9368991314966497,0.8489018076532743,-1,-1,0.9442433615543694,0.9692378111828102,{'n_estimators': 180},0.022141820166913316
1,CO2,LGBM_separate,0.9271696991018956,0.9775823038171516,-1,-1,0.9596943129040644,0.7090134970368962,"{'learning_rate': 0.5, 'n_estimators': 200, 'num_leaves': 50}",0.022141820166913316
