,Gas,Model_name,CV_r2,CV_mse,test_r2_total_model,test_mse_by_total_model,test_r2_separa_model,test_mse_separa_model,best_param,kpg_pca_mse
0,CO2,ETR_separate,0.9362766412246375,0.8684479933882165,-1,-1,0.9145385762418374,0.9536681518966003,{'n_estimators': 180},0.024515316818243447
1,CO2,LGBM_separate,0.9338954207430987,0.9029559406573165,-1,-1,0.9285880607249574,0.8978745756000642,"{'learning_rate': 0.5, 'n_estimators': 200, 'num_leaves': 50}",0.024515316818243447
