,Gas,Model_name,CV_r2,CV_mse,test_r2_total_model,test_mse_by_total_model,test_r2_separa_model,test_mse_separa_model,best_param,kpg_pca_mse
0,CO2,ETR_separate,0.929974033109706,0.9361770222230048,-1,-1,0.9154259529746552,0.65025057717722,{'n_estimators': 200},0.021727218183893917
1,CO2,LGBM_separate,0.9302906497237791,0.9353839850771246,-1,-1,0.8928350002897019,0.8858998112495695,"{'learning_rate': 0.5, 'n_estimators': 200, 'num_leaves': 50}",0.021727218183893917
