,Gas,Model_name,CV_r2,CV_mse,test_r2_total_model,test_mse_by_total_model,test_r2_separa_model,test_mse_separa_model,best_param,kpg_pca_mse
0,CO2,ETR_separate,0.9251330165935231,1.0357012928650102,-1,-1,0.9586511229530971,0.5135458692147216,{'n_estimators': 180},0.02424722181109317
1,CO2,LGBM_separate,0.9231998689047716,1.0614204890913108,-1,-1,0.9553353113439007,0.5686308488072572,"{'learning_rate': 0.5, 'n_estimators': 200, 'num_leaves': 50}",0.02424722181109317
