,Gas,Model_name,CV_r2,CV_mse,test_r2_total_model,test_mse_by_total_model,test_r2_separa_model,test_mse_separa_model,best_param,kpg_pca_mse
0,CO2,ETR_separate,0.9377178914718541,0.8433721468761121,-1,-1,0.8745021753077016,1.2784103835737968,{'n_estimators': 200},0.02006008833870299
1,CO2,LGBM_separate,0.9419664392669557,0.7797163525433748,-1,-1,0.9007365069469516,1.190009991427496,"{'learning_rate': 0.5, 'n_estimators': 200, 'num_leaves': 50}",0.02006008833870299
