,Gas,Model_name,CV_r2,CV_mse,test_r2_total_model,test_mse_by_total_model,test_r2_separa_model,test_mse_separa_model,best_param,kpg_pca_mse
0,CO2,ETR_separate,0.9278700721737854,0.9764643885411817,-1,-1,0.9171825200828254,0.6708843372026968,{'n_estimators': 200},0.02240226590997597
1,CO2,LGBM_separate,0.9269189714639087,0.9896714228170191,-1,-1,0.9017092394796232,0.8879665111392603,"{'learning_rate': 0.5, 'n_estimators': 200, 'num_leaves': 50}",0.02240226590997597
