,Gas,Model_name,CV_r2,CV_mse,test_r2_total_model,test_mse_by_total_model,test_r2_separa_model,test_mse_separa_model,best_param,kpg_pca_mse
0,CO2,ETR_separate,0.9384695022337161,0.8212114138274463,-1,-1,0.95175284078746,0.6458345976339894,{'n_estimators': 200},0.018011391802260603
1,CO2,LGBM_separate,0.9424453018873079,0.7729524292970924,-1,-1,0.9675113062285582,0.47930727655194383,"{'learning_rate': 0.5, 'n_estimators': 200, 'num_leaves': 50}",0.018011391802260603
