,Gas,Model_name,CV_r2,CV_mse,test_r2_total_model,test_mse_by_total_model,test_r2_separa_model,test_mse_separa_model,best_param,kpg_pca_mse
0,CO2,ETR_separate,0.9324477086421235,0.9195603007333256,-1,-1,0.9568762664720113,0.5600215636478201,{'n_estimators': 200},0.020515445119071975
1,CO2,LGBM_separate,0.934133196943657,0.8895638571964672,-1,-1,0.9584022787093798,0.5779014278361184,"{'learning_rate': 0.5, 'n_estimators': 200, 'num_leaves': 50}",0.020515445119071975
