,Gas,Model_name,CV_r2,CV_mse,test_r2_total_model,test_mse_by_total_model,test_r2_separa_model,test_mse_separa_model,best_param,kpg_pca_mse
0,CO2,ETR_separate,0.9414481730727415,0.7887144085333574,-1,-1,0.9343892658963657,0.6941753181700956,{'n_estimators': 200},0.018206276447402702
1,CO2,LGBM_separate,0.943504755543078,0.7664325210799182,-1,-1,0.9633233941124355,0.38793049099653126,"{'learning_rate': 0.5, 'n_estimators': 200, 'num_leaves': 50}",0.018206276447402702
