,Gas,Model_name,CV_r2,CV_mse,test_r2_total_model,test_mse_by_total_model,test_r2_separa_model,test_mse_separa_model,best_param,kpg_pca_mse
0,CO2,ETR_separate,0.9225132367140677,0.9859024488651948,-1,-1,0.956984959774359,0.6186972552868663,{'n_estimators': 200},0.023366329890995664
1,CO2,LGBM_separate,0.9234340231260534,0.9555165141193533,-1,-1,0.9293195265209344,1.1382612276712643,"{'learning_rate': 0.5, 'n_estimators': 200, 'num_leaves': 50}",0.023366329890995664
