,Gas,Model_name,CV_r2,CV_mse,test_r2_total_model,test_mse_by_total_model,test_r2_separa_model,test_mse_separa_model,best_param,kpg_pca_mse
0,CO2,ETR_separate,0.7427859054700028,1.8134420831039584,-1,-1,0.8311576338933994,1.2493640058332403,{'n_estimators': 180},0.033531318398265855
1,CO2,LGBM_separate,0.7173208048689461,1.7389727764531924,-1,-1,0.8643131172948262,1.1226719879475768,"{'learning_rate': 0.5, 'n_estimators': 200, 'num_leaves': 10}",0.033531318398265855
