,Gas,Model_name,CV_r2,CV_mse,test_r2_total_model,test_mse_by_total_model,test_r2_separa_model,test_mse_separa_model,best_param,kpg_pca_mse
0,CO2,ETR_separate,0.9260581624507764,0.9031071102017545,-1,-1,0.9146533564468793,0.9074619956670961,{'n_estimators': 200},0.023651515979328942
1,CO2,LGBM_separate,0.9232444257544639,0.9312202080283125,-1,-1,0.9336987623975475,0.7581204485396006,"{'learning_rate': 0.5, 'n_estimators': 200, 'num_leaves': 30}",0.023651515979328942
