,Gas,Model_name,CV_r2,CV_mse,test_r2_total_model,test_mse_by_total_model,test_r2_separa_model,test_mse_separa_model,best_param,kpg_pca_mse
0,CO2,ETR_separate,0.9003147445579899,1.3484888358149294,-1,-1,0.9246930421584612,0.6920887512452326,{'n_estimators': 200},0.02803575073315806
1,CO2,LGBM_separate,0.887938200161914,1.5416136561418425,-1,-1,0.9211538286003143,0.7397677397308046,"{'learning_rate': 0.5, 'n_estimators': 200, 'num_leaves': 30}",0.02803575073315806
