,Gas,Model_name,CV_r2,CV_mse,test_r2_total_model,test_mse_by_total_model,test_r2_separa_model,test_mse_separa_model,best_param,kpg_pca_mse
0,CO2,ETR_separate,0.9008319410863669,1.32230842955836,-1,-1,0.8987281543710579,1.3265340273430914,{'n_estimators': 200},0.030008324582473555
1,CO2,LGBM_separate,0.8625063340018124,1.8088129958248587,-1,-1,0.8594150535608727,1.8148236905018216,"{'learning_rate': 0.5, 'n_estimators': 200, 'num_leaves': 30}",0.030008324582473555
