,Gas,Model_name,CV_r2,CV_mse,test_r2_total_model,test_mse_by_total_model,test_r2_separa_model,test_mse_separa_model,best_param,kpg_pca_mse
0,CO2,ETR_separate,0.918591398950406,0.969802018275969,-1,-1,0.9445554831998969,1.3348190403363869,{'n_estimators': 200},0.026039195806485706
1,CO2,LGBM_separate,0.9125692456488131,1.053031770218586,-1,-1,0.9301468719822334,1.727986150686504,"{'learning_rate': 0.5, 'n_estimators': 200, 'num_leaves': 50}",0.026039195806485706
