,Gas,Model_name,CV_r2,CV_mse,test_r2_total_model,test_mse_by_total_model,test_r2_separa_model,test_mse_separa_model,best_param,kpg_pca_mse
0,CO2,ETR_separate,0.9385667424825106,0.8618574196049638,-1,-1,0.9307274560206404,0.5190420202555635,{'n_estimators': 180},0.01989973015933951
1,CO2,LGBM_separate,0.9350584310323298,0.9046493149182219,-1,-1,0.9050604046859794,0.6623072068001719,"{'learning_rate': 0.5, 'n_estimators': 200, 'num_leaves': 50}",0.01989973015933951
