,Gas,Model_name,CV_r2,CV_mse,test_r2_total_model,test_mse_by_total_model,test_r2_separa_model,test_mse_separa_model,best_param,kpg_pca_mse
0,CO2,ETR_separate,0.9325259408710277,0.9121508639629331,-1,-1,0.8852530260858391,0.6824503202434878,{'n_estimators': 200},0.019050913896131734
1,CO2,LGBM_separate,0.9363052355861168,0.8598033477004794,-1,-1,0.9187690686828787,0.598066367206323,"{'learning_rate': 0.5, 'n_estimators': 200, 'num_leaves': 50}",0.019050913896131734
