,Gas,Model_name,CV_r2,CV_mse,test_r2_total_model,test_mse_by_total_model,test_r2_separa_model,test_mse_separa_model,best_param,kpg_pca_mse
0,CO2,ETR_separate,0.9369598043706422,0.8294609966181165,-1,-1,0.9341002732818218,0.8224977075956748,{'n_estimators': 180},0.01811412447742994
1,CO2,LGBM_separate,0.9452633390353287,0.7172311489846073,-1,-1,0.9411271407214765,0.7153237187252439,"{'learning_rate': 0.5, 'n_estimators': 200, 'num_leaves': 50}",0.01811412447742994
