,Gas,Model_name,CV_r2,CV_mse,test_r2_total_model,test_mse_by_total_model,test_r2_separa_model,test_mse_separa_model,best_param,kpg_pca_mse
0,CO2,ETR_separate,0.9289118870954404,0.9953171319712991,-1,-1,0.9557630109962916,0.6446793685460036,{'n_estimators': 200},0.027289105875070968
1,CO2,LGBM_separate,0.9062242972291461,1.322818202839105,-1,-1,0.9394433385801864,0.9465665242409547,"{'learning_rate': 0.5, 'n_estimators': 200, 'num_leaves': 30}",0.027289105875070968
