,Gas,Model_name,CV_r2,CV_mse,test_r2_total_model,test_mse_by_total_model,test_r2_separa_model,test_mse_separa_model,best_param,kpg_pca_mse
0,CO2,ETR_separate,0.9230018151333658,1.1596624455063655,-1,-1,0.8595702263122177,1.6846001064665033,{'n_estimators': 180},0.02944959251839959
1,CO2,LGBM_separate,0.9067500906366318,1.3903073639144885,-1,-1,0.8988401922619335,1.2770745300649209,"{'learning_rate': 0.5, 'n_estimators': 200, 'num_leaves': 30}",0.02944959251839959
