,Gas,Model_name,CV_r2,CV_mse,test_r2_total_model,test_mse_by_total_model,test_r2_separa_model,test_mse_separa_model,best_param,kpg_pca_mse
0,CO2,ETR_separate,0.9240095311709566,1.1619367294676957,-1,-1,0.9354309270688222,0.873708181516817,{'n_estimators': 180},0.027272210208713434
1,CO2,LGBM_separate,0.9185686020933265,1.2494125210380826,-1,-1,0.9133936182069576,1.2485530150546449,"{'learning_rate': 0.5, 'n_estimators': 200, 'num_leaves': 50}",0.027272210208713434
