,Gas,Model_name,CV_r2,CV_mse,test_r2_total_model,test_mse_by_total_model,test_r2_separa_model,test_mse_separa_model,best_param,kpg_pca_mse
0,CO2,ETR_separate,0.9355463345178547,0.8695415041543713,-1,-1,0.917360992615503,0.6335443094443125,{'n_estimators': 180},0.020389046011789425
1,CO2,LGBM_separate,0.93741106056441,0.8495164570503058,-1,-1,0.9096665699021141,0.6919410396227972,"{'learning_rate': 0.5, 'n_estimators': 200, 'num_leaves': 50}",0.020389046011789425
