,Gas,Model_name,CV_r2,CV_mse,test_r2_total_model,test_mse_by_total_model,test_r2_separa_model,test_mse_separa_model,best_param,kpg_pca_mse
0,CO2,ETR_separate,0.9359943827189892,0.846460333253377,-1,-1,0.910420211246792,1.7307717986731797,{'n_estimators': 180},0.019137392294319495
1,CO2,LGBM_separate,0.9424119165720091,0.7577998529888149,-1,-1,0.8598174937350442,2.3048350294106594,"{'learning_rate': 0.5, 'n_estimators': 200, 'num_leaves': 50}",0.019137392294319495
