,Gas,Model_name,CV_r2,CV_mse,test_r2_total_model,test_mse_by_total_model,test_r2_separa_model,test_mse_separa_model,best_param,kpg_pca_mse
0,CO2,ETR_separate,0.9294391184174844,0.9813848517568549,-1,-1,0.9381896602680537,0.7650299652026853,{'n_estimators': 200},0.020645767731115535
1,CO2,LGBM_separate,0.9317117452080632,0.9401192088853195,-1,-1,0.9496321873529362,0.7129520244139977,"{'learning_rate': 0.5, 'n_estimators': 200, 'num_leaves': 50}",0.020645767731115535
