,Gas,Model_name,CV_r2,CV_mse,test_r2_total_model,test_mse_by_total_model,test_r2_separa_model,test_mse_separa_model,best_param,kpg_pca_mse
0,CO2,ETR_separate,0.9312458250127996,0.9883554319689832,-1,-1,0.882631204666549,0.7034453318883256,{'n_estimators': 200},0.02345653648427437
1,CO2,LGBM_separate,0.9261885213667485,1.053375354007486,-1,-1,0.8852574663062663,0.6793669673756754,"{'learning_rate': 0.5, 'n_estimators': 200, 'num_leaves': 30}",0.02345653648427437
