,Gas,Model_name,CV_r2,CV_mse,test_r2_total_model,test_mse_by_total_model,test_r2_separa_model,test_mse_separa_model,best_param,kpg_pca_mse
0,CO2,ETR_separate,0.871158540452144,0.8038524037991739,-1,-1,0.821149893917832,2.082847881273316,{'n_estimators': 200},0.03722698695070018
1,CO2,LGBM_separate,0.8287280111542991,1.0374203605568473,-1,-1,0.797184209069334,2.2471435431815108,"{'learning_rate': 0.5, 'n_estimators': 200, 'num_leaves': 20}",0.03722698695070018
