,Gas,Model_name,CV_r2,CV_mse,test_r2_total_model,test_mse_by_total_model,test_r2_separa_model,test_mse_separa_model,best_param,kpg_pca_mse
0,CO2,ETR_separate,0.9269420541995823,0.9436496295521746,-1,-1,0.9334468147644178,1.1104827064095228,{'n_estimators': 200},0.02203334854647484
1,CO2,LGBM_separate,0.9158371700329907,1.0915456528754335,-1,-1,0.9385727697011975,1.0794046915049031,"{'learning_rate': 0.5, 'n_estimators': 200, 'num_leaves': 50}",0.02203334854647484
