,Gas,Model_name,CV_r2,CV_mse,test_r2_total_model,test_mse_by_total_model,test_r2_separa_model,test_mse_separa_model,best_param,kpg_pca_mse
0,CO2,ETR_separate,0.9335253341519735,0.908303183497804,-1,-1,0.9586402632489213,0.8377331699050498,{'n_estimators': 180},0.024622362728626238
1,CO2,LGBM_separate,0.927592993988285,0.9952920181293854,-1,-1,0.9641945011516105,0.695176135622976,"{'learning_rate': 0.5, 'n_estimators': 200, 'num_leaves': 50}",0.024622362728626238
