,Gas,Model_name,CV_r2,CV_mse,test_r2_total_model,test_mse_by_total_model,test_r2_separa_model,test_mse_separa_model,best_param,kpg_pca_mse
0,CO2,ETR_separate,0.935902793751948,0.8699486551603808,-1,-1,0.9511760744466741,0.6365460906898137,{'n_estimators': 200},0.020075937813249102
1,CO2,LGBM_separate,0.9348359242121624,0.882367190101396,-1,-1,0.9569316542056068,0.6587830525344343,"{'learning_rate': 0.5, 'n_estimators': 200, 'num_leaves': 50}",0.020075937813249102
