,Gas,Model_name,CV_r2,CV_mse,test_r2_total_model,test_mse_by_total_model,test_r2_separa_model,test_mse_separa_model,best_param,kpg_pca_mse
0,CO2,ETR_separate,0.8891233445825029,1.128800384756876,-1,-1,0.8419900775118696,0.8600237073082555,{'n_estimators': 200},0.032760105205480096
1,CO2,LGBM_separate,0.7455953553251498,2.2615943933309604,-1,-1,0.8835202649840268,0.78371328650339,"{'learning_rate': 0.5, 'n_estimators': 200, 'num_leaves': 10}",0.032760105205480096
