,Gas,Model_name,CV_r2,CV_mse,test_r2_total_model,test_mse_by_total_model,test_r2_separa_model,test_mse_separa_model,best_param,kpg_pca_mse
0,CO2,ETR_separate,0.9345630199628676,0.8746136078076727,-1,-1,0.882333053153874,0.5590230465593601,{'n_estimators': 180},0.022326849116842983
1,CO2,LGBM_separate,0.9221421635853553,1.0353544990088477,-1,-1,0.8511813584468488,0.7408237794312197,"{'learning_rate': 0.5, 'n_estimators': 200, 'num_leaves': 50}",0.022326849116842983
