,Gas,Model_name,CV_r2,CV_mse,test_r2_total_model,test_mse_by_total_model,test_r2_separa_model,test_mse_separa_model,best_param,kpg_pca_mse
0,CO2,ETR_separate,0.9007195627631134,1.0459659824697258,-1,-1,0.8913198607730416,0.5947474229745298,{'n_estimators': 200},0.025904631451020732
1,CO2,LGBM_separate,0.8821774019225002,1.2464247729905304,-1,-1,0.8845736029769955,0.6221712167882437,"{'learning_rate': 0.5, 'n_estimators': 200, 'num_leaves': 50}",0.025904631451020732
