,Gas,Model_name,CV_r2,CV_mse,test_r2_total_model,test_mse_by_total_model,test_r2_separa_model,test_mse_separa_model,best_param,kpg_pca_mse
0,CO2,ETR_separate,0.9247735022858683,0.9825493348886857,-1,-1,0.9217402418449377,0.4435651126418926,{'n_estimators': 180},0.022724193131789198
1,CO2,LGBM_separate,0.9131463235240458,1.1473053649260128,-1,-1,0.9415300137516207,0.3576790974273467,"{'learning_rate': 0.5, 'n_estimators': 200, 'num_leaves': 50}",0.022724193131789198
