,Gas,Model_name,CV_r2,CV_mse,test_r2_total_model,test_mse_by_total_model,test_r2_separa_model,test_mse_separa_model,best_param,kpg_pca_mse
0,CO2,ETR_separate,0.8218302243170799,2.1291145120539117,-1,-1,0.8434377066973094,2.0534072157299135,{'n_estimators': 150},0.03825185450943801
1,CO2,LGBM_separate,0.7763005173242752,2.215054474168483,-1,-1,0.7768699295172175,3.166623712851916,"{'learning_rate': 0.5, 'n_estimators': 200, 'num_leaves': 10}",0.03825185450943801
