,Gas,Model_name,CV_r2,CV_mse,test_r2_total_model,test_mse_by_total_model,test_r2_separa_model,test_mse_separa_model,best_param,kpg_pca_mse
0,CO2,ETR_separate,0.9369435482968557,0.8059037261244073,-1,-1,0.9276879184858688,0.830977525245749,{'n_estimators': 200},0.020801739530091873
1,CO2,LGBM_separate,0.9344794125224304,0.8200990785768791,-1,-1,0.9374717670919216,0.776328777410279,"{'learning_rate': 0.5, 'n_estimators': 200, 'num_leaves': 50}",0.020801739530091873
