,Gas,Model_name,CV_r2,CV_mse,test_r2_total_model,test_mse_by_total_model,test_r2_separa_model,test_mse_separa_model,best_param,kpg_pca_mse
0,CO2,ETR_separate,0.9408670080817509,0.851983598687497,-1,-1,0.9305115520466256,0.8828990198007413,{'n_estimators': 200},0.020946806837694877
1,CO2,LGBM_separate,0.9392857977714444,0.8775979958019379,-1,-1,0.955502090623549,0.6178954314620841,"{'learning_rate': 0.5, 'n_estimators': 200, 'num_leaves': 50}",0.020946806837694877
