,Gas,Model_name,CV_r2,CV_mse,test_r2_total_model,test_mse_by_total_model,test_r2_separa_model,test_mse_separa_model,best_param,kpg_pca_mse
0,CO2,ETR_separate,0.9392109646484551,0.8810852090279347,-1,-1,0.9318897769184202,0.8713088064482086,{'n_estimators': 200},0.02063721980301047
1,CO2,LGBM_separate,0.9386764696250103,0.8915698617077978,-1,-1,0.9513249566050809,0.6306181758430079,"{'learning_rate': 0.5, 'n_estimators': 200, 'num_leaves': 30}",0.02063721980301047
