,Gas,Model_name,CV_r2,CV_mse,test_r2_total_model,test_mse_by_total_model,test_r2_separa_model,test_mse_separa_model,best_param,kpg_pca_mse
0,CO2,ETR_separate,0.9336043878526196,0.9344329402121527,-1,-1,0.9568532441151878,0.5687779697932064,{'n_estimators': 180},0.021940242473684698
1,CO2,LGBM_separate,0.9333852606457889,0.9344165662095977,-1,-1,0.9578633621413155,0.5321324341472152,"{'learning_rate': 0.5, 'n_estimators': 200, 'num_leaves': 50}",0.021940242473684698
