,Gas,Model_name,CV_r2,CV_mse,test_r2_total_model,test_mse_by_total_model,test_r2_separa_model,test_mse_separa_model,best_param,kpg_pca_mse
0,CO2,ETR_separate,0.9306765487428865,0.9567259792864669,-1,-1,0.9232727896403545,0.43705051202887263,{'n_estimators': 180},0.02233028457455601
1,CO2,LGBM_separate,0.9301827341516807,0.9626877961444833,-1,-1,0.935918255738303,0.3670007905946847,"{'learning_rate': 0.5, 'n_estimators': 200, 'num_leaves': 50}",0.02233028457455601
