,Gas,Model_name,CV_r2,CV_mse,test_r2_total_model,test_mse_by_total_model,test_r2_separa_model,test_mse_separa_model,best_param,kpg_pca_mse
0,CO2,ETR_separate,0.9153071297883653,1.0112181045295172,-1,-1,0.8322013703796964,0.8847874402666328,{'n_estimators': 180},0.026416130856941406
1,CO2,LGBM_separate,0.8970084307272916,1.2462946765752752,-1,-1,0.738711114897179,1.3579374892643645,"{'learning_rate': 0.5, 'n_estimators': 200, 'num_leaves': 50}",0.026416130856941406
