,Gas,Model_name,CV_r2,CV_mse,test_r2_total_model,test_mse_by_total_model,test_r2_separa_model,test_mse_separa_model,best_param,kpg_pca_mse
0,CO2,ETR_separate,0.9115061496557171,1.303360694722125,-1,-1,0.8483666410544617,0.9167692020824413,{'n_estimators': 120},0.031244056742186038
1,CO2,LGBM_separate,0.8997835778871336,1.4959299645397275,-1,-1,0.859973250463246,1.2069143909788709,"{'learning_rate': 0.5, 'n_estimators': 200, 'num_leaves': 10}",0.031244056742186038
