,Gas,Model_name,CV_r2,CV_mse,test_r2_total_model,test_mse_by_total_model,test_r2_separa_model,test_mse_separa_model,best_param,kpg_pca_mse
0,CO2,ETR_separate,0.8540194597780648,1.6743996790703952,-1,-1,0.8623202756374374,0.9968838949171275,{'n_estimators': 180},0.031703334206839434
1,CO2,LGBM_separate,0.8359155819501451,1.8718884626956709,-1,-1,0.8563764306333204,1.0588597487436904,"{'learning_rate': 0.5, 'n_estimators': 200, 'num_leaves': 10}",0.031703334206839434
