,Gas,Model_name,CV_r2,CV_mse,test_r2_total_model,test_mse_by_total_model,test_r2_separa_model,test_mse_separa_model,best_param,kpg_pca_mse
0,CO2,ETR_separate,0.9334270359368138,0.9403847689284189,-1,-1,0.878390509254612,2.234601346249873,{'n_estimators': 200},0.02152477041872887
1,CO2,LGBM_separate,0.9322067435140564,0.9622639030737364,-1,-1,0.8284367081220936,2.963227709300201,"{'learning_rate': 0.5, 'n_estimators': 200, 'num_leaves': 50}",0.02152477041872887
