,Gas,Model_name,CV_r2,CV_mse,test_r2_total_model,test_mse_by_total_model,test_r2_separa_model,test_mse_separa_model,best_param,kpg_pca_mse
0,CO2,ETR_separate,0.9110013877896123,1.0600790208399364,-1,-1,0.9129459605258039,0.7613235465448996,{'n_estimators': 120},0.024974882849300682
1,CO2,LGBM_separate,0.8953466679558224,1.2288762793470625,-1,-1,0.9157760919936276,0.9816688060752374,"{'learning_rate': 0.5, 'n_estimators': 200, 'num_leaves': 10}",0.024974882849300682
