,Gas,Model_name,CV_r2,CV_mse,test_r2_total_model,test_mse_by_total_model,test_r2_separa_model,test_mse_separa_model,best_param,kpg_pca_mse
0,CO2,ETR_separate,0.9344778086850235,0.9087563437964963,-1,-1,0.8219439884229929,0.9654561722716802,{'n_estimators': 200},0.021193601938193175
1,CO2,LGBM_separate,0.9318635136488247,0.9561472083230065,-1,-1,0.8921062123064005,0.6727955302928574,"{'learning_rate': 0.5, 'n_estimators': 200, 'num_leaves': 50}",0.021193601938193175
