,Gas,Model_name,CV_r2,CV_mse,test_r2_total_model,test_mse_by_total_model,test_r2_separa_model,test_mse_separa_model,best_param,kpg_pca_mse
0,CO2,ETR_separate,0.9373455655892291,0.8865175887987908,-1,-1,0.8731101312665432,1.2770341068741446,{'n_estimators': 180},0.020152864684386235
1,CO2,LGBM_separate,0.9393568318254235,0.8631527321524972,-1,-1,0.911508278767402,1.0142728118342261,"{'learning_rate': 0.5, 'n_estimators': 200, 'num_leaves': 50}",0.020152864684386235
