,Gas,Model_name,CV_r2,CV_mse,test_r2_total_model,test_mse_by_total_model,test_r2_separa_model,test_mse_separa_model,best_param,kpg_pca_mse
0,CO2,ETR_separate,0.9361798951924056,0.8719289906839516,-1,-1,0.9589342695865992,0.677489609290506,{'n_estimators': 180},0.020833209161798115
1,CO2,LGBM_separate,0.9293744913252956,0.9658456861643938,-1,-1,0.9605547539433431,0.6915886976585643,"{'learning_rate': 0.5, 'n_estimators': 200, 'num_leaves': 50}",0.020833209161798115
