,Gas,Model_name,CV_r2,CV_mse,test_r2_total_model,test_mse_by_total_model,test_r2_separa_model,test_mse_separa_model,best_param,kpg_pca_mse
0,CO2,ETR_separate,0.9245847137875822,1.0732364248943287,-1,-1,0.929657354551632,1.1532113877969148,{'n_estimators': 180},0.021102409024451624
1,CO2,LGBM_separate,0.9177065083443032,1.1671317063179116,-1,-1,0.9386339071275465,1.0743840483701026,"{'learning_rate': 0.5, 'n_estimators': 200, 'num_leaves': 50}",0.021102409024451624
