,Gas,Model_name,CV_r2,CV_mse,test_r2_total_model,test_mse_by_total_model,test_r2_separa_model,test_mse_separa_model,best_param,kpg_pca_mse
0,CO2,ETR_separate,0.8947892245659144,1.2010333806075257,-1,-1,0.8555703579148515,1.9719672652302451,{'n_estimators': 180},0.02618225394870839
1,CO2,LGBM_separate,0.8789711371173224,1.3913481225262838,-1,-1,0.711779348410548,3.2987929057511147,"{'learning_rate': 0.5, 'n_estimators': 200, 'num_leaves': 50}",0.02618225394870839
