,Gas,Model_name,CV_r2,CV_mse,test_r2_total_model,test_mse_by_total_model,test_r2_separa_model,test_mse_separa_model,best_param,kpg_pca_mse
0,CO2,ETR_separate,0.9332515129542769,0.9021563505252688,-1,-1,0.8023175640878477,1.3368955324373641,{'n_estimators': 180},0.02080608668073246
1,CO2,LGBM_separate,0.9353104509869157,0.8799240451285945,-1,-1,0.7987158413095126,1.3687650120175605,"{'learning_rate': 0.5, 'n_estimators': 200, 'num_leaves': 50}",0.02080608668073246
