,Gas,Model_name,CV_r2,CV_mse,test_r2_total_model,test_mse_by_total_model,test_r2_separa_model,test_mse_separa_model,best_param,kpg_pca_mse
0,CO2,ETR_separate,0.9220932659916276,1.037409444602884,-1,-1,0.9484482819058735,0.7241356580025795,{'n_estimators': 180},0.023925794658779576
1,CO2,LGBM_separate,0.9216840895603126,1.0420716423438292,-1,-1,0.9405238430372259,0.9178598257250881,"{'learning_rate': 0.5, 'n_estimators': 200, 'num_leaves': 50}",0.023925794658779576
