,Gas,Model_name,CV_r2,CV_mse,test_r2_total_model,test_mse_by_total_model,test_r2_separa_model,test_mse_separa_model,best_param,kpg_pca_mse
0,CO2,ETR_separate,0.9398769743000042,0.8047941291263647,-1,-1,0.8550771696000831,1.0568205125586567,{'n_estimators': 200},0.019186886225799855
1,CO2,LGBM_separate,0.9415648836706545,0.7855929060791949,-1,-1,0.8405176897208655,1.247549716676566,"{'learning_rate': 0.5, 'n_estimators': 200, 'num_leaves': 50}",0.019186886225799855
