,Gas,Model_name,CV_r2,CV_mse,test_r2_total_model,test_mse_by_total_model,test_r2_separa_model,test_mse_separa_model,best_param,kpg_pca_mse
0,CO2,ETR_separate,0.9211390768179794,1.275047486079469,-1,-1,0.9091211287144031,1.0780973603096715,{'n_estimators': 200},0.0300938658712815
1,CO2,LGBM_separate,0.8787357321897407,1.9294624002238827,-1,-1,0.9134463029879205,1.1427372826163076,"{'learning_rate': 0.5, 'n_estimators': 200, 'num_leaves': 20}",0.0300938658712815
