,Gas,Model_name,CV_r2,CV_mse,test_r2_total_model,test_mse_by_total_model,test_r2_separa_model,test_mse_separa_model,best_param,kpg_pca_mse
0,CO2,ETR_separate,0.9400894260357002,0.8084417071019301,-1,-1,0.925704449006144,0.8500486469293653,{'n_estimators': 180},0.019219434930513486
1,CO2,LGBM_separate,0.9435548632780592,0.7621818182247155,-1,-1,0.9425849504447892,0.678252981702489,"{'learning_rate': 0.5, 'n_estimators': 200, 'num_leaves': 50}",0.019219434930513486
