,Gas,Model_name,CV_r2,CV_mse,test_r2_total_model,test_mse_by_total_model,test_r2_separa_model,test_mse_separa_model,best_param,kpg_pca_mse
0,CO2,ETR_separate,0.8672912587471968,1.2273983206802734,-1,-1,0.9197247455123034,1.2786111966690765,{'n_estimators': 50},0.034949630640095805
1,CO2,LGBM_separate,0.8297022385235138,1.5455270172655093,-1,-1,0.9141919087121805,1.3541490280923312,"{'learning_rate': 0.5, 'n_estimators': 200, 'num_leaves': 30}",0.034949630640095805
