,Gas,Model_name,CV_r2,CV_mse,test_r2_total_model,test_mse_by_total_model,test_r2_separa_model,test_mse_separa_model,best_param,kpg_pca_mse
0,CO2,ETR_separate,0.9179377539924637,1.0161512440267066,-1,-1,0.9243523307076137,1.3026487378072897,{'n_estimators': 180},0.02551226294070792
1,CO2,LGBM_separate,0.8976273299643369,1.315963203281647,-1,-1,0.905037897191788,1.7889981500230472,"{'learning_rate': 0.5, 'n_estimators': 200, 'num_leaves': 50}",0.02551226294070792
