,Gas,Model_name,CV_r2,CV_mse,test_r2_total_model,test_mse_by_total_model,test_r2_separa_model,test_mse_separa_model,best_param,kpg_pca_mse
0,CO2,ETR_separate,0.9314107867925131,0.9179994260989321,-1,-1,0.927297376964604,1.0429270633943735,{'n_estimators': 180},0.022471696256588288
1,CO2,LGBM_separate,0.9319808696863578,0.905202046644136,-1,-1,0.9357074561944609,0.7795666099372409,"{'learning_rate': 0.5, 'n_estimators': 200, 'num_leaves': 50}",0.022471696256588288
