,Gas,Model_name,CV_r2,CV_mse,test_r2_total_model,test_mse_by_total_model,test_r2_separa_model,test_mse_separa_model,best_param,kpg_pca_mse
0,CO2,ETR_separate,0.9161713290895388,1.0966546168118334,-1,-1,0.9004390189717348,1.2459141932848585,{'n_estimators': 150},0.025825550346430186
1,CO2,LGBM_separate,0.9155245907037832,1.0957462788234404,-1,-1,0.8420982781597252,2.0328527308460353,"{'learning_rate': 0.5, 'n_estimators': 200, 'num_leaves': 50}",0.025825550346430186
