,Gas,Model_name,CV_r2,CV_mse,test_r2_total_model,test_mse_by_total_model,test_r2_separa_model,test_mse_separa_model,best_param,kpg_pca_mse
0,CO2,ETR_separate,0.9042085779659477,1.281786981604427,-1,-1,0.9379270599275968,0.7811324041162837,{'n_estimators': 100},0.02618685673536179
1,CO2,LGBM_separate,0.8980532372877571,1.4255611192208313,-1,-1,0.9323909396002805,0.8410929540942151,"{'learning_rate': 0.5, 'n_estimators': 200, 'num_leaves': 30}",0.02618685673536179
