,Gas,Model_name,CV_r2,CV_mse,test_r2_total_model,test_mse_by_total_model,test_r2_separa_model,test_mse_separa_model,best_param,kpg_pca_mse
0,CO2,ETR_separate,0.9270908736645197,1.0069078810002228,-1,-1,0.887038954126006,0.8342394397053549,{'n_estimators': 180},0.02273717273728641
1,CO2,LGBM_separate,0.918756042980713,1.111528628292848,-1,-1,0.8957378463793944,0.7529341201102633,"{'learning_rate': 0.5, 'n_estimators': 200, 'num_leaves': 50}",0.02273717273728641
