,Gas,Model_name,CV_r2,CV_mse,test_r2_total_model,test_mse_by_total_model,test_r2_separa_model,test_mse_separa_model,best_param,kpg_pca_mse
0,CO2,ETR_separate,0.9148286292650457,1.1349733748303916,-1,-1,0.8916221014298464,0.7809075377912781,{'n_estimators': 200},0.025435051545620896
1,CO2,LGBM_separate,0.9024739682656385,1.303037570125562,-1,-1,0.9145464573297108,0.5892084977723838,"{'learning_rate': 0.5, 'n_estimators': 200, 'num_leaves': 30}",0.025435051545620896
