,Gas,Model_name,CV_r2,CV_mse,test_r2_total_model,test_mse_by_total_model,test_r2_separa_model,test_mse_separa_model,best_param,kpg_pca_mse
0,CO2,ETR_separate,0.9373753593545103,0.8741119198507462,-1,-1,0.8105050656291213,1.0137357976204842,{'n_estimators': 180},0.01897194594123834
1,CO2,LGBM_separate,0.9377923511344111,0.8764803359509707,-1,-1,0.8776897496912648,0.7414095177617475,"{'learning_rate': 0.5, 'n_estimators': 200, 'num_leaves': 50}",0.01897194594123834
