,Gas,Model_name,CV_r2,CV_mse,test_r2_total_model,test_mse_by_total_model,test_r2_separa_model,test_mse_separa_model,best_param,kpg_pca_mse
0,CO2,ETR_separate,0.9259202584287124,0.9443735522616657,-1,-1,0.9084851340609245,0.9028186576611765,{'n_estimators': 200},0.02905799291669948
1,CO2,LGBM_separate,0.9249922650059025,0.9283123154861119,-1,-1,0.8978954521888334,1.0675987236205542,"{'learning_rate': 0.5, 'n_estimators': 200, 'num_leaves': 20}",0.02905799291669948
