,Gas,Model_name,CV_r2,CV_mse,test_r2_total_model,test_mse_by_total_model,test_r2_separa_model,test_mse_separa_model,best_param,kpg_pca_mse
0,CO2,ETR_separate,0.9306379017372107,1.0264943977383052,-1,-1,0.9383562209021923,1.0510532692316088,{'n_estimators': 180},0.02477141417647422
1,CO2,LGBM_separate,0.9252254278468215,1.100569431909195,-1,-1,0.9376390817934379,1.2129130654336857,"{'learning_rate': 0.5, 'n_estimators': 200, 'num_leaves': 20}",0.02477141417647422
