,Gas,Model_name,CV_r2,CV_mse,test_r2_total_model,test_mse_by_total_model,test_r2_separa_model,test_mse_separa_model,best_param,kpg_pca_mse
0,CO2,ETR_separate,0.9188119081908297,1.0351335110526882,-1,-1,0.923849920078536,0.8294042694286377,{'n_estimators': 200},0.025596316131339614
1,CO2,LGBM_separate,0.9079350714813034,1.146921569382119,-1,-1,0.913686547577866,0.8872857379246222,"{'learning_rate': 0.5, 'n_estimators': 200, 'num_leaves': 50}",0.025596316131339614
