,Gas,Model_name,CV_r2,CV_mse,test_r2_total_model,test_mse_by_total_model,test_r2_separa_model,test_mse_separa_model,best_param,kpg_pca_mse
0,CO2,ETR_separate,0.9150319113955441,1.1909906738402032,-1,-1,0.9118700418921675,0.9843116344175672,{'n_estimators': 180},0.028306693544693073
1,CO2,LGBM_separate,0.8977150889208078,1.485302250702484,-1,-1,0.886336979052915,1.2463457380256542,"{'learning_rate': 0.5, 'n_estimators': 200, 'num_leaves': 30}",0.028306693544693073
