,Gas,Model_name,CV_r2,CV_mse,test_r2_total_model,test_mse_by_total_model,test_r2_separa_model,test_mse_separa_model,best_param,kpg_pca_mse
0,CO2,ETR_separate,0.9277146230377727,1.0819563939815495,-1,-1,0.6527090107773119,2.054387637063946,{'n_estimators': 150},0.02705928333740611
1,CO2,LGBM_separate,0.9000859306550495,1.4986869528001847,-1,-1,0.668476775915915,2.2080545196746963,"{'learning_rate': 0.5, 'n_estimators': 200, 'num_leaves': 50}",0.02705928333740611
