,Gas,Model_name,CV_r2,CV_mse,test_r2_total_model,test_mse_by_total_model,test_r2_separa_model,test_mse_separa_model,best_param,kpg_pca_mse
0,CO2,ETR_separate,0.9385066005841946,0.8124895928764218,-1,-1,0.9265703960401828,0.835336409208959,{'n_estimators': 200},0.01792263769560125
1,CO2,LGBM_separate,0.943162297152711,0.753879448799274,-1,-1,0.9478219447403697,0.6398498769411852,"{'learning_rate': 0.5, 'n_estimators': 200, 'num_leaves': 50}",0.01792263769560125
