,Gas,Model_name,CV_r2,CV_mse,test_r2_total_model,test_mse_by_total_model,test_r2_separa_model,test_mse_separa_model,best_param,kpg_pca_mse
0,CO2,ETR_separate,0.9364829242625697,0.8167085332777997,-1,-1,0.9373962472757267,0.7605686952614023,{'n_estimators': 200},0.018056550144309867
1,CO2,LGBM_separate,0.941076600170733,0.7648763385652343,-1,-1,0.9544295145599181,0.6117467342551287,"{'learning_rate': 0.5, 'n_estimators': 200, 'num_leaves': 50}",0.018056550144309867
