,Gas,Model_name,CV_r2,CV_mse,test_r2_total_model,test_mse_by_total_model,test_r2_separa_model,test_mse_separa_model,best_param,kpg_pca_mse
0,CO2,ETR_separate,0.9092584303120945,1.1988775440978803,-1,-1,0.9064274822849102,1.1486065360094952,{'n_estimators': 200},0.027626370145649316
1,CO2,LGBM_separate,0.8904663744441701,1.465605659522095,-1,-1,0.894141560699014,1.139572940516893,"{'learning_rate': 0.5, 'n_estimators': 200, 'num_leaves': 30}",0.027626370145649316
