,Gas,Model_name,CV_r2,CV_mse,test_r2_total_model,test_mse_by_total_model,test_r2_separa_model,test_mse_separa_model,best_param,kpg_pca_mse
0,CO2,ETR_separate,0.9190123759728192,1.050803314403517,-1,-1,0.9069149245550079,1.1059737774638547,{'n_estimators': 180},0.024477186510008308
1,CO2,LGBM_separate,0.9072874157008153,1.1692914234458622,-1,-1,0.9173489640562021,1.0496022000273861,"{'learning_rate': 0.5, 'n_estimators': 200, 'num_leaves': 50}",0.024477186510008308
