,Gas,Model_name,CV_r2,CV_mse,test_r2_total_model,test_mse_by_total_model,test_r2_separa_model,test_mse_separa_model,best_param,kpg_pca_mse
0,CO2,ETR_separate,0.932589740115797,0.8636038022641429,-1,-1,0.9716892997027233,0.5553505207117775,{'n_estimators': 120},0.021218460303547394
1,CO2,LGBM_separate,0.9227434785993165,0.9739416570827336,-1,-1,0.9631978205430158,0.800580078784649,"{'learning_rate': 0.5, 'n_estimators': 200, 'num_leaves': 50}",0.021218460303547394
