,Gas,Model_name,CV_r2,CV_mse,test_r2_total_model,test_mse_by_total_model,test_r2_separa_model,test_mse_separa_model,best_param,kpg_pca_mse
0,CO2,ETR_separate,0.8958608214043601,1.4001758286450527,-1,-1,0.8605868137726055,0.7105904778911529,{'n_estimators': 180},0.027053329174999592
1,CO2,LGBM_separate,0.8824825669134968,1.6883776138320392,-1,-1,0.8147629930299138,0.8496153243592229,"{'learning_rate': 0.5, 'n_estimators': 200, 'num_leaves': 20}",0.027053329174999592
