,Gas,Model_name,CV_r2,CV_mse,test_r2_total_model,test_mse_by_total_model,test_r2_separa_model,test_mse_separa_model,best_param,kpg_pca_mse
0,CO2,ETR_separate,0.9327437637290108,0.8580354972812241,-1,-1,0.9356493881722615,0.7832194812369234,{'n_estimators': 180},0.018682850472474664
1,CO2,LGBM_separate,0.9377335764987009,0.8047837579922497,-1,-1,0.9567313703641027,0.5856558612622217,"{'learning_rate': 0.5, 'n_estimators': 200, 'num_leaves': 50}",0.018682850472474664
