,Gas,Model_name,CV_r2,CV_mse,test_r2_total_model,test_mse_by_total_model,test_r2_separa_model,test_mse_separa_model,best_param,kpg_pca_mse
0,CO2,ETR_separate,0.9401600191995898,0.7908440023785285,-1,-1,0.9478301618042958,0.945528457909413,{'n_estimators': 180},0.02084408231047332
1,CO2,LGBM_separate,0.9386084685483886,0.8094640696838308,-1,-1,0.930829521051059,1.203892295484495,"{'learning_rate': 0.5, 'n_estimators': 200, 'num_leaves': 50}",0.02084408231047332
