,Gas,Model_name,CV_r2,CV_mse,test_r2_total_model,test_mse_by_total_model,test_r2_separa_model,test_mse_separa_model,best_param,kpg_pca_mse
0,CO2,ETR_separate,0.9356100686893403,0.9218371376739609,-1,-1,0.9490371747370037,0.5079975965097938,{'n_estimators': 200},0.023322896837888473
1,CO2,LGBM_separate,0.9397592090467333,0.8647026339585683,-1,-1,0.9284879108217456,0.6430070782148762,"{'learning_rate': 0.5, 'n_estimators': 200, 'num_leaves': 50}",0.023322896837888473
