,Gas,Model_name,CV_r2,CV_mse,test_r2_total_model,test_mse_by_total_model,test_r2_separa_model,test_mse_separa_model,best_param,kpg_pca_mse
0,CO2,ETR_separate,0.9405216861906611,0.8066359131009078,-1,-1,0.9325533745432236,0.9161920664683991,{'n_estimators': 200},0.018818737485789168
1,CO2,LGBM_separate,0.9447097643496958,0.7527179561565188,-1,-1,0.9516301803528919,0.5970411422079505,"{'learning_rate': 0.5, 'n_estimators': 200, 'num_leaves': 50}",0.018818737485789168
