,Gas,Model_name,CV_r2,CV_mse,test_r2_total_model,test_mse_by_total_model,test_r2_separa_model,test_mse_separa_model,best_param,kpg_pca_mse
0,CO2,ETR_separate,0.9150300720917391,0.9739274326720746,-1,-1,0.8947541688569104,1.3172616226024976,{'n_estimators': 200},0.02640467387430695
1,CO2,LGBM_separate,0.8963506110920278,1.1900213992080357,-1,-1,0.8838448682209181,1.3885866054421308,"{'learning_rate': 0.5, 'n_estimators': 200, 'num_leaves': 50}",0.02640467387430695
