,Gas,Model_name,CV_r2,CV_mse,test_r2_total_model,test_mse_by_total_model,test_r2_separa_model,test_mse_separa_model,best_param,kpg_pca_mse
0,CO2,ETR_separate,0.9260770483916744,0.8614850371308996,-1,-1,0.9401067658818439,0.8658017029470113,{'n_estimators': 100},0.024870485800072735
1,CO2,LGBM_separate,0.9214610120558058,0.9253085404344384,-1,-1,0.9431763252942074,0.8774241640001227,"{'learning_rate': 0.5, 'n_estimators': 200, 'num_leaves': 50}",0.024870485800072735
