,Gas,Model_name,CV_r2,CV_mse,test_r2_total_model,test_mse_by_total_model,test_r2_separa_model,test_mse_separa_model,best_param,kpg_pca_mse
0,CO2,ETR_separate,0.9111683905982844,0.9642468783369986,-1,-1,0.9100212478531378,0.9857819948159182,{'n_estimators': 200},0.029174273918478745
1,CO2,LGBM_separate,0.8845331131456644,1.2487724233963522,-1,-1,0.9225573146464996,0.9277617846533884,"{'learning_rate': 0.5, 'n_estimators': 200, 'num_leaves': 30}",0.029174273918478745
