,Gas,Model_name,CV_r2,CV_mse,test_r2_total_model,test_mse_by_total_model,test_r2_separa_model,test_mse_separa_model,best_param,kpg_pca_mse
0,CO2,ETR_separate,0.9361577113514482,0.8299280718767404,-1,-1,0.9372333342681592,0.8054710570991808,{'n_estimators': 120},0.020029654654932054
1,CO2,LGBM_separate,0.9397061936340627,0.7942925402262848,-1,-1,0.9335926101952223,0.9186965623452568,"{'learning_rate': 0.5, 'n_estimators': 200, 'num_leaves': 50}",0.020029654654932054
