,Gas,Model_name,CV_r2,CV_mse,test_r2_total_model,test_mse_by_total_model,test_r2_separa_model,test_mse_separa_model,best_param,kpg_pca_mse
0,CO2,ETR_separate,0.9012306092128523,1.174302212011081,-1,-1,0.8186083738098247,0.9543494779009568,{'n_estimators': 100},0.02612257613477468
1,CO2,LGBM_separate,0.8800301960409629,1.4223350400176655,-1,-1,0.7574452642822604,1.2329487087812603,"{'learning_rate': 0.5, 'n_estimators': 200, 'num_leaves': 20}",0.02612257613477468
