,Gas,Model_name,CV_r2,CV_mse,test_r2_total_model,test_mse_by_total_model,test_r2_separa_model,test_mse_separa_model,best_param,kpg_pca_mse
0,CO2,ETR_separate,0.9324229147906943,0.8942880059619924,-1,-1,0.8758155977001612,0.4229728562773782,{'n_estimators': 200},0.01978480906072657
1,CO2,LGBM_separate,0.9377689038914173,0.8262431748703998,-1,-1,0.8771849121104782,0.43108624710830035,"{'learning_rate': 0.5, 'n_estimators': 200, 'num_leaves': 50}",0.01978480906072657
