,Gas,Model_name,CV_r2,CV_mse,test_r2_total_model,test_mse_by_total_model,test_r2_separa_model,test_mse_separa_model,best_param,kpg_pca_mse
0,CO2,ETR_separate,0.8649216530033883,1.267263183242126,-1,-1,0.7751023440798536,4.046747014489462,{'n_estimators': 100},0.03400860956318876
1,CO2,LGBM_separate,0.8420023673728385,1.5596823069595005,-1,-1,0.792017995214412,4.293242086133947,"{'learning_rate': 0.5, 'n_estimators': 200, 'num_leaves': 30}",0.03400860956318876
