,Gas,Model_name,CV_r2,CV_mse,test_r2_total_model,test_mse_by_total_model,test_r2_separa_model,test_mse_separa_model,best_param,kpg_pca_mse
0,CO2,ETR_separate,0.9109809387324267,1.0520464432685366,-1,-1,0.8385680040255353,0.8903269593056623,{'n_estimators': 200},0.027185021104892237
1,CO2,LGBM_separate,0.8790902646635363,1.4378126007225385,-1,-1,0.7330523833511442,1.37987635714658,"{'learning_rate': 0.5, 'n_estimators': 200, 'num_leaves': 30}",0.027185021104892237
