,Gas,Model_name,CV_r2,CV_mse,test_r2_total_model,test_mse_by_total_model,test_r2_separa_model,test_mse_separa_model,best_param,kpg_pca_mse
0,CO2,ETR_separate,0.9344680827518322,0.8469318044803188,-1,-1,0.9389291324603661,0.7511494082533254,{'n_estimators': 200},0.019267315544719086
1,CO2,LGBM_separate,0.9354616646069147,0.8322492056235621,-1,-1,0.9616719857767285,0.5133087102799584,"{'learning_rate': 0.5, 'n_estimators': 200, 'num_leaves': 50}",0.019267315544719086
