,Gas,Model_name,CV_r2,CV_mse,test_r2_total_model,test_mse_by_total_model,test_r2_separa_model,test_mse_separa_model,best_param,kpg_pca_mse
0,CO2,ETR_separate,0.9159778967271144,0.9744815372969065,-1,-1,0.8876030694153065,0.6051016289263467,{'n_estimators': 200},0.025044362045194363
1,CO2,LGBM_separate,0.9104490197579015,1.0439607286069001,-1,-1,0.8899722190065347,0.6310429211888479,"{'learning_rate': 0.5, 'n_estimators': 200, 'num_leaves': 50}",0.025044362045194363
