,Gas,Model_name,CV_r2,CV_mse,test_r2_total_model,test_mse_by_total_model,test_r2_separa_model,test_mse_separa_model,best_param,kpg_pca_mse
0,CO2,ETR_separate,0.9385707463743737,0.8616213396354272,-1,-1,0.8977077538969808,0.5692317705305264,{'n_estimators': 180},0.020440396133857362
1,CO2,LGBM_separate,0.9368783460703124,0.8849102730162046,-1,-1,0.8838222809555658,0.5867581181444852,"{'learning_rate': 0.5, 'n_estimators': 200, 'num_leaves': 50}",0.020440396133857362
