,Gas,Model_name,CV_r2,CV_mse,test_r2_total_model,test_mse_by_total_model,test_r2_separa_model,test_mse_separa_model,best_param,kpg_pca_mse
0,CO2,ETR_separate,0.9384559788324232,0.8422678142287051,-1,-1,0.9457567504584943,0.9290723038530924,{'n_estimators': 180},0.01995138063799711
1,CO2,LGBM_separate,0.9407515418270312,0.8234316576739381,-1,-1,0.9621124100625974,0.6562844722852323,"{'learning_rate': 0.5, 'n_estimators': 200, 'num_leaves': 50}",0.01995138063799711
