,Gas,Model_name,CV_r2,CV_mse,test_r2_total_model,test_mse_by_total_model,test_r2_separa_model,test_mse_separa_model,best_param,kpg_pca_mse
0,CO2,ETR_separate,0.9050131202662153,1.2400898703328889,-1,-1,0.9191691727746292,0.6445172926413509,{'n_estimators': 200},0.029711588102605897
1,CO2,LGBM_separate,0.8906804181675358,1.3987104400742736,-1,-1,0.8849521052203974,1.0113739072888477,"{'learning_rate': 0.5, 'n_estimators': 200, 'num_leaves': 50}",0.029711588102605897
