,Gas,Model_name,CV_r2,CV_mse,test_r2_total_model,test_mse_by_total_model,test_r2_separa_model,test_mse_separa_model,best_param,kpg_pca_mse
0,CO2,ETR_separate,0.924247116413745,0.9008556415905271,-1,-1,0.9422760828696727,0.8167319974184449,{'n_estimators': 200},0.02633717462813943
1,CO2,LGBM_separate,0.9199442427921429,0.9386483412836825,-1,-1,0.9337585093207262,0.9021063155592107,"{'learning_rate': 0.5, 'n_estimators': 200, 'num_leaves': 50}",0.02633717462813943
