,Gas,Model_name,CV_r2,CV_mse,test_r2_total_model,test_mse_by_total_model,test_r2_separa_model,test_mse_separa_model,best_param,kpg_pca_mse
0,CO2,ETR_separate,0.9332142780001658,0.8689303627587026,-1,-1,0.8739589122261062,0.7953020911949223,{'n_estimators': 200},0.020097700570430255
1,CO2,LGBM_separate,0.9337747032392365,0.8620733531215695,-1,-1,0.8802153399663917,0.6758116464041569,"{'learning_rate': 0.5, 'n_estimators': 200, 'num_leaves': 50}",0.020097700570430255
