,Gas,Model_name,CV_r2,CV_mse,test_r2_total_model,test_mse_by_total_model,test_r2_separa_model,test_mse_separa_model,best_param,kpg_pca_mse
0,CO2,ETR_separate,0.9328918729971395,0.9055805674178344,-1,-1,0.9318650247000738,0.7490834182787192,{'n_estimators': 180},0.020172300257266094
1,CO2,LGBM_separate,0.9325300564930737,0.9074714407915735,-1,-1,0.950979184740166,0.5671770856999923,"{'learning_rate': 0.5, 'n_estimators': 200, 'num_leaves': 50}",0.020172300257266094
