,Gas,Model_name,CV_r2,CV_mse,test_r2_total_model,test_mse_by_total_model,test_r2_separa_model,test_mse_separa_model,best_param,kpg_pca_mse
0,CO2,ETR_separate,0.9140376405559572,0.9416812827271489,-1,-1,0.8872550612862518,1.6274033361216194,{'n_estimators': 180},0.030395548523439342
1,CO2,LGBM_separate,0.8929658113112925,1.1948186180529292,-1,-1,0.8731220632213454,1.8608599961306833,"{'learning_rate': 0.5, 'n_estimators': 200, 'num_leaves': 20}",0.030395548523439342
