,Gas,Model_name,CV_r2,CV_mse,test_r2_total_model,test_mse_by_total_model,test_r2_separa_model,test_mse_separa_model,best_param,kpg_pca_mse
0,CO2,ETR_separate,0.9319984251710742,0.9554550858980579,-1,-1,0.8505899379259063,0.9821935200395462,{'n_estimators': 180},0.024428549558672217
1,CO2,LGBM_separate,0.9180145963386064,1.1569406403072826,-1,-1,0.9039942277333348,0.6532910438018629,"{'learning_rate': 0.5, 'n_estimators': 200, 'num_leaves': 50}",0.024428549558672217
