,Gas,Model_name,CV_r2,CV_mse,test_r2_total_model,test_mse_by_total_model,test_r2_separa_model,test_mse_separa_model,best_param,kpg_pca_mse
0,CO2,ETR_separate,0.9207417454817438,0.9665596727036133,-1,-1,0.85225629993675,1.4257721584631773,{'n_estimators': 180},0.02443793455632857
1,CO2,LGBM_separate,0.9094339392825675,1.127091651319523,-1,-1,0.8976410399495689,1.1931208856774715,"{'learning_rate': 0.5, 'n_estimators': 200, 'num_leaves': 50}",0.02443793455632857
