,Gas,Model_name,CV_r2,CV_mse,test_r2_total_model,test_mse_by_total_model,test_r2_separa_model,test_mse_separa_model,best_param,kpg_pca_mse
0,CO2,ETR_separate,0.9206785596571404,1.1393086953424887,-1,-1,0.9009562986180898,1.2282640753033869,{'n_estimators': 200},0.024833703824331352
1,CO2,LGBM_separate,0.9148944398679987,1.216213930263002,-1,-1,0.8978667074246276,1.411123421740523,"{'learning_rate': 0.5, 'n_estimators': 200, 'num_leaves': 50}",0.024833703824331352
