,Gas,Model_name,CV_r2,CV_mse,test_r2_total_model,test_mse_by_total_model,test_r2_separa_model,test_mse_separa_model,best_param,kpg_pca_mse
0,CO2,ETR_separate,0.930929134240791,0.9599477763634926,-1,-1,0.9284918972948596,0.9124330545432441,{'n_estimators': 180},0.02600153049184632
1,CO2,LGBM_separate,0.9259179521091664,1.0619662733463842,-1,-1,0.9173356667831201,1.1208929581709282,"{'learning_rate': 0.5, 'n_estimators': 200, 'num_leaves': 50}",0.02600153049184632
