,Gas,Model_name,CV_r2,CV_mse,test_r2_total_model,test_mse_by_total_model,test_r2_separa_model,test_mse_separa_model,best_param,kpg_pca_mse
0,CO2,ETR_separate,0.9326450892324152,0.8366040365766952,-1,-1,0.9410310498761268,0.820056699033206,{'n_estimators': 200},0.024177392849166337
1,CO2,LGBM_separate,0.9291840776063853,0.8731782871120956,-1,-1,0.9367050826197965,0.8965171492931683,"{'learning_rate': 0.5, 'n_estimators': 200, 'num_leaves': 50}",0.024177392849166337
