,Gas,Model_name,CV_r2,CV_mse,test_r2_total_model,test_mse_by_total_model,test_r2_separa_model,test_mse_separa_model,best_param,kpg_pca_mse
0,CO2,ETR_separate,0.9341059798108031,0.8607844128308637,-1,-1,0.8975486088699977,0.5603423177875304,{'n_estimators': 200},0.020752600917757193
1,CO2,LGBM_separate,0.9386305851644112,0.8165381227526737,-1,-1,0.8915719122778466,0.5848589929370813,"{'learning_rate': 0.5, 'n_estimators': 200, 'num_leaves': 50}",0.020752600917757193
