,Gas,Model_name,CV_r2,CV_mse,test_r2_total_model,test_mse_by_total_model,test_r2_separa_model,test_mse_separa_model,best_param,kpg_pca_mse
0,CO2,ETR_separate,0.9259265041169099,0.9704946714076069,-1,-1,0.8569924331032923,0.801088054671827,{'n_estimators': 200},0.026196162424560764
1,CO2,LGBM_separate,0.9136548174955748,1.1051199738725548,-1,-1,0.8002773637256713,1.1205091106025633,"{'learning_rate': 0.5, 'n_estimators': 200, 'num_leaves': 50}",0.026196162424560764
