,Gas,Model_name,CV_r2,CV_mse,test_r2_total_model,test_mse_by_total_model,test_r2_separa_model,test_mse_separa_model,best_param,kpg_pca_mse
0,CO2,ETR_separate,0.9323464405495072,0.9202808767392053,-1,-1,0.9306050435083099,0.809879687065012,{'n_estimators': 180},0.02085406335485792
1,CO2,LGBM_separate,0.9345743520556908,0.8825274409081085,-1,-1,0.9391860295102719,0.7868742385713137,"{'learning_rate': 0.5, 'n_estimators': 200, 'num_leaves': 50}",0.02085406335485792
