,Gas,Model_name,CV_r2,CV_mse,test_r2_total_model,test_mse_by_total_model,test_r2_separa_model,test_mse_separa_model,best_param,kpg_pca_mse
0,CO2,ETR_separate,0.9199957728712865,0.9794711044154291,-1,-1,0.9192737158234285,0.9735303178619085,{'n_estimators': 200},0.026792612945126713
1,CO2,LGBM_separate,0.899937988050403,1.2218275733231956,-1,-1,0.8966478665688823,1.1839541813193528,"{'learning_rate': 0.5, 'n_estimators': 200, 'num_leaves': 30}",0.026792612945126713
