,Gas,Model_name,CV_r2,CV_mse,test_r2_total_model,test_mse_by_total_model,test_r2_separa_model,test_mse_separa_model,best_param,kpg_pca_mse
0,CO2,ETR_separate,0.9320404933230926,0.8396268325315022,-1,-1,0.9007044711326712,1.0518112931838466,{'n_estimators': 200},0.021237112486314436
1,CO2,LGBM_separate,0.9343766190700862,0.8146295683922986,-1,-1,0.9347067496843985,0.6807633621369867,"{'learning_rate': 0.5, 'n_estimators': 200, 'num_leaves': 50}",0.021237112486314436
