,Gas,Model_name,CV_r2,CV_mse,test_r2_total_model,test_mse_by_total_model,test_r2_separa_model,test_mse_separa_model,best_param,kpg_pca_mse
0,CO2,ETR_separate,0.9199100954092814,1.0787723672754788,-1,-1,0.8369539315095271,1.0395780020112064,{'n_estimators': 200},0.025850978683210745
1,CO2,LGBM_separate,0.8897005198684514,1.495079164818598,-1,-1,0.8406936076736531,1.0135988043918367,"{'learning_rate': 0.5, 'n_estimators': 200, 'num_leaves': 50}",0.025850978683210745
