,Gas,Model_name,CV_r2,CV_mse,test_r2_total_model,test_mse_by_total_model,test_r2_separa_model,test_mse_separa_model,best_param,kpg_pca_mse
0,CO2,ETR_separate,0.9409669560068796,0.777127026683768,-1,-1,0.9307764273899841,0.837669096973364,{'n_estimators': 180},0.018644190675796528
1,CO2,LGBM_separate,0.940729248248865,0.7752287554005339,-1,-1,0.9397079675833346,0.7429415307501152,"{'learning_rate': 0.5, 'n_estimators': 200, 'num_leaves': 50}",0.018644190675796528
