,Gas,Model_name,CV_r2,CV_mse,test_r2_total_model,test_mse_by_total_model,test_r2_separa_model,test_mse_separa_model,best_param,kpg_pca_mse
0,CO2,ETR_separate,0.9391860753808148,0.7793612033044763,-1,-1,0.9623283272455045,0.47881063187517625,{'n_estimators': 180},0.01821817736281166
1,CO2,LGBM_separate,0.9414773123421597,0.7505657547014483,-1,-1,0.9682122564663332,0.4216256024236824,"{'learning_rate': 0.5, 'n_estimators': 200, 'num_leaves': 50}",0.01821817736281166
