,Gas,Model_name,CV_r2,CV_mse,test_r2_total_model,test_mse_by_total_model,test_r2_separa_model,test_mse_separa_model,best_param,kpg_pca_mse
0,CO2,ETR_separate,0.9092109852424983,1.1736109027279866,-1,-1,0.8424199131738991,1.005509686494485,{'n_estimators': 200},0.025699869655901552
1,CO2,LGBM_separate,0.8950492429005441,1.3190017094700965,-1,-1,0.8810209249169791,0.7379165549627151,"{'learning_rate': 0.5, 'n_estimators': 200, 'num_leaves': 50}",0.025699869655901552
