,Gas,Model_name,CV_r2,CV_mse,test_r2_total_model,test_mse_by_total_model,test_r2_separa_model,test_mse_separa_model,best_param,kpg_pca_mse
0,CO2,ETR_separate,0.9373851381305036,0.8750109027361589,-1,-1,0.9477588754127744,0.48930784001657757,{'n_estimators': 200},0.0207258442997003
1,CO2,LGBM_separate,0.9406432391167355,0.8311884205250435,-1,-1,0.9364930013674171,0.6107341977919231,"{'learning_rate': 0.5, 'n_estimators': 200, 'num_leaves': 50}",0.0207258442997003
