,Gas,Model_name,CV_r2,CV_mse,test_r2_total_model,test_mse_by_total_model,test_r2_separa_model,test_mse_separa_model,best_param,kpg_pca_mse
0,CO2,ETR_separate,0.9346848455700913,0.8730599147809807,-1,-1,0.9583378905165796,0.4988277681998835,{'n_estimators': 200},0.021587814648302516
1,CO2,LGBM_separate,0.9345166752509044,0.9039453147297258,-1,-1,0.9494742473031985,0.6410263086795013,"{'learning_rate': 0.5, 'n_estimators': 200, 'num_leaves': 50}",0.021587814648302516
