,Gas,Model_name,CV_r2,CV_mse,test_r2_total_model,test_mse_by_total_model,test_r2_separa_model,test_mse_separa_model,best_param,kpg_pca_mse
0,CO2,ETR_separate,0.9308143110699975,0.867512759512407,-1,-1,0.8813998664683614,0.6794416965173941,{'n_estimators': 180},0.02218892243643119
1,CO2,LGBM_separate,0.9275178936844715,0.9199201941982015,-1,-1,0.9220391529347997,0.44836550782978507,"{'learning_rate': 0.5, 'n_estimators': 200, 'num_leaves': 50}",0.02218892243643119
