,Gas,Model_name,CV_r2,CV_mse,test_r2_total_model,test_mse_by_total_model,test_r2_separa_model,test_mse_separa_model,best_param,kpg_pca_mse
0,CO2,ETR_separate,0.909149232571775,1.1162101727308529,-1,-1,0.9198550716903244,0.8829578998226134,{'n_estimators': 200},0.032524381217129944
1,CO2,LGBM_separate,0.8897326220072014,1.3354459208666416,-1,-1,0.9382363867049912,0.8301229052281003,"{'learning_rate': 0.5, 'n_estimators': 200, 'num_leaves': 50}",0.032524381217129944
