,Gas,Model_name,CV_r2,CV_mse,test_r2_total_model,test_mse_by_total_model,test_r2_separa_model,test_mse_separa_model,best_param,kpg_pca_mse
0,CO2,ETR_separate,0.9159678915523466,0.9377936613847279,-1,-1,0.898391700330448,1.0796442889289188,{'n_estimators': 200},0.023143684584322914
1,CO2,LGBM_separate,0.9146825114639323,0.9662506767314936,-1,-1,0.8955712096882159,1.0329456912882653,"{'learning_rate': 0.5, 'n_estimators': 200, 'num_leaves': 50}",0.023143684584322914
