,Gas,Model_name,CV_r2,CV_mse,test_r2_total_model,test_mse_by_total_model,test_r2_separa_model,test_mse_separa_model,best_param,kpg_pca_mse
0,CO2,ETR_separate,0.939875284592944,0.8202967837805784,-1,-1,0.9316914261293318,0.9639032374497729,{'n_estimators': 180},0.01976935279556301
1,CO2,LGBM_separate,0.9426328290391496,0.7868214988838668,-1,-1,0.9399277655670931,0.7505115423970313,"{'learning_rate': 0.5, 'n_estimators': 200, 'num_leaves': 50}",0.01976935279556301
