,Gas,Model_name,CV_r2,CV_mse,test_r2_total_model,test_mse_by_total_model,test_r2_separa_model,test_mse_separa_model,best_param,kpg_pca_mse
0,CO2,ETR_separate,0.880642536871252,1.4551886892441082,-1,-1,0.6348898699666896,4.739355682528242,{'n_estimators': 180},0.030720198703589403
1,CO2,LGBM_separate,0.8577535187033429,1.6525449960875798,-1,-1,0.7032661918195855,4.1559976119749855,"{'learning_rate': 0.5, 'n_estimators': 200, 'num_leaves': 20}",0.030720198703589403
