,Gas,Model_name,CV_r2,CV_mse,test_r2_total_model,test_mse_by_total_model,test_r2_separa_model,test_mse_separa_model,best_param,kpg_pca_mse
0,CO2,ETR_separate,0.9268740352405149,0.8814389723529674,-1,-1,0.9233959237734279,1.7129325121244419,{'n_estimators': 180},0.0236130672074524
1,CO2,LGBM_separate,0.9225541082052559,0.9364545321713734,-1,-1,0.8444821537095744,2.9763306642642924,"{'learning_rate': 0.5, 'n_estimators': 200, 'num_leaves': 50}",0.0236130672074524
