,Gas,Model_name,CV_r2,CV_mse,test_r2_total_model,test_mse_by_total_model,test_r2_separa_model,test_mse_separa_model,best_param,kpg_pca_mse
0,CO2,ETR_separate,0.9273410743940833,0.9850060111174704,-1,-1,0.8874470717590158,0.5568827824916343,{'n_estimators': 180},0.022671377966840926
1,CO2,LGBM_separate,0.924631712723941,1.0247143967724883,-1,-1,0.853634819311574,0.7109981951695776,"{'learning_rate': 0.5, 'n_estimators': 200, 'num_leaves': 20}",0.022671377966840926
