,Gas,Model_name,CV_r2,CV_mse,test_r2_total_model,test_mse_by_total_model,test_r2_separa_model,test_mse_separa_model,best_param,kpg_pca_mse
0,CO2,ETR_separate,0.9296985666020579,0.9133341347835868,-1,-1,0.8954071927627146,0.5810724750916838,{'n_estimators': 150},0.022514687935394503
1,CO2,LGBM_separate,0.9211329338126039,1.0234275054303328,-1,-1,0.9052129321147293,0.5642885659249214,"{'learning_rate': 0.5, 'n_estimators': 200, 'num_leaves': 50}",0.022514687935394503
