,Gas,Model_name,CV_r2,CV_mse,test_r2_total_model,test_mse_by_total_model,test_r2_separa_model,test_mse_separa_model,best_param,kpg_pca_mse
0,CO2,ETR_separate,0.9380680580086356,0.9245964688630404,-1,-1,0.9716512635040581,0.5476068310469993,{'n_estimators': 100},0.023345919186576365
1,CO2,LGBM_separate,0.9184620812122997,1.2305094182796505,-1,-1,0.9550133617265291,0.9084270830693213,"{'learning_rate': 0.5, 'n_estimators': 200, 'num_leaves': 50}",0.023345919186576365
