,Gas,Model_name,CV_r2,CV_mse,test_r2_total_model,test_mse_by_total_model,test_r2_separa_model,test_mse_separa_model,best_param,kpg_pca_mse
0,CO2,ETR_separate,0.9272080335669622,1.1924945393370812,-1,-1,0.9600618499942009,0.5239436496068259,{'n_estimators': 180},0.023630421441333743
1,CO2,LGBM_separate,0.9216360588428871,1.280033666678458,-1,-1,0.9452225916324442,0.701021913252243,"{'learning_rate': 0.5, 'n_estimators': 200, 'num_leaves': 30}",0.023630421441333743
