,Gas,Model_name,CV_r2,CV_mse,test_r2_total_model,test_mse_by_total_model,test_r2_separa_model,test_mse_separa_model,best_param,kpg_pca_mse
0,CO2,ETR_separate,0.9348834767958284,0.8862478363505047,-1,-1,0.9051169115739773,1.0826499455154843,{'n_estimators': 180},0.019621763852901215
1,CO2,LGBM_separate,0.9343370306698159,0.8969756339468271,-1,-1,0.8882940829706443,1.4245292059951542,"{'learning_rate': 0.5, 'n_estimators': 200, 'num_leaves': 50}",0.019621763852901215
