,Gas,Model_name,CV_r2,CV_mse,test_r2_total_model,test_mse_by_total_model,test_r2_separa_model,test_mse_separa_model,best_param,kpg_pca_mse
0,CO2,ETR_separate,0.9325692633481827,0.878336116212088,-1,-1,0.9015105093281698,0.9825981884387422,{'n_estimators': 100},0.02074278277689652
1,CO2,LGBM_separate,0.9387262689943541,0.7977336288513162,-1,-1,0.8903866079618565,1.2618034875752815,"{'learning_rate': 0.5, 'n_estimators': 200, 'num_leaves': 50}",0.02074278277689652
