,Gas,Model_name,CV_r2,CV_mse,test_r2_total_model,test_mse_by_total_model,test_r2_separa_model,test_mse_separa_model,best_param,kpg_pca_mse
0,CO2,ETR_separate,0.9060023067290143,1.3942744467337207,-1,-1,0.8582216531739302,0.9993953738933351,{'n_estimators': 120},0.03155230731200913
1,CO2,LGBM_separate,0.8910247811457541,1.5749480441006796,-1,-1,0.8225579461724268,1.4692076494831428,"{'learning_rate': 0.5, 'n_estimators': 200, 'num_leaves': 30}",0.03155230731200913
