,Gas,Model_name,CV_r2,CV_mse,test_r2_total_model,test_mse_by_total_model,test_r2_separa_model,test_mse_separa_model,best_param,kpg_pca_mse
0,CO2,ETR_separate,0.916871359509115,0.96498388270854,-1,-1,0.9094743156821783,0.9229062691312405,{'n_estimators': 180},0.030544949664571747
1,CO2,LGBM_separate,0.9207340661765123,0.9328660584148123,-1,-1,0.9105030544969228,0.9492699066696465,"{'learning_rate': 0.5, 'n_estimators': 200, 'num_leaves': 30}",0.030544949664571747
