,Gas,Model_name,CV_r2,CV_mse,test_r2_total_model,test_mse_by_total_model,test_r2_separa_model,test_mse_separa_model,best_param,kpg_pca_mse
0,CO2,ETR_separate,0.9079537940928029,1.2144210747572763,-1,-1,0.9039916581791118,0.8927327492687293,{'n_estimators': 200},0.027124999368903342
1,CO2,LGBM_separate,0.9025704032143359,1.2737574044872093,-1,-1,0.9362472259997925,0.709763124757158,"{'learning_rate': 0.5, 'n_estimators': 200, 'num_leaves': 20}",0.027124999368903342
