,Gas,Model_name,CV_r2,CV_mse,test_r2_total_model,test_mse_by_total_model,test_r2_separa_model,test_mse_separa_model,best_param,kpg_pca_mse
0,CO2,ETR_separate,0.9335981417326797,0.9219753196505476,-1,-1,0.9545484228126268,0.5994912423210204,{'n_estimators': 180},0.023276027727518994
1,CO2,LGBM_separate,0.9314856515392511,0.9654416729392178,-1,-1,0.9614507171826898,0.49849501995368645,"{'learning_rate': 0.5, 'n_estimators': 200, 'num_leaves': 50}",0.023276027727518994
