,Gas,Model_name,CV_r2,CV_mse,test_r2_total_model,test_mse_by_total_model,test_r2_separa_model,test_mse_separa_model,best_param,kpg_pca_mse
0,CO2,ETR_separate,0.9364691916531287,0.8343244036714126,-1,-1,0.8167521317718679,1.251472873397162,{'n_estimators': 200},0.019877488908997792
1,CO2,LGBM_separate,0.9434418716168432,0.7519860849989817,-1,-1,0.7605152758994883,1.575444681004213,"{'learning_rate': 0.5, 'n_estimators': 200, 'num_leaves': 50}",0.019877488908997792
