,Gas,Model_name,CV_r2,CV_mse,test_r2_total_model,test_mse_by_total_model,test_r2_separa_model,test_mse_separa_model,best_param,kpg_pca_mse
0,CO2,ETR_separate,0.9352958285175225,0.8724600660611561,-1,-1,0.9463748613128865,1.0518978800651617,{'n_estimators': 200},0.0212944411759741
1,CO2,LGBM_separate,0.929046613825174,0.9489035988569657,-1,-1,0.9501258484936509,1.008360549858749,"{'learning_rate': 0.5, 'n_estimators': 200, 'num_leaves': 50}",0.0212944411759741
