,Gas,Model_name,CV_r2,CV_mse,test_r2_total_model,test_mse_by_total_model,test_r2_separa_model,test_mse_separa_model,best_param,kpg_pca_mse
0,CO2,ETR_separate,0.9276897412904106,0.9330855876528432,-1,-1,0.9666062414801954,0.6578621029962413,{'n_estimators': 180},0.020342784927548277
1,CO2,LGBM_separate,0.9231714903482888,1.0115831397534802,-1,-1,0.9581608274604361,0.8897638879720884,"{'learning_rate': 0.5, 'n_estimators': 200, 'num_leaves': 50}",0.020342784927548277
