,Gas,Model_name,CV_r2,CV_mse,test_r2_total_model,test_mse_by_total_model,test_r2_separa_model,test_mse_separa_model,best_param,kpg_pca_mse
0,CO2,ETR_separate,0.9272566256184005,1.050928513253071,-1,-1,0.9154889447932061,0.9263907959793518,{'n_estimators': 200},0.0246742655868063
1,CO2,LGBM_separate,0.9143537582097876,1.221668400357451,-1,-1,0.9199475508807271,0.9722476573193738,"{'learning_rate': 0.5, 'n_estimators': 200, 'num_leaves': 50}",0.0246742655868063
