,Gas,Model_name,CV_r2,CV_mse,test_r2_total_model,test_mse_by_total_model,test_r2_separa_model,test_mse_separa_model,best_param,kpg_pca_mse
0,CO2,ETR_separate,0.9188792504923666,0.994468258763713,-1,-1,0.9125447315467576,1.0158377499046825,{'n_estimators': 180},0.027523512166756907
1,CO2,LGBM_separate,0.9031624801528227,1.1680840295495374,-1,-1,0.9158182369333789,1.0210521175327667,"{'learning_rate': 0.5, 'n_estimators': 200, 'num_leaves': 50}",0.027523512166756907
