,Gas,Model_name,CV_r2,CV_mse,test_r2_total_model,test_mse_by_total_model,test_r2_separa_model,test_mse_separa_model,best_param,kpg_pca_mse
0,CO2,ETR_separate,0.9410462236038699,0.8058603261707284,-1,-1,0.875447567111104,0.7830910423670889,{'n_estimators': 200},0.019125120213926265
1,CO2,LGBM_separate,0.941252482808969,0.8069849427505214,-1,-1,0.926298372592145,0.44287654280184163,"{'learning_rate': 0.5, 'n_estimators': 200, 'num_leaves': 50}",0.019125120213926265
