,Gas,Model_name,CV_r2,CV_mse,test_r2_total_model,test_mse_by_total_model,test_r2_separa_model,test_mse_separa_model,best_param,kpg_pca_mse
0,CO2,ETR_separate,0.9396403023639456,0.8285195744585947,-1,-1,0.8862203406467426,0.6813990249157249,{'n_estimators': 200},0.018842246428980868
1,CO2,LGBM_separate,0.9455100148521295,0.7510992002903327,-1,-1,0.9267103987492322,0.4151736040747122,"{'learning_rate': 0.5, 'n_estimators': 200, 'num_leaves': 50}",0.018842246428980868
