,Gas,Model_name,CV_r2,CV_mse,test_r2_total_model,test_mse_by_total_model,test_r2_separa_model,test_mse_separa_model,best_param,kpg_pca_mse
0,CO2,ETR_separate,0.8954287703598108,2.0405941295094054,-1,-1,0.6845147835403931,1.9475480308114672,{'n_estimators': 120},0.029255585393706922
1,CO2,LGBM_separate,0.8998782674871653,1.8533237171610832,-1,-1,0.49881747096252227,2.6154155989381693,"{'learning_rate': 0.5, 'n_estimators': 200, 'num_leaves': 10}",0.029255585393706922
