,Gas,Model_name,CV_r2,CV_mse,test_r2_total_model,test_mse_by_total_model,test_r2_separa_model,test_mse_separa_model,best_param,kpg_pca_mse
0,CO2,ETR_separate,0.9372699597181422,0.8444175369592575,-1,-1,0.9524674505318576,0.9812962874833626,{'n_estimators': 180},0.022514787613087034
1,CO2,LGBM_separate,0.9308573480113861,0.942029528464543,-1,-1,0.9677433409650674,0.6145975257075974,"{'learning_rate': 0.5, 'n_estimators': 200, 'num_leaves': 50}",0.022514787613087034
