,Gas,Model_name,CV_r2,CV_mse,test_r2_total_model,test_mse_by_total_model,test_r2_separa_model,test_mse_separa_model,best_param,kpg_pca_mse
0,CO2,ETR_separate,0.9205318743093389,1.1576064340181023,-1,-1,0.9403975472910497,0.5960755995158679,{'n_estimators': 180},0.025379652877079058
1,CO2,LGBM_separate,0.9090268712713717,1.3146635369254913,-1,-1,0.9377035527581856,0.685326506257103,"{'learning_rate': 0.5, 'n_estimators': 200, 'num_leaves': 30}",0.025379652877079058
