,Gas,Model_name,CV_r2,CV_mse,test_r2_total_model,test_mse_by_total_model,test_r2_separa_model,test_mse_separa_model,best_param,kpg_pca_mse
0,CO2,ETR_separate,0.9395836279758496,0.8428646597824795,-1,-1,0.912904036523136,0.9949634295790328,{'n_estimators': 200},0.02479344646909234
1,CO2,LGBM_separate,0.9321582695471118,0.9461028127383304,-1,-1,0.919414234426616,1.0177339864221169,"{'learning_rate': 0.5, 'n_estimators': 200, 'num_leaves': 50}",0.02479344646909234
