,Gas,Model_name,CV_r2,CV_mse,test_r2_total_model,test_mse_by_total_model,test_r2_separa_model,test_mse_separa_model,best_param,kpg_pca_mse
0,CO2,ETR_separate,0.9394647344626555,0.8158298255443464,-1,-1,0.8876618954796893,0.6835641832535466,{'n_estimators': 180},0.018552714382243776
1,CO2,LGBM_separate,0.9435521275577046,0.7637605971660004,-1,-1,0.9211886181180313,0.5890591101022205,"{'learning_rate': 0.5, 'n_estimators': 200, 'num_leaves': 50}",0.018552714382243776
