,Gas,Model_name,CV_r2,CV_mse,test_r2_total_model,test_mse_by_total_model,test_r2_separa_model,test_mse_separa_model,best_param,kpg_pca_mse
0,CO2,ETR_separate,0.9323401773632176,0.9385464295683652,-1,-1,0.8952342866220455,1.2549309949863423,{'n_estimators': 120},0.021699062833784016
1,CO2,LGBM_separate,0.9229806347476119,1.0673874866489566,-1,-1,0.9295334683153297,0.8796977619796656,"{'learning_rate': 0.5, 'n_estimators': 200, 'num_leaves': 50}",0.021699062833784016
