,Gas,Model_name,CV_r2,CV_mse,test_r2_total_model,test_mse_by_total_model,test_r2_separa_model,test_mse_separa_model,best_param,kpg_pca_mse
0,CO2,ETR_separate,0.9381343276662415,0.8049219868436468,-1,-1,0.9693034875308617,0.5849614155881063,{'n_estimators': 180},0.01812867844246075
1,CO2,LGBM_separate,0.9417830938633875,0.7708609848925706,-1,-1,0.9719293026894013,0.6063076626626391,"{'learning_rate': 0.5, 'n_estimators': 200, 'num_leaves': 50}",0.01812867844246075
