,Gas,Model_name,CV_r2,CV_mse,test_r2_total_model,test_mse_by_total_model,test_r2_separa_model,test_mse_separa_model,best_param,kpg_pca_mse
0,CO2,ETR_separate,0.9112030913201178,1.1888315363136206,-1,-1,0.9476648402222085,1.3675738066220122,{'n_estimators': 180},0.02745916881892683
1,CO2,LGBM_separate,0.887285899082652,1.5192054077757873,-1,-1,0.8783195023217428,2.956691648030111,"{'learning_rate': 0.5, 'n_estimators': 200, 'num_leaves': 50}",0.02745916881892683
