,Gas,Model_name,CV_r2,CV_mse,test_r2_total_model,test_mse_by_total_model,test_r2_separa_model,test_mse_separa_model,best_param,kpg_pca_mse
0,CO2,ETR_separate,0.9327571091799337,0.9198716909554046,-1,-1,0.8990734152681923,0.8969022687343221,{'n_estimators': 180},0.020792538447862583
1,CO2,LGBM_separate,0.9313854985499092,0.9471618148668881,-1,-1,0.9128224022901754,0.773779109640524,"{'learning_rate': 0.5, 'n_estimators': 200, 'num_leaves': 50}",0.020792538447862583
