,Gas,Model_name,CV_r2,CV_mse,test_r2_total_model,test_mse_by_total_model,test_r2_separa_model,test_mse_separa_model,best_param,kpg_pca_mse
0,CO2,ETR_separate,0.805404361432776,1.3330618942326877,-1,-1,0.8788816912289048,1.1481302602865988,{'n_estimators': 200},0.03611739372429706
1,CO2,LGBM_separate,0.7598523353633647,1.6290521152643873,-1,-1,0.8633971700821711,1.5373654169002633,"{'learning_rate': 0.5, 'n_estimators': 200, 'num_leaves': 10}",0.03611739372429706
