,Gas,Model_name,CV_r2,CV_mse,test_r2_total_model,test_mse_by_total_model,test_r2_separa_model,test_mse_separa_model,best_param,kpg_pca_mse
0,CO2,ETR_separate,0.9360315975179944,0.9411980279463006,-1,-1,0.9044211999839188,0.8267479746715903,{'n_estimators': 180},0.021733917865242588
1,CO2,LGBM_separate,0.933749780649866,0.9803798770683347,-1,-1,0.900750172107503,0.8260977586525394,"{'learning_rate': 0.5, 'n_estimators': 200, 'num_leaves': 50}",0.021733917865242588
