,Gas,Model_name,CV_r2,CV_mse,test_r2_total_model,test_mse_by_total_model,test_r2_separa_model,test_mse_separa_model,best_param,kpg_pca_mse
0,CO2,ETR_separate,0.914218339626434,1.4358652794473723,-1,-1,0.8446220796346757,1.9731070199839373,{'n_estimators': 150},0.031018206065198596
1,CO2,LGBM_separate,0.8796056417977642,1.9060535660446831,-1,-1,0.8643605981239091,1.6524647468992344,"{'learning_rate': 0.5, 'n_estimators': 150, 'num_leaves': 30}",0.031018206065198596
