,Gas,Model_name,CV_r2,CV_mse,test_r2_total_model,test_mse_by_total_model,test_r2_separa_model,test_mse_separa_model,best_param,kpg_pca_mse
0,CO2,ETR_separate,0.9191943910701031,0.9788742926322241,-1,-1,0.9542143557570749,0.6190714953668152,{'n_estimators': 200},0.02371947876540855
1,CO2,LGBM_separate,0.9124632562973082,1.0766663994757384,-1,-1,0.9610460065388862,0.6012267215358601,"{'learning_rate': 0.5, 'n_estimators': 200, 'num_leaves': 50}",0.02371947876540855
