,Gas,Model_name,CV_r2,CV_mse,test_r2_total_model,test_mse_by_total_model,test_r2_separa_model,test_mse_separa_model,best_param,kpg_pca_mse
0,CO2,ETR_separate,0.9185626276453123,1.006072410375711,-1,-1,0.8555413524459539,1.3983936227397884,{'n_estimators': 180},0.024597983458964162
1,CO2,LGBM_separate,0.9137559523354787,1.085225795900553,-1,-1,0.9103248531842996,1.0912160337457846,"{'learning_rate': 0.5, 'n_estimators': 200, 'num_leaves': 50}",0.024597983458964162
