,Gas,Model_name,CV_r2,CV_mse,test_r2_total_model,test_mse_by_total_model,test_r2_separa_model,test_mse_separa_model,best_param,kpg_pca_mse
0,CO2,ETR_separate,0.9385550331866893,0.8624896181069992,-1,-1,0.903205937404498,1.0895649690054157,{'n_estimators': 200},0.020602310110624994
1,CO2,LGBM_separate,0.9388273464570809,0.8604117697913114,-1,-1,0.8908929315170685,1.3332888917644978,"{'learning_rate': 0.5, 'n_estimators': 200, 'num_leaves': 50}",0.020602310110624994
