,Gas,Model_name,CV_r2,CV_mse,test_r2_total_model,test_mse_by_total_model,test_r2_separa_model,test_mse_separa_model,best_param,kpg_pca_mse
0,CO2,ETR_separate,0.9358719715778694,0.8184332450319642,-1,-1,0.9505949059188035,0.7239371845239736,{'n_estimators': 200},0.018431022033688092
1,CO2,LGBM_separate,0.9440194911357219,0.7205988886656597,-1,-1,0.9657241482054125,0.49141476133870937,"{'learning_rate': 0.5, 'n_estimators': 200, 'num_leaves': 50}",0.018431022033688092
