,Gas,Model_name,CV_r2,CV_mse,test_r2_total_model,test_mse_by_total_model,test_r2_separa_model,test_mse_separa_model,best_param,kpg_pca_mse
0,CO2,ETR_separate,0.935432219376953,0.8568840435893332,-1,-1,0.9613506787802147,0.7813359984403532,{'n_estimators': 180},0.01938466298993668
1,CO2,LGBM_separate,0.9411905234082829,0.7880843181061475,-1,-1,0.9746735604498713,0.4780943840590446,"{'learning_rate': 0.5, 'n_estimators': 200, 'num_leaves': 50}",0.01938466298993668
