,Gas,Model_name,CV_r2,CV_mse,test_r2_total_model,test_mse_by_total_model,test_r2_separa_model,test_mse_separa_model,best_param,kpg_pca_mse
0,CO2,ETR_separate,0.9364710789590361,0.8225765187762409,-1,-1,0.9115470811045089,0.8689406463330703,{'n_estimators': 200},0.019785272898394737
1,CO2,LGBM_separate,0.9431637580234071,0.7393734131275261,-1,-1,0.9138983816613703,0.9420420327159533,"{'learning_rate': 0.5, 'n_estimators': 200, 'num_leaves': 50}",0.019785272898394737
