,Gas,Model_name,CV_r2,CV_mse,test_r2_total_model,test_mse_by_total_model,test_r2_separa_model,test_mse_separa_model,best_param,kpg_pca_mse
0,CO2,ETR_separate,0.9371000154611705,0.8040590948631395,-1,-1,0.9708135916392324,0.7531543294987961,{'n_estimators': 200},0.018212594430284314
1,CO2,LGBM_separate,0.941318803097974,0.753146745572027,-1,-1,0.9522108563337057,1.2506573256602147,"{'learning_rate': 0.5, 'n_estimators': 200, 'num_leaves': 50}",0.018212594430284314
