,Gas,Model_name,CV_r2,CV_mse,test_r2_total_model,test_mse_by_total_model,test_r2_separa_model,test_mse_separa_model,best_param,kpg_pca_mse
0,CO2,ETR_separate,0.9216828607981249,1.0421290052186403,-1,-1,0.9466851577703794,0.7623327236491286,{'n_estimators': 200},0.024123402265521527
1,CO2,LGBM_separate,0.921545133970841,1.041499274931939,-1,-1,0.939390067726966,0.9044963345688709,"{'learning_rate': 0.5, 'n_estimators': 200, 'num_leaves': 30}",0.024123402265521527
