,Gas,Model_name,CV_r2,CV_mse,test_r2_total_model,test_mse_by_total_model,test_r2_separa_model,test_mse_separa_model,best_param,kpg_pca_mse
0,CO2,ETR_separate,0.9408114393228454,0.8097153051523298,-1,-1,0.8837286327929481,0.6767877032643842,{'n_estimators': 180},0.019150253517945977
1,CO2,LGBM_separate,0.940857564513049,0.8128952284918796,-1,-1,0.8888143033760048,0.5272697040142765,"{'learning_rate': 0.5, 'n_estimators': 200, 'num_leaves': 50}",0.019150253517945977
