,Gas,Model_name,CV_r2,CV_mse,test_r2_total_model,test_mse_by_total_model,test_r2_separa_model,test_mse_separa_model,best_param,kpg_pca_mse
0,CO2,ETR_separate,0.9395454282235416,0.8065494358259307,-1,-1,0.9373607702965097,0.7447876684345398,{'n_estimators': 200},0.017999413323434077
1,CO2,LGBM_separate,0.9431736584713706,0.7600165777917635,-1,-1,0.9482224050458462,0.6778814679450981,"{'learning_rate': 0.5, 'n_estimators': 200, 'num_leaves': 50}",0.017999413323434077
