,Gas,Model_name,CV_r2,CV_mse,test_r2_total_model,test_mse_by_total_model,test_r2_separa_model,test_mse_separa_model,best_param,kpg_pca_mse
0,CO2,ETR_separate,0.939464128761885,0.8493537591952783,-1,-1,0.944998497812441,0.5255597826477819,{'n_estimators': 200},0.021257492540498905
1,CO2,LGBM_separate,0.9350630454213574,0.9052696651832368,-1,-1,0.9394652068217386,0.6050982606927405,"{'learning_rate': 0.5, 'n_estimators': 200, 'num_leaves': 50}",0.021257492540498905
