,Gas,Model_name,CV_r2,CV_mse,test_r2_total_model,test_mse_by_total_model,test_r2_separa_model,test_mse_separa_model,best_param,kpg_pca_mse
0,CO2,ETR_separate,0.933425467502292,0.9156463643337386,-1,-1,0.8847261220101997,0.4020176807693155,{'n_estimators': 200},0.019675812241636465
1,CO2,LGBM_separate,0.9374088821950985,0.8605217062596013,-1,-1,0.8592091448191601,0.477078421079745,"{'learning_rate': 0.5, 'n_estimators': 200, 'num_leaves': 50}",0.019675812241636465
