,Gas,Model_name,CV_r2,CV_mse,test_r2_total_model,test_mse_by_total_model,test_r2_separa_model,test_mse_separa_model,best_param,kpg_pca_mse
0,CO2,ETR_separate,0.9237038744274256,1.1914266293938138,-1,-1,0.856503100427626,1.8529397625329649,{'n_estimators': 150},0.030098038942044582
1,CO2,LGBM_separate,0.9123378923414407,1.410608495583328,-1,-1,0.8770608248585948,1.6273664341628977,"{'learning_rate': 0.5, 'n_estimators': 200, 'num_leaves': 20}",0.030098038942044582
