,Gas,Model_name,CV_r2,CV_mse,test_r2_total_model,test_mse_by_total_model,test_r2_separa_model,test_mse_separa_model,best_param,kpg_pca_mse
0,CO2,ETR_separate,0.9273024304940126,0.9613194312398562,-1,-1,0.7912471910445709,1.392449392461122,{'n_estimators': 180},0.021672839039455757
1,CO2,LGBM_separate,0.9284924550325959,0.938543798008423,-1,-1,0.721455217463387,1.7582405228851672,"{'learning_rate': 0.5, 'n_estimators': 200, 'num_leaves': 50}",0.021672839039455757
