,Gas,Model_name,CV_r2,CV_mse,test_r2_total_model,test_mse_by_total_model,test_r2_separa_model,test_mse_separa_model,best_param,kpg_pca_mse
0,CO2,ETR_separate,0.9158732493919215,1.079313368035036,-1,-1,0.8854687325250835,0.6708627291904883,{'n_estimators': 180},0.023927330707302446
1,CO2,LGBM_separate,0.9154054406107752,1.08492467485703,-1,-1,0.8987811652288512,0.672710987146167,"{'learning_rate': 0.5, 'n_estimators': 200, 'num_leaves': 50}",0.023927330707302446
