,Gas,Model_name,CV_r2,CV_mse,test_r2_total_model,test_mse_by_total_model,test_r2_separa_model,test_mse_separa_model,best_param,kpg_pca_mse
0,CO2,ETR_separate,0.9190942211238159,1.1322499586961157,-1,-1,0.9276463571939862,0.9277113183148236,{'n_estimators': 200},0.025821052081181062
1,CO2,LGBM_separate,0.9135020407856664,1.207589822382373,-1,-1,0.9011137420342893,1.3780945047592166,"{'learning_rate': 0.5, 'n_estimators': 200, 'num_leaves': 50}",0.025821052081181062
