,Gas,Model_name,CV_r2,CV_mse,test_r2_total_model,test_mse_by_total_model,test_r2_separa_model,test_mse_separa_model,best_param,kpg_pca_mse
0,CO2,ETR_separate,0.9378237605779628,0.8153080270570875,-1,-1,0.8810204763099534,2.107965202505292,{'n_estimators': 180},0.019654088828224094
1,CO2,LGBM_separate,0.9396337931239891,0.7914576046796169,-1,-1,0.8633216632598304,2.329081201879624,"{'learning_rate': 0.5, 'n_estimators': 200, 'num_leaves': 50}",0.019654088828224094
