,Gas,Model_name,CV_r2,CV_mse,test_r2_total_model,test_mse_by_total_model,test_r2_separa_model,test_mse_separa_model,best_param,kpg_pca_mse
0,CO2,ETR_separate,0.9215472834922499,1.073481610179829,-1,-1,0.8777090188657906,0.7311254527273405,{'n_estimators': 200},0.023484029404811015
1,CO2,LGBM_separate,0.9174343313376705,1.1294490709607345,-1,-1,0.875243916920422,0.7217009016159894,"{'learning_rate': 0.5, 'n_estimators': 200, 'num_leaves': 50}",0.023484029404811015
