,Gas,Model_name,CV_r2,CV_mse,test_r2_total_model,test_mse_by_total_model,test_r2_separa_model,test_mse_separa_model,best_param,kpg_pca_mse
0,CO2,ETR_separate,0.9279267092143673,0.927748370485892,-1,-1,0.9576706373706299,0.45048811507556136,{'n_estimators': 180},0.02228405987606944
1,CO2,LGBM_separate,0.9190777767502805,1.028352870350488,-1,-1,0.9744142955989787,0.2734955720005945,"{'learning_rate': 0.5, 'n_estimators': 200, 'num_leaves': 50}",0.02228405987606944
