,Gas,Model_name,CV_r2,CV_mse,test_r2_total_model,test_mse_by_total_model,test_r2_separa_model,test_mse_separa_model,best_param,kpg_pca_mse
0,CO2,ETR_separate,0.9423274788762667,0.7910641788827303,-1,-1,0.8771769231131185,1.2540565988121664,{'n_estimators': 180},0.019362017324192755
1,CO2,LGBM_separate,0.9413214517437272,0.8029440625584059,-1,-1,0.8853747465523124,1.2570467339193312,"{'learning_rate': 0.5, 'n_estimators': 200, 'num_leaves': 50}",0.019362017324192755
