,Gas,Model_name,CV_r2,CV_mse,test_r2_total_model,test_mse_by_total_model,test_r2_separa_model,test_mse_separa_model,best_param,kpg_pca_mse
0,CO2,ETR_separate,0.9359755481235273,0.8190372808709071,-1,-1,0.9306983316026567,0.39717645345431535,{'n_estimators': 200},0.01943763723030762
1,CO2,LGBM_separate,0.9382114220401963,0.8077390449957322,-1,-1,0.9422330131987953,0.37669220714086404,"{'learning_rate': 0.5, 'n_estimators': 200, 'num_leaves': 50}",0.01943763723030762
