,Gas,Model_name,CV_r2,CV_mse,test_r2_total_model,test_mse_by_total_model,test_r2_separa_model,test_mse_separa_model,best_param,kpg_pca_mse
0,CO2,ETR_separate,0.9376176913810262,0.8399535538301969,-1,-1,0.9225662894130435,0.8748963734793246,{'n_estimators': 200},0.018373944295882533
1,CO2,LGBM_separate,0.94330874716211,0.766989245075026,-1,-1,0.9432515439501966,0.6627686859585582,"{'learning_rate': 0.5, 'n_estimators': 200, 'num_leaves': 50}",0.018373944295882533
