,Gas,Model_name,CV_r2,CV_mse,test_r2_total_model,test_mse_by_total_model,test_r2_separa_model,test_mse_separa_model,best_param,kpg_pca_mse
0,CO2,ETR_separate,0.9279325517780812,0.9531182145340468,-1,-1,0.9599479743454792,0.7726110353060042,{'n_estimators': 180},0.020455394894473386
1,CO2,LGBM_separate,0.9202635601436073,1.0603776466833161,-1,-1,0.9695675487423361,0.6519445562430376,"{'learning_rate': 0.5, 'n_estimators': 200, 'num_leaves': 50}",0.020455394894473386
