,Gas,Model_name,CV_r2,CV_mse,test_r2_total_model,test_mse_by_total_model,test_r2_separa_model,test_mse_separa_model,best_param,kpg_pca_mse
0,CO2,ETR_separate,0.9244997086158943,0.9854713912561387,-1,-1,0.9541689811021659,0.6696609095518702,{'n_estimators': 180},0.023229719589737758
1,CO2,LGBM_separate,0.9243968641050959,0.9741179281356226,-1,-1,0.933440603140379,1.0476359477802255,"{'learning_rate': 0.5, 'n_estimators': 200, 'num_leaves': 50}",0.023229719589737758
