,Gas,Model_name,CV_r2,CV_mse,test_r2_total_model,test_mse_by_total_model,test_r2_separa_model,test_mse_separa_model,best_param,kpg_pca_mse
0,CO2,ETR_separate,0.9213489557476338,1.094213527988336,-1,-1,0.9639610687952356,0.4464869951757613,{'n_estimators': 120},0.025178174430126966
1,CO2,LGBM_separate,0.9151142259985571,1.1786311062398713,-1,-1,0.9092370401511116,1.0131658565060615,"{'learning_rate': 0.5, 'n_estimators': 200, 'num_leaves': 50}",0.025178174430126966
