,Gas,Model_name,CV_r2,CV_mse,test_r2_total_model,test_mse_by_total_model,test_r2_separa_model,test_mse_separa_model,best_param,kpg_pca_mse
0,CO2,ETR_separate,0.9093373215072875,1.1795347222999806,-1,-1,0.8718148208820782,0.6343582385595494,{'n_estimators': 200},0.02616138564695695
1,CO2,LGBM_separate,0.8815785746848623,1.5201940648695178,-1,-1,0.8546301301452327,0.748315760075596,"{'learning_rate': 0.5, 'n_estimators': 200, 'num_leaves': 30}",0.02616138564695695
