,Gas,Model_name,CV_r2,CV_mse,test_r2_total_model,test_mse_by_total_model,test_r2_separa_model,test_mse_separa_model,best_param,kpg_pca_mse
0,CO2,ETR_separate,0.8515361282959877,1.4172331930546782,-1,-1,0.9084974187885547,0.47853401660926576,{'n_estimators': 200},0.02761009978804758
1,CO2,LGBM_separate,0.8244174824760127,1.66818329657213,-1,-1,0.8738333318364743,0.8496440479333939,"{'learning_rate': 0.5, 'n_estimators': 200, 'num_leaves': 20}",0.02761009978804758
