,Gas,Model_name,CV_r2,CV_mse,test_r2_total_model,test_mse_by_total_model,test_r2_separa_model,test_mse_separa_model,best_param,kpg_pca_mse
0,CO2,ETR_separate,0.9359084106354659,0.8812249058807721,-1,-1,0.95825119243337,0.8565725187490935,{'n_estimators': 180},0.02004161187372068
1,CO2,LGBM_separate,0.9380122640344972,0.8594870245804838,-1,-1,0.9702438784985398,0.5875500843745687,"{'learning_rate': 0.5, 'n_estimators': 200, 'num_leaves': 50}",0.02004161187372068
