,Gas,Model_name,CV_r2,CV_mse,test_r2_total_model,test_mse_by_total_model,test_r2_separa_model,test_mse_separa_model,best_param,kpg_pca_mse
0,CO2,ETR_separate,0.9351222290526089,0.8606285780994561,-1,-1,0.9677442254280424,0.6057367080146631,{'n_estimators': 180},0.020717852824834588
1,CO2,LGBM_separate,0.929743989419096,0.9332577765967993,-1,-1,0.9667172490679883,0.6790708884489839,"{'learning_rate': 0.5, 'n_estimators': 200, 'num_leaves': 50}",0.020717852824834588
