,Gas,Model_name,CV_r2,CV_mse,test_r2_total_model,test_mse_by_total_model,test_r2_separa_model,test_mse_separa_model,best_param,kpg_pca_mse
0,CO2,ETR_separate,0.9321427075994159,0.9381158652591924,-1,-1,0.9136025159352807,0.9093360062537937,{'n_estimators': 180},0.023076468506579163
1,CO2,LGBM_separate,0.9277676256895642,1.0058962166082968,-1,-1,0.8754323282468344,1.1003735203911573,"{'learning_rate': 0.5, 'n_estimators': 200, 'num_leaves': 50}",0.023076468506579163
