,Gas,Model_name,CV_r2,CV_mse,test_r2_total_model,test_mse_by_total_model,test_r2_separa_model,test_mse_separa_model,best_param,kpg_pca_mse
0,CO2,ETR_separate,0.9309838206638512,0.8980757996652123,-1,-1,0.8992642940052472,0.70772974631999,{'n_estimators': 200},0.020213539904331147
1,CO2,LGBM_separate,0.9331239258295729,0.881839647366266,-1,-1,0.9447454569120701,0.35264054442933196,"{'learning_rate': 0.5, 'n_estimators': 200, 'num_leaves': 50}",0.020213539904331147
