,Gas,Model_name,CV_r2,CV_mse,test_r2_total_model,test_mse_by_total_model,test_r2_separa_model,test_mse_separa_model,best_param,kpg_pca_mse
0,CO2,ETR_separate,0.9307833397273676,0.9247399577620911,-1,-1,0.6196466384251992,2.1224301469193843,{'n_estimators': 200},0.023385705237094764
1,CO2,LGBM_separate,0.9282664456689981,0.9688115207369863,-1,-1,0.5234843583106137,2.7581030503388506,"{'learning_rate': 0.5, 'n_estimators': 200, 'num_leaves': 50}",0.023385705237094764
