,Gas,Model_name,CV_r2,CV_mse,test_r2_total_model,test_mse_by_total_model,test_r2_separa_model,test_mse_separa_model,best_param,kpg_pca_mse
0,CO2,ETR_separate,0.9230577653288122,1.0404593552139116,-1,-1,0.895698623416728,1.2824178650158242,{'n_estimators': 180},0.025009886890756415
1,CO2,LGBM_separate,0.9236565256163123,1.0589613709470802,-1,-1,0.8770932312410251,1.702782271553411,"{'learning_rate': 0.5, 'n_estimators': 200, 'num_leaves': 50}",0.025009886890756415
