,Gas,Model_name,CV_r2,CV_mse,test_r2_total_model,test_mse_by_total_model,test_r2_separa_model,test_mse_separa_model,best_param,kpg_pca_mse
0,CO2,ETR_separate,0.9187123804191956,1.2315787135372998,-1,-1,0.9502695764763213,1.3511640649674586,{'n_estimators': 200},0.026962319680741764
1,CO2,LGBM_separate,0.9115219078668604,1.349570878236655,-1,-1,0.8767642802545044,3.0476347972010123,"{'learning_rate': 0.5, 'n_estimators': 200, 'num_leaves': 50}",0.026962319680741764
