,Gas,Model_name,CV_r2,CV_mse,test_r2_total_model,test_mse_by_total_model,test_r2_separa_model,test_mse_separa_model,best_param,kpg_pca_mse
0,CO2,ETR_separate,0.9221951036047077,0.9874329319591322,-1,-1,0.891524133026212,0.6296682595952021,{'n_estimators': 200},0.023829468927147466
1,CO2,LGBM_separate,0.9168032516936346,1.0713001877251096,-1,-1,0.9220741267910206,0.49665342025619724,"{'learning_rate': 0.5, 'n_estimators': 200, 'num_leaves': 50}",0.023829468927147466
