,Gas,Model_name,CV_r2,CV_mse,test_r2_total_model,test_mse_by_total_model,test_r2_separa_model,test_mse_separa_model,best_param,kpg_pca_mse
0,CO2,ETR_separate,0.9047620669593817,1.1083018544280137,-1,-1,0.8663835670558324,0.48166670002630846,{'n_estimators': 180},0.024690635443394848
1,CO2,LGBM_separate,0.8946416364089659,1.2087462287057782,-1,-1,0.820096592607976,0.6825716004735248,"{'learning_rate': 0.5, 'n_estimators': 200, 'num_leaves': 50}",0.024690635443394848
