,Gas,Model_name,CV_r2,CV_mse,test_r2_total_model,test_mse_by_total_model,test_r2_separa_model,test_mse_separa_model,best_param,kpg_pca_mse
0,CO2,ETR_separate,0.9317886418249042,0.8966181537778516,-1,-1,0.9058935802423675,1.0055552445498583,{'n_estimators': 200},0.021505156045589075
1,CO2,LGBM_separate,0.9258839042387494,0.9832064510266655,-1,-1,0.8427569858209673,2.301696097271518,"{'learning_rate': 0.5, 'n_estimators': 200, 'num_leaves': 50}",0.021505156045589075
