,Gas,Model_name,CV_r2,CV_mse,test_r2_total_model,test_mse_by_total_model,test_r2_separa_model,test_mse_separa_model,best_param,kpg_pca_mse
0,CO2,ETR_separate,0.8266935320397135,1.7559712241020073,-1,-1,0.704850338197982,1.7842493970373445,{'n_estimators': 180},0.036071094123925104
1,CO2,LGBM_separate,0.7779033436467775,2.1362385934977017,-1,-1,0.8252855342019658,1.3749888952088831,"{'learning_rate': 0.5, 'n_estimators': 200, 'num_leaves': 10}",0.036071094123925104
