,Gas,Model_name,CV_r2,CV_mse,test_r2_total_model,test_mse_by_total_model,test_r2_separa_model,test_mse_separa_model,best_param,kpg_pca_mse
0,CO2,ETR_separate,0.9402664894462742,0.8262642508203669,-1,-1,0.9319453487458588,0.9240467307021839,{'n_estimators': 180},0.01848455847881694
1,CO2,LGBM_separate,0.9422913512980831,0.8077535710714351,-1,-1,0.9400910430834493,0.7805656513747538,"{'learning_rate': 0.5, 'n_estimators': 200, 'num_leaves': 50}",0.01848455847881694
