,Gas,Model_name,CV_r2,CV_mse,test_r2_total_model,test_mse_by_total_model,test_r2_separa_model,test_mse_separa_model,best_param,kpg_pca_mse
0,CO2,ETR_separate,0.9342989047848567,0.8585114732299381,-1,-1,0.8842151182098061,0.8323375808357515,{'n_estimators': 180},0.018851594374539055
1,CO2,LGBM_separate,0.9359366252060063,0.8361570255176403,-1,-1,0.9297767781576961,0.4476076571957859,"{'learning_rate': 0.5, 'n_estimators': 200, 'num_leaves': 50}",0.018851594374539055
