,Gas,Model_name,CV_r2,CV_mse,test_r2_total_model,test_mse_by_total_model,test_r2_separa_model,test_mse_separa_model,best_param,kpg_pca_mse
0,CO2,ETR_separate,0.900053677334796,1.0926831965126094,-1,-1,0.9421132530547375,0.582018385963642,{'n_estimators': 120},0.02429582317308801
1,CO2,LGBM_separate,0.8753521037937618,1.3711292415436174,-1,-1,0.9307125505636176,0.7923029577497289,"{'learning_rate': 0.5, 'n_estimators': 200, 'num_leaves': 50}",0.02429582317308801
