,Gas,Model_name,CV_r2,CV_mse,test_r2_total_model,test_mse_by_total_model,test_r2_separa_model,test_mse_separa_model,best_param,kpg_pca_mse
0,CO2,ETR_separate,0.9166239008720041,1.1846571373054768,-1,-1,0.9424437639096637,0.9775377835816329,{'n_estimators': 180},0.02513425069303497
1,CO2,LGBM_separate,0.9029750732922647,1.363865459613256,-1,-1,0.9124999243128435,1.2362054538144687,"{'learning_rate': 0.5, 'n_estimators': 200, 'num_leaves': 20}",0.02513425069303497
