,Gas,Model_name,CV_r2,CV_mse,test_r2_total_model,test_mse_by_total_model,test_r2_separa_model,test_mse_separa_model,best_param,kpg_pca_mse
0,CO2,ETR_separate,0.9173214016320491,1.1800228807086497,-1,-1,0.907289960350532,1.2393633998118974,{'n_estimators': 180},0.030223874562595843
1,CO2,LGBM_separate,0.9118977000703659,1.243331945998526,-1,-1,0.8607356728989187,1.6593905789545276,"{'learning_rate': 0.5, 'n_estimators': 200, 'num_leaves': 30}",0.030223874562595843
