,Gas,Model_name,CV_r2,CV_mse,test_r2_total_model,test_mse_by_total_model,test_r2_separa_model,test_mse_separa_model,best_param,kpg_pca_mse
0,CO2,ETR_separate,0.9197711974420208,1.1058515236563555,-1,-1,0.9426455172483541,0.742480291141934,{'n_estimators': 100},0.024976741282736175
1,CO2,LGBM_separate,0.9155005569949524,1.1716169763354825,-1,-1,0.9272017445685987,0.9079324646148479,"{'learning_rate': 0.5, 'n_estimators': 200, 'num_leaves': 30}",0.024976741282736175
