,Gas,Model_name,CV_r2,CV_mse,test_r2_total_model,test_mse_by_total_model,test_r2_separa_model,test_mse_separa_model,best_param,kpg_pca_mse
0,CO2,ETR_separate,0.919408754384774,1.0009458033848386,-1,-1,0.9489784551325098,0.7151530100604849,{'n_estimators': 200},0.02607619934251011
1,CO2,LGBM_separate,0.9075366461900005,1.126658507607731,-1,-1,0.9327367826272777,0.9294890507148507,"{'learning_rate': 0.5, 'n_estimators': 200, 'num_leaves': 50}",0.02607619934251011
