,Gas,Model_name,CV_r2,CV_mse,test_r2_total_model,test_mse_by_total_model,test_r2_separa_model,test_mse_separa_model,best_param,kpg_pca_mse
0,CO2,ETR_separate,0.9378390028024086,0.8453300273944055,-1,-1,0.9698403531405401,0.59890766909686,{'n_estimators': 200},0.023512009324761576
1,CO2,LGBM_separate,0.9171240432908482,1.1242061471162623,-1,-1,0.9663529426764746,0.7271847742796871,"{'learning_rate': 0.5, 'n_estimators': 200, 'num_leaves': 30}",0.023512009324761576
