,Gas,Model_name,CV_r2,CV_mse,test_r2_total_model,test_mse_by_total_model,test_r2_separa_model,test_mse_separa_model,best_param,kpg_pca_mse
0,CO2,ETR_separate,0.9235357406486118,1.1851129455453586,-1,-1,0.8984505197330018,0.8462086591561987,{'n_estimators': 200},0.02599691641759112
1,CO2,LGBM_separate,0.9153275206650783,1.336940266149561,-1,-1,0.8941990220547362,0.9206982000180116,"{'learning_rate': 0.5, 'n_estimators': 200, 'num_leaves': 30}",0.02599691641759112
