,Gas,Model_name,CV_r2,CV_mse,test_r2_total_model,test_mse_by_total_model,test_r2_separa_model,test_mse_separa_model,best_param,kpg_pca_mse
0,CO2,ETR_separate,0.9406074268939942,0.8071986386127404,-1,-1,0.8984944898975074,0.7210511446967496,{'n_estimators': 180},0.01810635932748137
1,CO2,LGBM_separate,0.9427760266686261,0.7731372515018062,-1,-1,0.9452743602160449,0.36402122602962306,"{'learning_rate': 0.5, 'n_estimators': 200, 'num_leaves': 50}",0.01810635932748137
