,Gas,Model_name,CV_r2,CV_mse,test_r2_total_model,test_mse_by_total_model,test_r2_separa_model,test_mse_separa_model,best_param,kpg_pca_mse
0,CO2,ETR_separate,0.9345692520705497,0.9040253248144975,-1,-1,0.9543120628532442,0.9411593443656096,{'n_estimators': 200},0.022711419142171445
1,CO2,LGBM_separate,0.9303456628510343,0.954240192786655,-1,-1,0.9706086281736398,0.5716747160832517,"{'learning_rate': 0.5, 'n_estimators': 200, 'num_leaves': 50}",0.022711419142171445
