,Gas,Model_name,CV_r2,CV_mse,test_r2_total_model,test_mse_by_total_model,test_r2_separa_model,test_mse_separa_model,best_param,kpg_pca_mse
0,CO2,ETR_separate,0.9340604802547794,0.8684252499630402,-1,-1,0.9453968168183637,1.0837248527218353,{'n_estimators': 180},0.0225194554146158
1,CO2,LGBM_separate,0.9221779700964566,1.0311885531759013,-1,-1,0.9449506053074077,1.2525783403004407,"{'learning_rate': 0.5, 'n_estimators': 200, 'num_leaves': 50}",0.0225194554146158
