,Gas,Model_name,CV_r2,CV_mse,test_r2_total_model,test_mse_by_total_model,test_r2_separa_model,test_mse_separa_model,best_param,kpg_pca_mse
0,CO2,ETR_separate,0.8807967146685949,1.059612254996822,-1,-1,0.8687760886414613,1.0723756345306796,{'n_estimators': 120},0.03441938972249295
1,CO2,LGBM_separate,0.8474149229279171,1.3923238397949445,-1,-1,0.892653345986236,0.9560370120349867,"{'learning_rate': 0.5, 'n_estimators': 200, 'num_leaves': 20}",0.03441938972249295
