,Gas,Model_name,CV_r2,CV_mse,test_r2_total_model,test_mse_by_total_model,test_r2_separa_model,test_mse_separa_model,best_param,kpg_pca_mse
0,CO2,ETR_separate,0.9395372030159468,0.8107853351288394,-1,-1,0.9062294645464445,0.8088810858572478,{'n_estimators': 180},0.019399004938706926
1,CO2,LGBM_separate,0.9389664023348623,0.819060942834011,-1,-1,0.9471444585472013,0.4387216508904141,"{'learning_rate': 0.5, 'n_estimators': 200, 'num_leaves': 50}",0.019399004938706926
