,Gas,Model_name,CV_r2,CV_mse,test_r2_total_model,test_mse_by_total_model,test_r2_separa_model,test_mse_separa_model,best_param,kpg_pca_mse
0,CO2,ETR_separate,0.9200348628840131,1.1277614919918735,-1,-1,0.9061593851834749,1.2374690135843287,{'n_estimators': 200},0.028760687116883704
1,CO2,LGBM_separate,0.8851453291283594,1.6313959228251456,-1,-1,0.8929277609248119,1.3983112607425405,"{'learning_rate': 0.5, 'n_estimators': 200, 'num_leaves': 30}",0.028760687116883704
