,Gas,Model_name,CV_r2,CV_mse,test_r2_total_model,test_mse_by_total_model,test_r2_separa_model,test_mse_separa_model,best_param,kpg_pca_mse
0,CO2,ETR_separate,0.9326191855182661,0.8545574065098458,-1,-1,0.8790412904420425,0.8752722917999277,{'n_estimators': 180},0.018860774574136763
1,CO2,LGBM_separate,0.935859481857365,0.8137155975370106,-1,-1,0.9142233231846433,0.5303476506669235,"{'learning_rate': 0.5, 'n_estimators': 200, 'num_leaves': 50}",0.018860774574136763
