,Gas,Model_name,CV_r2,CV_mse,test_r2_total_model,test_mse_by_total_model,test_r2_separa_model,test_mse_separa_model,best_param,kpg_pca_mse
0,CO2,ETR_separate,0.9317396645807234,0.9283882018798597,-1,-1,0.9233807027303749,0.4364349983833384,{'n_estimators': 180},0.022080942205972558
1,CO2,LGBM_separate,0.9270706829575619,0.9971901102131783,-1,-1,0.9336815413665182,0.42181809998494363,"{'learning_rate': 0.5, 'n_estimators': 200, 'num_leaves': 50}",0.022080942205972558
