,Gas,Model_name,CV_r2,CV_mse,test_r2_total_model,test_mse_by_total_model,test_r2_separa_model,test_mse_separa_model,best_param,kpg_pca_mse
0,CO2,ETR_separate,0.9319068911171374,0.8746160126712293,-1,-1,0.9546681270387092,0.4971135198806621,{'n_estimators': 200},0.02001496442113662
1,CO2,LGBM_separate,0.9329339672918096,0.8742044916804004,-1,-1,0.9682272963745197,0.3576703594080423,"{'learning_rate': 0.5, 'n_estimators': 200, 'num_leaves': 50}",0.02001496442113662
