,Gas,Model_name,CV_r2,CV_mse,test_r2_total_model,test_mse_by_total_model,test_r2_separa_model,test_mse_separa_model,best_param,kpg_pca_mse
0,CO2,ETR_separate,0.9067251187357529,1.4919716178398486,-1,-1,0.9359463393092438,0.7733962144156519,{'n_estimators': 180},0.02808995283127964
1,CO2,LGBM_separate,0.8863447277180484,1.7543312020338337,-1,-1,0.947018560388411,0.6703497077083661,"{'learning_rate': 0.5, 'n_estimators': 200, 'num_leaves': 20}",0.02808995283127964
