,Gas,Model_name,CV_r2,CV_mse,test_r2_total_model,test_mse_by_total_model,test_r2_separa_model,test_mse_separa_model,best_param,kpg_pca_mse
0,CO2,ETR_separate,0.9387681566227692,0.8465242889460711,-1,-1,0.948896640137271,0.47852352270404086,{'n_estimators': 180},0.02083387928857114
1,CO2,LGBM_separate,0.9411427690834439,0.819529835179089,-1,-1,0.9446589280100786,0.528692678229497,"{'learning_rate': 0.5, 'n_estimators': 200, 'num_leaves': 50}",0.02083387928857114
