,Gas,Model_name,CV_r2,CV_mse,test_r2_total_model,test_mse_by_total_model,test_r2_separa_model,test_mse_separa_model,best_param,kpg_pca_mse
0,CO2,ETR_separate,0.9393726247399112,0.8138252114974952,-1,-1,0.9578331311469503,0.5495717219816303,{'n_estimators': 180},0.01927974992392492
1,CO2,LGBM_separate,0.9388542784355826,0.812408924965436,-1,-1,0.962086970772948,0.4991102480092143,"{'learning_rate': 0.5, 'n_estimators': 200, 'num_leaves': 50}",0.01927974992392492
