,Gas,Model_name,CV_r2,CV_mse,test_r2_total_model,test_mse_by_total_model,test_r2_separa_model,test_mse_separa_model,best_param,kpg_pca_mse
0,CO2,ETR_separate,0.9307440386735794,0.9166839745305386,-1,-1,0.8990561702972619,1.1264222583354577,{'n_estimators': 200},0.023856586180180106
1,CO2,LGBM_separate,0.9228583237550746,1.0286093227814124,-1,-1,0.890469238372331,1.3105510504933078,"{'learning_rate': 0.5, 'n_estimators': 200, 'num_leaves': 50}",0.023856586180180106
