,Gas,Model_name,CV_r2,CV_mse,test_r2_total_model,test_mse_by_total_model,test_r2_separa_model,test_mse_separa_model,best_param,kpg_pca_mse
0,CO2,ETR_separate,0.9363035268427886,0.850528122149026,-1,-1,0.9092559627719191,1.2047869641558644,{'n_estimators': 180},0.018977203782389453
1,CO2,LGBM_separate,0.9410133340328402,0.7926900192558808,-1,-1,0.8924171631535083,1.5776104055532314,"{'learning_rate': 0.5, 'n_estimators': 200, 'num_leaves': 50}",0.018977203782389453
