,Gas,Model_name,CV_r2,CV_mse,test_r2_total_model,test_mse_by_total_model,test_r2_separa_model,test_mse_separa_model,best_param,kpg_pca_mse
0,CO2,ETR_separate,0.9423339332995457,0.7623284137218488,-1,-1,0.9138308080613398,1.681069299815672,{'n_estimators': 200},0.01850041878499383
1,CO2,LGBM_separate,0.9482798150710939,0.6808664279257919,-1,-1,0.9199911699581451,1.5094489982067034,"{'learning_rate': 0.5, 'n_estimators': 200, 'num_leaves': 50}",0.01850041878499383
