,Gas,Model_name,CV_r2,CV_mse,test_r2_total_model,test_mse_by_total_model,test_r2_separa_model,test_mse_separa_model,best_param,kpg_pca_mse
0,CO2,ETR_separate,0.9390186306329671,0.8306100465326172,-1,-1,0.9314072321379894,0.9336506467371446,{'n_estimators': 180},0.019044983552198035
1,CO2,LGBM_separate,0.9434601609740039,0.7710130965794859,-1,-1,0.9405726126726747,0.7418638806812883,"{'learning_rate': 0.5, 'n_estimators': 200, 'num_leaves': 50}",0.019044983552198035
