,Gas,Model_name,CV_r2,CV_mse,test_r2_total_model,test_mse_by_total_model,test_r2_separa_model,test_mse_separa_model,best_param,kpg_pca_mse
0,CO2,ETR_separate,0.9382224454865046,0.8399267904004868,-1,-1,0.8775930799327645,0.4185017626892587,{'n_estimators': 200},0.018628110352982376
1,CO2,LGBM_separate,0.9435579780152293,0.7701341838164913,-1,-1,0.8668767314327801,0.48769129784209786,"{'learning_rate': 0.5, 'n_estimators': 200, 'num_leaves': 50}",0.018628110352982376
