,Gas,Model_name,CV_r2,CV_mse,test_r2_total_model,test_mse_by_total_model,test_r2_separa_model,test_mse_separa_model,best_param,kpg_pca_mse
0,CO2,ETR_separate,0.8410464122561905,1.3616737842351947,-1,-1,0.6752103920120767,3.7523135529104534,{'n_estimators': 120},0.03080536280154871
1,CO2,LGBM_separate,0.8291055169803864,1.257840637353538,-1,-1,0.5631212889148033,4.519020473329702,"{'learning_rate': 0.5, 'n_estimators': 200, 'num_leaves': 10}",0.03080536280154871
