,Gas,Model_name,CV_r2,CV_mse,test_r2_total_model,test_mse_by_total_model,test_r2_separa_model,test_mse_separa_model,best_param,kpg_pca_mse
0,CO2,ETR_separate,0.8012194952938371,1.5109653621191197,-1,-1,0.8818947696880937,1.1276662697954238,{'n_estimators': 200},0.03385693078937785
1,CO2,LGBM_separate,0.7483040108350126,1.8590429618370892,-1,-1,0.877110201247767,1.2551204579462318,"{'learning_rate': 0.5, 'n_estimators': 200, 'num_leaves': 10}",0.03385693078937785
