,Gas,Model_name,CV_r2,CV_mse,test_r2_total_model,test_mse_by_total_model,test_r2_separa_model,test_mse_separa_model,best_param,kpg_pca_mse
0,CO2,ETR_separate,0.9371447527010508,0.8335180433806293,-1,-1,0.9469278527192422,0.9140698388759373,{'n_estimators': 180},0.019324787373240806
1,CO2,LGBM_separate,0.9430856418257285,0.7623323504890921,-1,-1,0.9614116719254889,0.6477523076472689,"{'learning_rate': 0.5, 'n_estimators': 200, 'num_leaves': 50}",0.019324787373240806
