,Gas,Model_name,CV_r2,CV_mse,test_r2_total_model,test_mse_by_total_model,test_r2_separa_model,test_mse_separa_model,best_param,kpg_pca_mse
0,CO2,ETR_separate,0.9274081497207731,1.0476285306390165,-1,-1,0.819638594244519,0.9814905302545257,{'n_estimators': 180},0.023181177946478955
1,CO2,LGBM_separate,0.9266939060375083,1.0566913541004352,-1,-1,0.815291776902079,1.0894755205003084,"{'learning_rate': 0.5, 'n_estimators': 200, 'num_leaves': 50}",0.023181177946478955
