,Gas,Model_name,CV_r2,CV_mse,test_r2_total_model,test_mse_by_total_model,test_r2_separa_model,test_mse_separa_model,best_param,kpg_pca_mse
0,CO2,ETR_separate,0.9365597668039604,0.8522946464874177,-1,-1,0.9474463788774018,1.0305888881585448,{'n_estimators': 180},0.01896119704747999
1,CO2,LGBM_separate,0.9375722174047623,0.837428641952138,-1,-1,0.9625351545567439,0.7743623264548978,"{'learning_rate': 0.5, 'n_estimators': 200, 'num_leaves': 50}",0.01896119704747999
