,Gas,Model_name,CV_r2,CV_mse,test_r2_total_model,test_mse_by_total_model,test_r2_separa_model,test_mse_separa_model,best_param,kpg_pca_mse
0,CO2,ETR_separate,0.9294856602958635,0.8880173683296431,-1,-1,0.9516973716960376,0.7053720326467725,{'n_estimators': 200},0.02256916816293588
1,CO2,LGBM_separate,0.934849311482038,0.8169906057015746,-1,-1,0.9413113154002243,0.9433886423773917,"{'learning_rate': 0.5, 'n_estimators': 200, 'num_leaves': 50}",0.02256916816293588
