,Gas,Model_name,CV_r2,CV_mse,test_r2_total_model,test_mse_by_total_model,test_r2_separa_model,test_mse_separa_model,best_param,kpg_pca_mse
0,CO2,ETR_separate,0.9357121034552488,0.8480528505542295,-1,-1,0.9586099606857122,0.5556493879150953,{'n_estimators': 180},0.02024368598263021
1,CO2,LGBM_separate,0.9353666731384266,0.8607792825141626,-1,-1,0.955466975778593,0.602658734179142,"{'learning_rate': 0.5, 'n_estimators': 200, 'num_leaves': 50}",0.02024368598263021
