,Gas,Model_name,CV_r2,CV_mse,test_r2_total_model,test_mse_by_total_model,test_r2_separa_model,test_mse_separa_model,best_param,kpg_pca_mse
0,CO2,ETR_separate,0.9069320763073525,1.064653401093264,-1,-1,0.8600160296306439,0.7222314970097925,{'n_estimators': 180},0.02495774997114976
1,CO2,LGBM_separate,0.894593149019322,1.1946946312249604,-1,-1,0.8112970102774779,0.8717099249558996,"{'learning_rate': 0.1, 'n_estimators': 200, 'num_leaves': 50}",0.02495774997114976
