,Gas,Model_name,CV_r2,CV_mse,test_r2_total_model,test_mse_by_total_model,test_r2_separa_model,test_mse_separa_model,best_param,kpg_pca_mse
0,CO2,ETR_separate,0.9390606464446483,0.7704514087233418,-1,-1,0.9612394914600785,0.5043698349106481,{'n_estimators': 200},0.018619280544405457
1,CO2,LGBM_separate,0.9456919029648739,0.689134521934318,-1,-1,0.9653603689711746,0.4365337757876224,"{'learning_rate': 0.5, 'n_estimators': 200, 'num_leaves': 50}",0.018619280544405457
