,Gas,Model_name,CV_r2,CV_mse,test_r2_total_model,test_mse_by_total_model,test_r2_separa_model,test_mse_separa_model,best_param,kpg_pca_mse
0,CO2,ETR_separate,0.9382135326323857,0.8210851558126331,-1,-1,0.9332893571444385,0.4943753284620457,{'n_estimators': 200},0.018178673365320856
1,CO2,LGBM_separate,0.9414016299887038,0.7838885452618909,-1,-1,0.9206613037735214,0.7115131258134235,"{'learning_rate': 0.5, 'n_estimators': 200, 'num_leaves': 50}",0.018178673365320856
