,Gas,Model_name,CV_r2,CV_mse,test_r2_total_model,test_mse_by_total_model,test_r2_separa_model,test_mse_separa_model,best_param,kpg_pca_mse
0,CO2,ETR_separate,0.9394472265982134,0.8541473186667137,-1,-1,0.9457828147833891,0.9882898350335052,{'n_estimators': 200},0.020962298882829723
1,CO2,LGBM_separate,0.9405723131291793,0.8385736215024281,-1,-1,0.9707106073781512,0.5476780798570621,"{'learning_rate': 0.5, 'n_estimators': 200, 'num_leaves': 50}",0.020962298882829723
