,Gas,Model_name,CV_r2,CV_mse,test_r2_total_model,test_mse_by_total_model,test_r2_separa_model,test_mse_separa_model,best_param,kpg_pca_mse
0,CO2,ETR_separate,0.8903523524855285,1.4177274747068684,-1,-1,0.849306665673923,1.1042063621898563,{'n_estimators': 150},0.03047166194435747
1,CO2,LGBM_separate,0.8826088616341033,1.6420760020083285,-1,-1,0.8496118840930695,1.2676581298482668,"{'learning_rate': 0.5, 'n_estimators': 200, 'num_leaves': 30}",0.03047166194435747
