,Gas,Model_name,CV_r2,CV_mse,test_r2_total_model,test_mse_by_total_model,test_r2_separa_model,test_mse_separa_model,best_param,kpg_pca_mse
0,CO2,ETR_separate,0.8322989470547117,1.2516326735712369,-1,-1,0.603266542282259,4.90787356757558,{'n_estimators': 200},0.03624134714218498
1,CO2,LGBM_separate,0.8357842552830703,1.3974274688788566,-1,-1,0.6395855660798277,4.743531992022405,"{'learning_rate': 0.5, 'n_estimators': 200, 'num_leaves': 20}",0.03624134714218498
