,Gas,Model_name,CV_r2,CV_mse,test_r2_total_model,test_mse_by_total_model,test_r2_separa_model,test_mse_separa_model,best_param,kpg_pca_mse
0,CO2,ETR_separate,0.9344384997705818,0.8792836976616135,-1,-1,0.9273737019929225,0.41816503929918314,{'n_estimators': 200},0.02110663725606722
1,CO2,LGBM_separate,0.9324389527165758,0.9167602196894128,-1,-1,0.9411593426666612,0.37532847946614767,"{'learning_rate': 0.5, 'n_estimators': 200, 'num_leaves': 50}",0.02110663725606722
