,Gas,Model_name,CV_r2,CV_mse,test_r2_total_model,test_mse_by_total_model,test_r2_separa_model,test_mse_separa_model,best_param,kpg_pca_mse
0,CO2,ETR_separate,0.9389792241659973,0.9124090365047539,-1,-1,0.9501223802666589,0.9785009212775253,{'n_estimators': 120},0.023316468143998438
1,CO2,LGBM_separate,0.9245444009083406,1.1793449030518484,-1,-1,0.9346435424113129,1.264961859843335,"{'learning_rate': 0.5, 'n_estimators': 200, 'num_leaves': 30}",0.023316468143998438
