,Gas,Model_name,CV_r2,CV_mse,test_r2_total_model,test_mse_by_total_model,test_r2_separa_model,test_mse_separa_model,best_param,kpg_pca_mse
0,CO2,ETR_separate,0.9334624500944588,0.8690835422269982,-1,-1,0.9680821574712671,0.8935120120584954,{'n_estimators': 180},0.01824071724093023
1,CO2,LGBM_separate,0.9416867108269351,0.7630741398140668,-1,-1,0.9327888427063695,1.6121138083735331,"{'learning_rate': 0.5, 'n_estimators': 200, 'num_leaves': 50}",0.01824071724093023
