,Gas,Model_name,CV_r2,CV_mse,test_r2_total_model,test_mse_by_total_model,test_r2_separa_model,test_mse_separa_model,best_param,kpg_pca_mse
0,CO2,ETR_separate,0.924007050840105,0.9343833802422473,-1,-1,0.621514572214729,2.1739908543047757,{'n_estimators': 200},0.023434585088444676
1,CO2,LGBM_separate,0.9204662170030126,0.9885379199804805,-1,-1,0.6242707933541214,2.2004438582533026,"{'learning_rate': 0.5, 'n_estimators': 200, 'num_leaves': 30}",0.023434585088444676
