,Gas,Model_name,CV_r2,CV_mse,test_r2_total_model,test_mse_by_total_model,test_r2_separa_model,test_mse_separa_model,best_param,kpg_pca_mse
0,CO2,ETR_separate,0.9309744235004727,0.8956895969714835,-1,-1,0.9531598567798509,0.6659306704558857,{'n_estimators': 180},0.027195169663138834
1,CO2,LGBM_separate,0.9167560296834868,1.109377349844826,-1,-1,0.9449058165785631,0.8222392090590231,"{'learning_rate': 0.5, 'n_estimators': 200, 'num_leaves': 30}",0.027195169663138834
