,Gas,Model_name,CV_r2,CV_mse,test_r2_total_model,test_mse_by_total_model,test_r2_separa_model,test_mse_separa_model,best_param,kpg_pca_mse
0,CO2,ETR_separate,0.9207361609873924,1.0261998693598018,-1,-1,0.8540041438573341,1.4062319305192093,{'n_estimators': 200},0.025043366327691663
1,CO2,LGBM_separate,0.9173516583747048,1.1148301301281942,-1,-1,0.8991640942191744,1.1032199264887588,"{'learning_rate': 0.5, 'n_estimators': 200, 'num_leaves': 50}",0.025043366327691663
