,Gas,Model_name,CV_r2,CV_mse,test_r2_total_model,test_mse_by_total_model,test_r2_separa_model,test_mse_separa_model,best_param,kpg_pca_mse
0,CO2,ETR_separate,0.9367708788826977,0.8491963043355855,-1,-1,0.9566936338701968,0.5793659479260587,{'n_estimators': 180},0.018368820265886158
1,CO2,LGBM_separate,0.9432804840009716,0.764898661440228,-1,-1,0.9463045408958752,0.7508818042402123,"{'learning_rate': 0.5, 'n_estimators': 200, 'num_leaves': 50}",0.018368820265886158
