,Gas,Model_name,CV_r2,CV_mse,test_r2_total_model,test_mse_by_total_model,test_r2_separa_model,test_mse_separa_model,best_param,kpg_pca_mse
0,CO2,ETR_separate,0.9347246341114517,0.8157020072176401,-1,-1,0.9483620941027191,0.6808654799756061,{'n_estimators': 200},0.024625492712811316
1,CO2,LGBM_separate,0.9269070012079844,0.9197531507731582,-1,-1,0.9538203850728773,0.6592607483026546,"{'learning_rate': 0.5, 'n_estimators': 200, 'num_leaves': 50}",0.024625492712811316
