,Gas,Model_name,CV_r2,CV_mse,test_r2_total_model,test_mse_by_total_model,test_r2_separa_model,test_mse_separa_model,best_param,kpg_pca_mse
0,CO2,ETR_separate,0.9268394018813824,1.2604178414883849,-1,-1,0.9066298821444467,1.2291244849107479,{'n_estimators': 200},0.029425870736181404
1,CO2,LGBM_separate,0.9132864314600697,1.483700130089499,-1,-1,0.8902158573326505,1.470834875771909,"{'learning_rate': 0.5, 'n_estimators': 200, 'num_leaves': 30}",0.029425870736181404
