,Gas,Model_name,CV_r2,CV_mse,test_r2_total_model,test_mse_by_total_model,test_r2_separa_model,test_mse_separa_model,best_param,kpg_pca_mse
0,CO2,ETR_separate,0.9006832331831399,1.7270187917431226,-1,-1,0.8588419510545114,0.973245847748887,{'n_estimators': 180},0.02914597390983077
1,CO2,LGBM_separate,0.8934790612535253,1.8610397868343405,-1,-1,0.8292764578557195,1.375435807555343,"{'learning_rate': 0.5, 'n_estimators': 200, 'num_leaves': 20}",0.02914597390983077
