,Gas,Model_name,CV_r2,CV_mse,test_r2_total_model,test_mse_by_total_model,test_r2_separa_model,test_mse_separa_model,best_param,kpg_pca_mse
0,CO2,ETR_separate,0.9370763059177032,0.860601781488523,-1,-1,0.9478712506343515,0.9542175413902296,{'n_estimators': 150},0.020919458012873315
1,CO2,LGBM_separate,0.9339515772114261,0.9223857869224432,-1,-1,0.9427738836343593,1.0080452681686896,"{'learning_rate': 0.5, 'n_estimators': 200, 'num_leaves': 50}",0.020919458012873315
