,Gas,Model_name,CV_r2,CV_mse,test_r2_total_model,test_mse_by_total_model,test_r2_separa_model,test_mse_separa_model,best_param,kpg_pca_mse
0,CO2,ETR_separate,0.9392162446887937,0.8528845431631652,-1,-1,0.8821433715794823,0.6973442789248636,{'n_estimators': 180},0.020116785170740253
1,CO2,LGBM_separate,0.9429911329698438,0.7938831617952342,-1,-1,0.8933543175573091,0.5383380854146621,"{'learning_rate': 0.5, 'n_estimators': 200, 'num_leaves': 50}",0.020116785170740253
