,Gas,Model_name,CV_r2,CV_mse,test_r2_total_model,test_mse_by_total_model,test_r2_separa_model,test_mse_separa_model,best_param,kpg_pca_mse
0,CO2,ETR_separate,0.904633763301072,1.2850058944600131,-1,-1,0.8955223919726449,0.9116176340266262,{'n_estimators': 200},0.023890096656930024
1,CO2,LGBM_separate,0.8978369746196714,1.3852731447772213,-1,-1,0.8786164497017602,1.0484707158503817,"{'learning_rate': 0.5, 'n_estimators': 200, 'num_leaves': 50}",0.023890096656930024
