,Gas,Model_name,CV_r2,CV_mse,test_r2_total_model,test_mse_by_total_model,test_r2_separa_model,test_mse_separa_model,best_param,kpg_pca_mse
0,CO2,ETR_separate,0.9230587213551071,1.0817368052715215,-1,-1,0.9531445903926399,0.7359316013053664,{'n_estimators': 180},0.023434943936770987
1,CO2,LGBM_separate,0.8998647392137951,1.3868443333015754,-1,-1,0.9468872238309579,0.8116536608394751,"{'learning_rate': 0.5, 'n_estimators': 200, 'num_leaves': 50}",0.023434943936770987
