,Gas,Model_name,CV_r2,CV_mse,test_r2_total_model,test_mse_by_total_model,test_r2_separa_model,test_mse_separa_model,best_param,kpg_pca_mse
0,CO2,ETR_separate,0.9346509528651975,1.1322434535369272,-1,-1,0.9551674587464754,0.5924842368375082,{'n_estimators': 150},0.02350017472894779
1,CO2,LGBM_separate,0.9158621742288753,1.4590005810525812,-1,-1,0.9455426971115976,0.6905211457795242,"{'learning_rate': 0.5, 'n_estimators': 200, 'num_leaves': 30}",0.02350017472894779
