,Gas,Model_name,CV_r2,CV_mse,test_r2_total_model,test_mse_by_total_model,test_r2_separa_model,test_mse_separa_model,best_param,kpg_pca_mse
0,CO2,ETR_separate,0.9405208130763987,0.799450533559918,-1,-1,0.9307702165676144,0.5573082231923969,{'n_estimators': 180},0.018113421622232534
1,CO2,LGBM_separate,0.9489881202031235,0.683885252835252,-1,-1,0.942035745265355,0.486145156047513,"{'learning_rate': 0.5, 'n_estimators': 200, 'num_leaves': 50}",0.018113421622232534
