,Gas,Model_name,CV_r2,CV_mse,test_r2_total_model,test_mse_by_total_model,test_r2_separa_model,test_mse_separa_model,best_param,kpg_pca_mse
0,CO2,ETR_separate,0.9255663925973107,0.8675477556461516,-1,-1,0.9211144002110194,0.8064207101860746,{'n_estimators': 200},0.024116145714333535
1,CO2,LGBM_separate,0.9162719582113216,0.9802364849478298,-1,-1,0.8952290887706099,1.3807944987744987,"{'learning_rate': 0.5, 'n_estimators': 200, 'num_leaves': 50}",0.024116145714333535
