,Gas,Model_name,CV_r2,CV_mse,test_r2_total_model,test_mse_by_total_model,test_r2_separa_model,test_mse_separa_model,best_param,kpg_pca_mse
0,CO2,ETR_separate,0.9330597304880847,0.8789378493247678,-1,-1,0.8987290473586004,1.0669147398377865,{'n_estimators': 180},0.022655898443443595
1,CO2,LGBM_separate,0.9231250550453277,1.0121574203481423,-1,-1,0.8882430021143701,1.2182512202402025,"{'learning_rate': 0.5, 'n_estimators': 200, 'num_leaves': 50}",0.022655898443443595
