,Gas,Model_name,CV_r2,CV_mse,test_r2_total_model,test_mse_by_total_model,test_r2_separa_model,test_mse_separa_model,best_param,kpg_pca_mse
0,CO2,ETR_separate,0.8808341259024249,1.267656130566585,-1,-1,0.9022574671896396,0.848906441058727,{'n_estimators': 120},0.026801973988986882
1,CO2,LGBM_separate,0.8646486544549858,1.4011309956200804,-1,-1,0.8950662922871465,1.1346050371375378,"{'learning_rate': 0.5, 'n_estimators': 200, 'num_leaves': 10}",0.026801973988986882
