,Gas,Model_name,CV_r2,CV_mse,test_r2_total_model,test_mse_by_total_model,test_r2_separa_model,test_mse_separa_model,best_param,kpg_pca_mse
0,CO2,ETR_separate,0.9323919007828414,0.8016871534622035,-1,-1,0.9713198470685401,0.7408285243770302,{'n_estimators': 180},0.021082887370532842
1,CO2,LGBM_separate,0.9380247830218428,0.7385326291083104,-1,-1,0.945142109262496,1.3745594763196012,"{'learning_rate': 0.5, 'n_estimators': 200, 'num_leaves': 50}",0.021082887370532842
