,Gas,Model_name,CV_r2,CV_mse,test_r2_total_model,test_mse_by_total_model,test_r2_separa_model,test_mse_separa_model,best_param,kpg_pca_mse
0,CO2,ETR_separate,0.936099151060473,0.8857315971119251,-1,-1,0.8040840846021095,1.0405086283162308,{'n_estimators': 180},0.02100820985038764
1,CO2,LGBM_separate,0.9387764621195869,0.8452053857679974,-1,-1,0.8572744457414266,0.8378218633710814,"{'learning_rate': 0.5, 'n_estimators': 200, 'num_leaves': 50}",0.02100820985038764
