,Gas,Model_name,CV_r2,CV_mse,test_r2_total_model,test_mse_by_total_model,test_r2_separa_model,test_mse_separa_model,best_param,kpg_pca_mse
0,CO2,ETR_separate,0.9331170641292236,0.8921264116602858,-1,-1,0.92666989160335,0.5859796302838663,{'n_estimators': 200},0.021660907792881427
1,CO2,LGBM_separate,0.9316903809302712,0.9099412916204275,-1,-1,0.9018364213513426,0.9284728566168368,"{'learning_rate': 0.5, 'n_estimators': 200, 'num_leaves': 50}",0.021660907792881427
