,Gas,Model_name,CV_r2,CV_mse,test_r2_total_model,test_mse_by_total_model,test_r2_separa_model,test_mse_separa_model,best_param,kpg_pca_mse
0,CO2,ETR_separate,0.8689229670148964,1.0887925148174427,-1,-1,0.8933998019501884,1.1944850717887507,{'n_estimators': 120},0.031088605426435056
1,CO2,LGBM_separate,0.8339951660159036,1.537243305325385,-1,-1,0.8947559134164564,1.4631663577359,"{'learning_rate': 0.5, 'n_estimators': 200, 'num_leaves': 20}",0.031088605426435056
