,Gas,Model_name,CV_r2,CV_mse,test_r2_total_model,test_mse_by_total_model,test_r2_separa_model,test_mse_separa_model,best_param,kpg_pca_mse
0,CO2,ETR_separate,0.931074460745063,0.9152302870742076,-1,-1,0.9512436998972239,0.723163441942595,{'n_estimators': 200},0.0215721431993794
1,CO2,LGBM_separate,0.9309762195560694,0.9139652957962602,-1,-1,0.9355978566888996,1.016437982910678,"{'learning_rate': 0.5, 'n_estimators': 200, 'num_leaves': 50}",0.0215721431993794
