,Gas,Model_name,CV_r2,CV_mse,test_r2_total_model,test_mse_by_total_model,test_r2_separa_model,test_mse_separa_model,best_param,kpg_pca_mse
0,CO2,ETR_separate,0.8971237063833939,1.1864417954498316,-1,-1,0.911308189020376,0.743029117943168,{'n_estimators': 180},0.026690091463323202
1,CO2,LGBM_separate,0.8909947796764076,1.2837761576709563,-1,-1,0.9356287568787925,0.5894567814511881,"{'learning_rate': 0.5, 'n_estimators': 200, 'num_leaves': 50}",0.026690091463323202
