,Gas,Model_name,CV_r2,CV_mse,test_r2_total_model,test_mse_by_total_model,test_r2_separa_model,test_mse_separa_model,best_param,kpg_pca_mse
0,CO2,ETR_separate,0.9372779718462556,0.8320268823054715,-1,-1,0.8915311045560477,0.7410494145003178,{'n_estimators': 180},0.018280335106935344
1,CO2,LGBM_separate,0.9427192954949174,0.7606702587784774,-1,-1,0.9278031148712365,0.46092790503436026,"{'learning_rate': 0.5, 'n_estimators': 200, 'num_leaves': 50}",0.018280335106935344
