,Gas,Model_name,CV_r2,CV_mse,test_r2_total_model,test_mse_by_total_model,test_r2_separa_model,test_mse_separa_model,best_param,kpg_pca_mse
0,CO2,ETR_separate,0.8989980947538936,1.2784111531977427,-1,-1,0.8858194742942723,1.0505928096164066,{'n_estimators': 180},0.026022615347797602
1,CO2,LGBM_separate,0.8810844965040527,1.4967788016620307,-1,-1,0.9186317937191798,0.8256334052699623,"{'learning_rate': 0.5, 'n_estimators': 200, 'num_leaves': 20}",0.026022615347797602
