,Gas,Model_name,CV_r2,CV_mse,test_r2_total_model,test_mse_by_total_model,test_r2_separa_model,test_mse_separa_model,best_param,kpg_pca_mse
0,CO2,ETR_separate,0.9305725348089167,0.9759374462726097,-1,-1,0.9277225901035533,0.9216220252819071,{'n_estimators': 200},0.026191751743537585
1,CO2,LGBM_separate,0.9142727972962452,1.2332894439392859,-1,-1,0.9156307613867423,1.1400500995377438,"{'learning_rate': 0.5, 'n_estimators': 200, 'num_leaves': 50}",0.026191751743537585
