,Gas,Model_name,CV_r2,CV_mse,test_r2_total_model,test_mse_by_total_model,test_r2_separa_model,test_mse_separa_model,best_param,kpg_pca_mse
0,CO2,ETR_separate,0.8835321887880087,1.7350472067744778,-1,-1,0.8625026681527301,0.9516902914102797,{'n_estimators': 100},0.028318322245044297
1,CO2,LGBM_separate,0.8803634695996683,1.739052532823519,-1,-1,0.8315512582431459,1.3066314268784023,"{'learning_rate': 0.5, 'n_estimators': 200, 'num_leaves': 20}",0.028318322245044297
