,Gas,Model_name,CV_r2,CV_mse,test_r2_total_model,test_mse_by_total_model,test_r2_separa_model,test_mse_separa_model,best_param,kpg_pca_mse
0,CO2,ETR_separate,0.9057953211434789,1.2759751144481553,-1,-1,0.9504576210104946,1.0818478338415365,{'n_estimators': 150},0.02646807270974532
1,CO2,LGBM_separate,0.8652771388351134,1.8022921540192722,-1,-1,0.9320440427169621,1.480327832950078,"{'learning_rate': 0.5, 'n_estimators': 200, 'num_leaves': 30}",0.02646807270974532
