,Gas,Model_name,CV_r2,CV_mse,test_r2_total_model,test_mse_by_total_model,test_r2_separa_model,test_mse_separa_model,best_param,kpg_pca_mse
0,CO2,ETR_separate,0.9301670726050176,0.9904272218620337,-1,-1,0.9555685617655008,0.5837469849477457,{'n_estimators': 150},0.023201410614782945
1,CO2,LGBM_separate,0.923573152404853,1.0896538519007368,-1,-1,0.9595323529724114,0.5206522062149119,"{'learning_rate': 0.5, 'n_estimators': 200, 'num_leaves': 50}",0.023201410614782945
