,Gas,Model_name,CV_r2,CV_mse,test_r2_total_model,test_mse_by_total_model,test_r2_separa_model,test_mse_separa_model,best_param,kpg_pca_mse
0,CO2,ETR_separate,0.9388562981703625,0.8177594878481328,-1,-1,0.9332360987611232,0.49610455055812913,{'n_estimators': 180},0.019380648235913657
1,CO2,LGBM_separate,0.9389334129436421,0.8100014964099745,-1,-1,0.9451972658483746,0.4356782968393302,"{'learning_rate': 0.5, 'n_estimators': 200, 'num_leaves': 50}",0.019380648235913657
