,Gas,Model_name,CV_r2,CV_mse,test_r2_total_model,test_mse_by_total_model,test_r2_separa_model,test_mse_separa_model,best_param,kpg_pca_mse
0,CO2,ETR_separate,0.9357804686733321,0.8951030174055834,-1,-1,0.880669261112766,0.5765837249254477,{'n_estimators': 180},0.02159601859079691
1,CO2,LGBM_separate,0.928175317516055,0.9916290513343224,-1,-1,0.8689451732392981,0.6518269313607093,"{'learning_rate': 0.5, 'n_estimators': 200, 'num_leaves': 50}",0.02159601859079691
