,Gas,Model_name,CV_r2,CV_mse,test_r2_total_model,test_mse_by_total_model,test_r2_separa_model,test_mse_separa_model,best_param,kpg_pca_mse
0,CO2,ETR_separate,0.9248389594747668,1.0940917538536166,-1,-1,0.9045334654481669,1.2568291455966365,{'n_estimators': 200},0.02902740581461518
1,CO2,LGBM_separate,0.8968608806937104,1.4968702759855668,-1,-1,0.8994236019207399,1.2937734875379598,"{'learning_rate': 0.5, 'n_estimators': 200, 'num_leaves': 20}",0.02902740581461518
