,Gas,Model_name,CV_r2,CV_mse,test_r2_total_model,test_mse_by_total_model,test_r2_separa_model,test_mse_separa_model,best_param,kpg_pca_mse
0,CO2,ETR_separate,0.9375730448412971,0.8583447778306976,-1,-1,0.9098299818539416,0.9175296715866806,{'n_estimators': 180},0.02012119758332763
1,CO2,LGBM_separate,0.9414455749603883,0.8068154667471029,-1,-1,0.8885237090549969,1.04744777306288,"{'learning_rate': 0.5, 'n_estimators': 200, 'num_leaves': 50}",0.02012119758332763
