,Gas,Model_name,CV_r2,CV_mse,test_r2_total_model,test_mse_by_total_model,test_r2_separa_model,test_mse_separa_model,best_param,kpg_pca_mse
0,CO2,ETR_separate,0.9348723143795844,0.876085370563116,-1,-1,0.8860612654242714,0.6648749471463619,{'n_estimators': 180},0.018983012833237136
1,CO2,LGBM_separate,0.935744327155169,0.8706045284257484,-1,-1,0.9312663465341143,0.3714828001235228,"{'learning_rate': 0.5, 'n_estimators': 200, 'num_leaves': 50}",0.018983012833237136
