,Gas,Model_name,CV_r2,CV_mse,test_r2_total_model,test_mse_by_total_model,test_r2_separa_model,test_mse_separa_model,best_param,kpg_pca_mse
0,CO2,ETR_separate,0.9138659082356106,1.0565437694405833,-1,-1,0.7928368868478288,1.0914975944226157,{'n_estimators': 200},0.02790444341200595
1,CO2,LGBM_separate,0.9042655093318558,1.1512243158872006,-1,-1,0.8025312749134381,1.2421360479187586,"{'learning_rate': 0.5, 'n_estimators': 200, 'num_leaves': 50}",0.02790444341200595
