,Gas,Model_name,CV_r2,CV_mse,test_r2_total_model,test_mse_by_total_model,test_r2_separa_model,test_mse_separa_model,best_param,kpg_pca_mse
0,CO2,ETR_separate,0.939286634918707,0.793507158526759,-1,-1,0.9565086733329834,0.6964909444064113,{'n_estimators': 200},0.01854032789348161
1,CO2,LGBM_separate,0.9400917973566804,0.796325912463449,-1,-1,0.9639241537538237,0.6724713896615773,"{'learning_rate': 0.5, 'n_estimators': 200, 'num_leaves': 50}",0.01854032789348161
