,Gas,Model_name,CV_r2,CV_mse,test_r2_total_model,test_mse_by_total_model,test_r2_separa_model,test_mse_separa_model,best_param,kpg_pca_mse
0,CO2,ETR_separate,0.9367817032554047,0.8596834681521817,-1,-1,0.9242903638621797,1.1149718130249096,{'n_estimators': 200},0.020946542302634073
1,CO2,LGBM_separate,0.9368918624468925,0.8590432157371861,-1,-1,0.9514122992688215,0.580432611157488,"{'learning_rate': 0.5, 'n_estimators': 200, 'num_leaves': 50}",0.020946542302634073
