,Gas,Model_name,CV_r2,CV_mse,test_r2_total_model,test_mse_by_total_model,test_r2_separa_model,test_mse_separa_model,best_param,kpg_pca_mse
0,CO2,ETR_separate,0.8894559011796457,1.2217788888153271,-1,-1,0.7899685160584438,3.91651477897064,{'n_estimators': 50},0.033643393876186076
1,CO2,LGBM_separate,0.8798043144219951,1.2977997138139976,-1,-1,0.8246540267542471,3.365890356251622,"{'learning_rate': 0.5, 'n_estimators': 200, 'num_leaves': 20}",0.033643393876186076
