,Gas,Model_name,CV_r2,CV_mse,test_r2_total_model,test_mse_by_total_model,test_r2_separa_model,test_mse_separa_model,best_param,kpg_pca_mse
0,CO2,ETR_separate,0.909213705412016,1.0572787569900166,-1,-1,0.8316323387031448,0.8924507011147881,{'n_estimators': 200},0.027067958627962123
1,CO2,LGBM_separate,0.889945379769585,1.297285408502142,-1,-1,0.756154950671379,1.2143149195871177,"{'learning_rate': 0.5, 'n_estimators': 200, 'num_leaves': 30}",0.027067958627962123
