,Gas,Model_name,CV_r2,CV_mse,test_r2_total_model,test_mse_by_total_model,test_r2_separa_model,test_mse_separa_model,best_param,kpg_pca_mse
0,CO2,ETR_separate,0.9340740049858866,0.9319746956411248,-1,-1,0.8863027960366778,0.648303389984107,{'n_estimators': 180},0.022801169394656505
1,CO2,LGBM_separate,0.9310831821299432,0.9755634266543194,-1,-1,0.917918796233557,0.44224943824373536,"{'learning_rate': 0.5, 'n_estimators': 200, 'num_leaves': 50}",0.022801169394656505
