,Gas,Model_name,CV_r2,CV_mse,test_r2_total_model,test_mse_by_total_model,test_r2_separa_model,test_mse_separa_model,best_param,kpg_pca_mse
0,CO2,ETR_separate,0.9042499322760044,1.2445879775375965,-1,-1,0.8851679374140022,0.7808720394558353,{'n_estimators': 180},0.024556794997778082
1,CO2,LGBM_separate,0.8945551010887852,1.401839190264699,-1,-1,0.8880971924878338,0.71517116215557,"{'learning_rate': 0.5, 'n_estimators': 200, 'num_leaves': 50}",0.024556794997778082
