,Gas,Model_name,CV_r2,CV_mse,test_r2_total_model,test_mse_by_total_model,test_r2_separa_model,test_mse_separa_model,best_param,kpg_pca_mse
0,CO2,ETR_separate,0.9324826874749952,0.8633247058196117,-1,-1,0.9483434215494341,0.6692283381958296,{'n_estimators': 200},0.020054504178318097
1,CO2,LGBM_separate,0.9381180581211946,0.8058058588939485,-1,-1,0.9632302087813139,0.5121246781540927,"{'learning_rate': 0.5, 'n_estimators': 200, 'num_leaves': 50}",0.020054504178318097
