,Gas,Model_name,CV_r2,CV_mse,test_r2_total_model,test_mse_by_total_model,test_r2_separa_model,test_mse_separa_model,best_param,kpg_pca_mse
0,CO2,ETR_separate,0.9292365907746143,1.0043153880549494,-1,-1,0.9312264265295503,1.1367354559006289,{'n_estimators': 180},0.022935715580940978
1,CO2,LGBM_separate,0.9194708370727451,1.1513144201663508,-1,-1,0.9554299114850454,0.9035107843967394,"{'learning_rate': 0.5, 'n_estimators': 200, 'num_leaves': 50}",0.022935715580940978
