,Gas,Model_name,CV_r2,CV_mse,test_r2_total_model,test_mse_by_total_model,test_r2_separa_model,test_mse_separa_model,best_param,kpg_pca_mse
0,CO2,ETR_separate,0.9253026178457434,0.88818942554296,-1,-1,0.9285476049480543,1.6285445656070037,{'n_estimators': 180},0.025721197799384143
1,CO2,LGBM_separate,0.9147158240545394,0.9922208408162607,-1,-1,0.930164946266635,1.6098327910614896,"{'learning_rate': 0.5, 'n_estimators': 200, 'num_leaves': 50}",0.025721197799384143
