,Gas,Model_name,CV_r2,CV_mse,test_r2_total_model,test_mse_by_total_model,test_r2_separa_model,test_mse_separa_model,best_param,kpg_pca_mse
0,CO2,ETR_separate,0.9217073006172208,0.9146549004526532,-1,-1,0.9349936966781993,1.5027299461362182,{'n_estimators': 200},0.02543957150356558
1,CO2,LGBM_separate,0.9089994925630778,1.062083154394701,-1,-1,0.9320335488798729,1.5984786883244788,"{'learning_rate': 0.5, 'n_estimators': 200, 'num_leaves': 30}",0.02543957150356558
