,Gas,Model_name,CV_r2,CV_mse,test_r2_total_model,test_mse_by_total_model,test_r2_separa_model,test_mse_separa_model,best_param,kpg_pca_mse
0,CO2,ETR_separate,0.8841630674374645,1.521121641992459,-1,-1,0.8541185939837981,1.42809693711342,{'n_estimators': 120},0.02629359177881513
1,CO2,LGBM_separate,0.8645691174501422,1.7259502567059637,-1,-1,0.8640095330778573,1.3110326896530984,"{'learning_rate': 0.5, 'n_estimators': 200, 'num_leaves': 30}",0.02629359177881513
