,Gas,Model_name,CV_r2,CV_mse,test_r2_total_model,test_mse_by_total_model,test_r2_separa_model,test_mse_separa_model,best_param,kpg_pca_mse
0,CO2,ETR_separate,0.9269915157354631,1.0043399092159124,-1,-1,0.9132002699364492,0.8379954712892739,{'n_estimators': 180},0.02393608874653246
1,CO2,LGBM_separate,0.919063395608114,1.112055007295612,-1,-1,0.9442563947725505,0.5987445124231344,"{'learning_rate': 0.5, 'n_estimators': 200, 'num_leaves': 30}",0.02393608874653246
