,Gas,Model_name,CV_r2,CV_mse,test_r2_total_model,test_mse_by_total_model,test_r2_separa_model,test_mse_separa_model,best_param,kpg_pca_mse
0,CO2,ETR_separate,0.9355402131611609,0.8597881883050873,-1,-1,0.870587165920965,2.3248405742524003,{'n_estimators': 180},0.021356925644844087
1,CO2,LGBM_separate,0.9349592980740489,0.8775040631363022,-1,-1,0.8760521327220361,2.2100508169062416,"{'learning_rate': 0.5, 'n_estimators': 200, 'num_leaves': 50}",0.021356925644844087
