,Gas,Model_name,CV_r2,CV_mse,test_r2_total_model,test_mse_by_total_model,test_r2_separa_model,test_mse_separa_model,best_param,kpg_pca_mse
0,CO2,ETR_separate,0.9393034917183666,0.809723211250603,-1,-1,0.8896745682340674,1.1403714445859627,{'n_estimators': 180},0.018343375916383388
1,CO2,LGBM_separate,0.9446420576008159,0.7400129697991937,-1,-1,0.9208198634901669,0.8486420137434331,"{'learning_rate': 0.5, 'n_estimators': 200, 'num_leaves': 50}",0.018343375916383388
