,Gas,Model_name,CV_r2,CV_mse,test_r2_total_model,test_mse_by_total_model,test_r2_separa_model,test_mse_separa_model,best_param,kpg_pca_mse
0,CO2,ETR_separate,0.9238855886398092,1.1213082000280497,-1,-1,0.8689889696923855,1.528806522398387,{'n_estimators': 180},0.027671096974417858
1,CO2,LGBM_separate,0.9095519814657231,1.3257856402660535,-1,-1,0.8591358214573024,1.590649151497573,"{'learning_rate': 0.5, 'n_estimators': 200, 'num_leaves': 50}",0.027671096974417858
