,Gas,Model_name,CV_r2,CV_mse,test_r2_total_model,test_mse_by_total_model,test_r2_separa_model,test_mse_separa_model,best_param,kpg_pca_mse
0,CO2,ETR_separate,0.9321835224940511,0.9125071283027986,-1,-1,0.9655824153469437,0.9245461884965596,{'n_estimators': 200},0.0211327460568819
1,CO2,LGBM_separate,0.9295963701744704,0.9522289494552101,-1,-1,0.9505795173135305,1.2384094238167027,"{'learning_rate': 0.5, 'n_estimators': 200, 'num_leaves': 50}",0.0211327460568819
