,Gas,Model_name,CV_r2,CV_mse,test_r2_total_model,test_mse_by_total_model,test_r2_separa_model,test_mse_separa_model,best_param,kpg_pca_mse
0,CO2,ETR_separate,0.9372783331261694,0.835753717197883,-1,-1,0.9577190062452877,0.6968525431910464,{'n_estimators': 180},0.020278627666083238
1,CO2,LGBM_separate,0.9320152557747559,0.9194473600776332,-1,-1,0.9675611152208946,0.5504696742499752,"{'learning_rate': 0.5, 'n_estimators': 200, 'num_leaves': 50}",0.020278627666083238
