,Gas,Model_name,CV_r2,CV_mse,test_r2_total_model,test_mse_by_total_model,test_r2_separa_model,test_mse_separa_model,best_param,kpg_pca_mse
0,CO2,ETR_separate,0.8970908807616171,1.1998657661821783,-1,-1,0.8870330223498277,1.1087661291836428,{'n_estimators': 180},0.03634769449098813
1,CO2,LGBM_separate,0.8628718786628875,1.6740226067924133,-1,-1,0.8716911622120538,1.3054069560583292,"{'learning_rate': 0.5, 'n_estimators': 200, 'num_leaves': 20}",0.03634769449098813
