,Gas,Model_name,CV_r2,CV_mse,test_r2_total_model,test_mse_by_total_model,test_r2_separa_model,test_mse_separa_model,best_param,kpg_pca_mse
0,CO2,ETR_separate,0.9425486556304884,0.7827489024153558,-1,-1,0.894106815515639,0.5839408236025742,{'n_estimators': 180},0.01841296295282715
1,CO2,LGBM_separate,0.9455425580781291,0.7520174008134427,-1,-1,0.9152985937889231,0.4984906834125099,"{'learning_rate': 0.5, 'n_estimators': 200, 'num_leaves': 50}",0.01841296295282715
