,Gas,Model_name,CV_r2,CV_mse,test_r2_total_model,test_mse_by_total_model,test_r2_separa_model,test_mse_separa_model,best_param,kpg_pca_mse
0,CO2,ETR_separate,0.9244624676854739,1.21672992605762,-1,-1,0.8400529758541022,1.6321199501180643,{'n_estimators': 200},0.03152778829773674
1,CO2,LGBM_separate,0.9096106184202288,1.4179336532782787,-1,-1,0.8418544069583995,1.6731861363512686,"{'learning_rate': 0.1, 'n_estimators': 200, 'num_leaves': 50}",0.03152778829773674
