,Gas,Model_name,CV_r2,CV_mse,test_r2_total_model,test_mse_by_total_model,test_r2_separa_model,test_mse_separa_model,best_param,kpg_pca_mse
0,CO2,ETR_separate,0.9275403546921961,0.9598018624626967,-1,-1,0.8770891300915905,0.4254205784940285,{'n_estimators': 200},0.020466446199434885
1,CO2,LGBM_separate,0.9336811733354138,0.8929551797185654,-1,-1,0.8511667870764517,0.53534407650183,"{'learning_rate': 0.5, 'n_estimators': 200, 'num_leaves': 50}",0.020466446199434885
