,Gas,Model_name,CV_r2,CV_mse,test_r2_total_model,test_mse_by_total_model,test_r2_separa_model,test_mse_separa_model,best_param,kpg_pca_mse
0,CO2,ETR_separate,0.9261565999317828,0.9408750912937244,-1,-1,0.8518391283179667,0.9881334682058915,{'n_estimators': 200},0.024618369336479477
1,CO2,LGBM_separate,0.9162404774532135,1.1071462135555543,-1,-1,0.9061849828238503,0.6306885436235945,"{'learning_rate': 0.5, 'n_estimators': 200, 'num_leaves': 50}",0.024618369336479477
