,Gas,Model_name,CV_r2,CV_mse,test_r2_total_model,test_mse_by_total_model,test_r2_separa_model,test_mse_separa_model,best_param,kpg_pca_mse
0,CO2,ETR_separate,0.9090639682913585,1.199029703664432,-1,-1,0.9052182201371126,0.8759951696032501,{'n_estimators': 120},0.02617754281016032
1,CO2,LGBM_separate,0.8982162412996704,1.3495419046026622,-1,-1,0.9380373588628094,0.6778573417044349,"{'learning_rate': 0.5, 'n_estimators': 200, 'num_leaves': 30}",0.02617754281016032
