,Gas,Model_name,CV_r2,CV_mse,test_r2_total_model,test_mse_by_total_model,test_r2_separa_model,test_mse_separa_model,best_param,kpg_pca_mse
0,CO2,ETR_separate,0.9299518643853201,0.9571447945739052,-1,-1,0.9378198310471306,0.7594386630460962,{'n_estimators': 200},0.020432934826216238
1,CO2,LGBM_separate,0.9351847405615918,0.8855000283047584,-1,-1,0.9532180040193988,0.6262435087089975,"{'learning_rate': 0.5, 'n_estimators': 200, 'num_leaves': 50}",0.020432934826216238
