,Gas,Model_name,CV_r2,CV_mse,test_r2_total_model,test_mse_by_total_model,test_r2_separa_model,test_mse_separa_model,best_param,kpg_pca_mse
0,CO2,ETR_separate,0.9129768841140586,1.0910623118311689,-1,-1,0.9290878777497737,0.8384651871607929,{'n_estimators': 200},0.027229428057455107
1,CO2,LGBM_separate,0.9044118567692868,1.201374852202506,-1,-1,0.925850468512617,0.9747233230344888,"{'learning_rate': 0.5, 'n_estimators': 200, 'num_leaves': 50}",0.027229428057455107
