,Gas,Model_name,CV_r2,CV_mse,test_r2_total_model,test_mse_by_total_model,test_r2_separa_model,test_mse_separa_model,best_param,kpg_pca_mse
0,CO2,ETR_separate,0.9410260571979432,0.80743229801187,-1,-1,0.9045555118452208,0.6628994696749875,{'n_estimators': 180},0.018591368926733503
1,CO2,LGBM_separate,0.9419130819918763,0.7903624236684722,-1,-1,0.9530530758735503,0.3121328413034348,"{'learning_rate': 0.5, 'n_estimators': 200, 'num_leaves': 50}",0.018591368926733503
