,Gas,Model_name,CV_r2,CV_mse,test_r2_total_model,test_mse_by_total_model,test_r2_separa_model,test_mse_separa_model,best_param,kpg_pca_mse
0,CO2,ETR_separate,0.9385117179770684,0.8313067815828218,-1,-1,0.8741476049826595,0.8721144795940022,{'n_estimators': 200},0.020369547055356117
1,CO2,LGBM_separate,0.9385627118821818,0.8269089335017012,-1,-1,0.9521039697204725,0.3484597832372959,"{'learning_rate': 0.5, 'n_estimators': 200, 'num_leaves': 50}",0.020369547055356117
