,Gas,Model_name,CV_r2,CV_mse,test_r2_total_model,test_mse_by_total_model,test_r2_separa_model,test_mse_separa_model,best_param,kpg_pca_mse
0,CO2,ETR_separate,0.9171092574089293,1.1198528016550302,-1,-1,0.7791765856191633,1.142013023764436,{'n_estimators': 180},0.028128739103392447
1,CO2,LGBM_separate,0.910916704014183,1.2458709759274338,-1,-1,0.844050893704357,0.9811227826971521,"{'learning_rate': 0.5, 'n_estimators': 200, 'num_leaves': 50}",0.028128739103392447
