,Gas,Model_name,CV_r2,CV_mse,test_r2_total_model,test_mse_by_total_model,test_r2_separa_model,test_mse_separa_model,best_param,kpg_pca_mse
0,CO2,ETR_separate,0.8947677118348532,1.1010931688057048,-1,-1,0.872176608554504,0.44050372700679047,{'n_estimators': 200},0.02567369994867172
1,CO2,LGBM_separate,0.8840306489084577,1.2239974678885084,-1,-1,0.837533607028956,0.5914119759510602,"{'learning_rate': 0.5, 'n_estimators': 200, 'num_leaves': 30}",0.02567369994867172
