,Gas,Model_name,CV_r2,CV_mse,test_r2_total_model,test_mse_by_total_model,test_r2_separa_model,test_mse_separa_model,best_param,kpg_pca_mse
0,CO2,ETR_separate,0.9228423503826381,0.9497214368727731,-1,-1,0.8995665731271798,1.123383624478525,{'n_estimators': 200},0.02813257433391702
1,CO2,LGBM_separate,0.9125553470727018,1.0755789752694378,-1,-1,0.930914523993284,0.8754329535549152,"{'learning_rate': 0.5, 'n_estimators': 200, 'num_leaves': 30}",0.02813257433391702
