,Gas,Model_name,CV_r2,CV_mse,test_r2_total_model,test_mse_by_total_model,test_r2_separa_model,test_mse_separa_model,best_param,kpg_pca_mse
0,CO2,ETR_separate,0.9311744438628129,0.9276874768963375,-1,-1,0.9324556455387758,0.7955000785039527,{'n_estimators': 180},0.020611101838743595
1,CO2,LGBM_separate,0.9315451441752302,0.9254038832567341,-1,-1,0.936372865666575,0.8108466190038394,"{'learning_rate': 0.5, 'n_estimators': 200, 'num_leaves': 50}",0.020611101838743595
