,Gas,Model_name,CV_r2,CV_mse,test_r2_total_model,test_mse_by_total_model,test_r2_separa_model,test_mse_separa_model,best_param,kpg_pca_mse
0,CO2,ETR_separate,0.9340290957998384,0.8757544909900649,-1,-1,0.9000393697055633,0.6977431542149664,{'n_estimators': 200},0.0206677678235748
1,CO2,LGBM_separate,0.9377485514125443,0.8236739826902546,-1,-1,0.9392376417385095,0.4140080550132399,"{'learning_rate': 0.5, 'n_estimators': 200, 'num_leaves': 50}",0.0206677678235748
