,Gas,Model_name,CV_r2,CV_mse,test_r2_total_model,test_mse_by_total_model,test_r2_separa_model,test_mse_separa_model,best_param
0,CO2,GBR_separate,0.9344261546398102,0.781695644253056,-1,-1,0.9440252578934467,0.6023211038220918,"{'learning_rate': 0.5, 'n_estimators': 200}"
1,CO2,ETR_separate,0.9267630073458057,0.8786864883475566,-1,-1,0.9327648815750066,0.7010049163101894,{'n_estimators': 200}
2,CO2,LGBM_separate,0.9277099699400582,0.869440059094301,-1,-1,0.9263793514156298,0.8042580333780561,"{'learning_rate': 0.5, 'n_estimators': 200, 'num_leaves': 50}"
3,CO2,BGLGBM_separate,0.9377892002037648,0.7518637152830775,-1,-1,0.9431202369624248,0.6042665549097498,{'n_estimators': 50}
