,Gas,Model_name,CV_r2,CV_mse,test_r2_total_model,test_mse_by_total_model,test_r2_separa_model,test_mse_separa_model,best_param
0,CO2,GBR_separate,0.9278246800970745,0.7814079926095474,-1,-1,0.9437261847259574,0.9158504209401864,"{'learning_rate': 0.5, 'n_estimators': 200}"
1,CO2,ETR_separate,0.9220560944552304,0.8392278694947324,-1,-1,0.9428227077862489,0.926243176121291,{'n_estimators': 180}
2,CO2,LGBM_separate,0.924077703308581,0.8250312689785207,-1,-1,0.9507754400756573,0.8160726808843158,"{'learning_rate': 0.5, 'n_estimators': 200, 'num_leaves': 50}"
3,CO2,BGLGBM_separate,0.9327236857703621,0.728475383450693,-1,-1,0.9523524124103905,0.751413645184222,{'n_estimators': 50}
