,Gas,Model_name,CV_r2,CV_mse,test_r2_total_model,test_mse_by_total_model,test_r2_separa_model,test_mse_separa_model,best_param
0,CO2,GBR_separate,0.9376292354768931,0.7730340620952436,-1,-1,0.9191750652878398,0.8772690741857895,"{'learning_rate': 0.5, 'n_estimators': 200}"
1,CO2,ETR_separate,0.9311140201289909,0.8533624582359186,-1,-1,0.9292810990637639,0.7364701869894791,{'n_estimators': 180}
2,CO2,LGBM_separate,0.9349758023169559,0.8075002470407704,-1,-1,0.9260880914003153,0.827999441285101,"{'learning_rate': 0.5, 'n_estimators': 200, 'num_leaves': 50}"
3,CO2,BGLGBM_separate,0.9438324982503922,0.6962396313576651,-1,-1,0.9331322177283868,0.7207218769017335,{'n_estimators': 50}
