,CV_r2,CV_mse,test_r2_separa_model,test_mse_separa_model
0,0.0052285119121617905,0.03657463285290831,0.008478087646708697,0.061199826363781566
