,CV_r2,CV_mse,test_r2_separa_model,test_mse_separa_model
0,0.00545591037546866,0.037050110243363396,0.011060086637354334,0.06981605592963018
