,CV_r2,CV_mse,test_r2_separa_model,test_mse_separa_model
0,0.00521214211418685,0.03674517429242234,0.009503883435103475,0.07100199789902202
