,CV_r2,CV_mse,test_r2_separa_model,test_mse_separa_model
0,0.9507943409420647,0.3537353558556264,0.9623521308500025,0.2556947234569245
