,CV_r2,CV_mse,test_r2_separa_model,test_mse_separa_model
0,0.006988862044160119,0.06944740239093883,0.019813041430133772,0.16452953861543881
