,CV_r2,CV_mse,test_r2_separa_model,test_mse_separa_model
0,0.9129823308750642,0.8521703059571891,0.9176223933396206,0.7577396149527179
