,CV_r2,CV_mse,test_r2_separa_model,test_mse_separa_model
0,0.006784489883947367,0.06521800346418025,0.018192370987684236,0.15714547998433884
