,CV_r2,CV_mse,test_r2_separa_model,test_mse_separa_model
0,0.007035517166166173,0.06861109711162763,0.022105682330286466,0.18156349915255182
