,CV_r2,CV_mse,test_r2_separa_model,test_mse_separa_model
0,0.9239539843897211,0.7447422144342447,0.9276793573104877,0.6686210557904932
