,CV_r2,CV_mse,test_r2_separa_model,test_mse_separa_model
0,0.9046768834712882,0.9291314504590368,0.9049850005317477,0.8979674961588726
