,CV_r2,CV_mse,test_r2_separa_model,test_mse_separa_model
0,0.006663870770783293,0.06099740920187427,0.017604318421373343,0.15267277655275494
