,CV_r2,CV_mse,test_r2_separa_model,test_mse_separa_model
0,0.9273038801841724,0.7111000220450326,0.9322107865763053,0.6316338339212899
