,Gas,Model_name,CV_r2,CV_mse,test_r2_total_model,test_mse_by_total_model,test_r2_separa_model,test_mse_separa_model,best_param
0,E&E,ETR_separate,0.9098527972520138,1.0899370123027528,-1,-1,0.8846574465503828,0.7790776028451832,{'n_estimators': 200}
1,E&E,LGBM_separate,0.9039229860452866,1.1348758872477904,-1,-1,0.9365439209223979,0.45938553152481004,"{'learning_rate': 0.5, 'n_estimators': 200, 'num_leaves': 50}"
2,E&E,BGLGBM_separate,0.9156326464618598,1.0304561656642748,-1,-1,0.9437792601617472,0.381068297112281,{'n_estimators': 50}
3,E&E,ETR_separate,0.9100135756827624,0.6956573673649006,-1,-1,0.8927279786998155,0.7301022520873468,{'n_estimators': 150}
4,E&E,LGBM_separate,0.9373152345749137,0.47930061135000335,-1,-1,0.9321740640980127,0.496269697068464,"{'learning_rate': 0.5, 'n_estimators': 200, 'num_leaves': 20}"
5,E&E,BGLGBM_separate,0.9430572951843701,0.4376669185726623,-1,-1,0.9315732820663781,0.4755917646167893,{'n_estimators': 30}
