,Gas,Model_name,CV_r2,CV_mse,test_r2_total_model,test_mse_by_total_model,test_r2_separa_model,test_mse_separa_model,best_param
0,E&E,ETR_separate,0.9241539202304502,0.9321885494310245,-1,-1,0.8919831300926546,0.7179570962634001,{'n_estimators': 200}
1,E&E,LGBM_separate,0.9096687258027467,1.1197369694885517,-1,-1,0.9491925191071614,0.3652590231366053,"{'learning_rate': 0.5, 'n_estimators': 200, 'num_leaves': 50}"
2,E&E,BGLGBM_separate,0.9292059224798033,0.874941927258009,-1,-1,0.9207368405561841,0.5199648117682305,{'n_estimators': 50}
3,E&E,ETR_separate,0.9009636654830218,0.7253875761356764,-1,-1,0.8870126880486295,0.7309435813165306,{'n_estimators': 180}
4,E&E,LGBM_separate,0.9313109015077871,0.5070397675771556,-1,-1,0.9341294671958985,0.442079313334227,"{'learning_rate': 0.1, 'n_estimators': 200, 'num_leaves': 50}"
5,E&E,BGLGBM_separate,0.9368637845011657,0.4641830821657463,-1,-1,0.9350880452289183,0.428266762642728,{'n_estimators': 50}
