,Gas,Model_name,CV_r2,CV_mse,test_r2_total_model,test_mse_by_total_model,test_r2_separa_model,test_mse_separa_model,best_param
0,E&E,ETR_separate,0.9085090621136651,1.0265125100128187,-1,-1,0.8867058201191269,0.8038469564136722,{'n_estimators': 200}
1,E&E,LGBM_separate,0.9109321731716491,1.0128952260399346,-1,-1,0.9173856002307976,0.6338593509423843,"{'learning_rate': 0.5, 'n_estimators': 200, 'num_leaves': 50}"
2,E&E,BGLGBM_separate,0.9273177578214833,0.8195923348155649,-1,-1,0.9269397722019564,0.5288088368255508,{'n_estimators': 50}
3,E&E,ETR_separate,0.9061260525329047,0.6766530438973252,-1,-1,0.8788121786410071,0.8772897357469918,{'n_estimators': 150}
4,E&E,LGBM_separate,0.9364671359086325,0.4617943882242511,-1,-1,0.9257726009535571,0.5614517001291834,"{'learning_rate': 0.1, 'n_estimators': 200, 'num_leaves': 50}"
5,E&E,BGLGBM_separate,0.9411694941893035,0.4264030170410694,-1,-1,0.9291395463701184,0.5335176729322822,{'n_estimators': 50}
