,Gas,Model_name,CV_r2,CV_mse,test_r2_total_model,test_mse_by_total_model,test_r2_separa_model,test_mse_separa_model,best_param
0,E&E,ETR_separate,0.9165942554914333,1.0807456062144787,-1,-1,0.9078913228513228,0.6216961126089866,{'n_estimators': 200}
1,E&E,LGBM_separate,0.9050304421624575,1.2163826365605226,-1,-1,0.9367043777757185,0.4067501684652918,"{'learning_rate': 0.5, 'n_estimators': 200, 'num_leaves': 50}"
2,E&E,BGLGBM_separate,0.9275651171968109,0.9355729960323377,-1,-1,0.9422423750548402,0.37693494489027973,{'n_estimators': 30}
3,E&E,ETR_separate,0.9143881024395508,0.6316737357906168,-1,-1,0.8978163504265552,0.694824972959904,{'n_estimators': 180}
4,E&E,LGBM_separate,0.9370071399410639,0.4682116335945038,-1,-1,0.928891242736068,0.4761097404002671,"{'learning_rate': 0.1, 'n_estimators': 200, 'num_leaves': 50}"
5,E&E,BGLGBM_separate,0.9408623703161819,0.43735791691467635,-1,-1,0.9359043137905821,0.4234144899230559,{'n_estimators': 50}
