,Gas,Model_name,CV_r2,CV_mse,test_r2_total_model,test_mse_by_total_model,test_r2_separa_model,test_mse_separa_model,best_param
0,E&E,ETR_separate,0.9101251777355867,1.0077911435148024,-1,-1,0.8976545459266045,0.7709841123965855,{'n_estimators': 200}
1,E&E,LGBM_separate,0.898027974889466,1.1440473781018432,-1,-1,0.9516955468309697,0.41097647206038357,"{'learning_rate': 0.5, 'n_estimators': 200, 'num_leaves': 50}"
2,E&E,BGLGBM_separate,0.9166579791572399,0.9348604929479828,-1,-1,0.937681790851598,0.492333864263225,{'n_estimators': 50}
3,E&E,ETR_separate,0.9019793478207013,0.6537196735020092,-1,-1,0.9005319590472771,0.7535883387109406,{'n_estimators': 200}
4,E&E,LGBM_separate,0.9332246187049051,0.45830768185106646,-1,-1,0.9384884903845073,0.5260577231778503,"{'learning_rate': 0.1, 'n_estimators': 200, 'num_leaves': 50}"
5,E&E,BGLGBM_separate,0.9366950716218178,0.4339605219496868,-1,-1,0.9392277835306055,0.4972906754006192,{'n_estimators': 50}
