,Gas,Model_name,CV_r2,CV_mse,test_r2_total_model,test_mse_by_total_model,test_r2_separa_model,test_mse_separa_model,best_param
0,E&E,ETR_separate,0.8998810053870934,1.273956280293324,-1,-1,0.9019568867245852,0.758387422880601,{'n_estimators': 180}
1,E&E,LGBM_separate,0.8941589932602987,1.3218601541584638,-1,-1,0.9486998595353913,0.4533640138336834,"{'learning_rate': 0.5, 'n_estimators': 200, 'num_leaves': 50}"
2,E&E,BGLGBM_separate,0.9091600268994572,1.1489062782574206,-1,-1,0.9503578729211634,0.3943751625241437,{'n_estimators': 50}
3,E&E,ETR_separate,0.8872507910407966,0.8150229739773425,-1,-1,0.9009833484059682,0.759101535100096,{'n_estimators': 150}
4,E&E,LGBM_separate,0.9212122062482084,0.568597063639521,-1,-1,0.9473142387610334,0.43479948651812117,"{'learning_rate': 0.1, 'n_estimators': 200, 'num_leaves': 50}"
5,E&E,BGLGBM_separate,0.9253834349554317,0.5391372258193291,-1,-1,0.9487025965338429,0.4169692114129564,{'n_estimators': 50}
