,Gas,Model_name,CV_r2,CV_mse,test_r2_total_model,test_mse_by_total_model,test_r2_separa_model,test_mse_separa_model,best_param
0,E&E,ETR_separate,0.9192381019199682,1.0424740238169987,-1,-1,0.9068548378862936,0.6133789428086561,{'n_estimators': 150}
1,E&E,LGBM_separate,0.9021642220705364,1.2388337905037965,-1,-1,0.9466157247602743,0.4006827195295718,"{'learning_rate': 0.5, 'n_estimators': 200, 'num_leaves': 50}"
2,E&E,BGLGBM_separate,0.9220441733904329,1.0066760406135296,-1,-1,0.9616001401576548,0.2707109980447174,{'n_estimators': 30}
3,E&E,ETR_separate,0.8953252595568015,0.7939906979755553,-1,-1,0.8980929267933752,0.6731967950770668,{'n_estimators': 150}
4,E&E,LGBM_separate,0.9280542203246863,0.5473154937730873,-1,-1,0.9533267049539801,0.33825095753557,"{'learning_rate': 0.1, 'n_estimators': 200, 'num_leaves': 50}"
5,E&E,BGLGBM_separate,0.9313818182699094,0.5202413232112616,-1,-1,0.9549951205382861,0.3221811771345911,{'n_estimators': 50}
