,Gas,Model_name,CV_r2,CV_mse,test_r2_total_model,test_mse_by_total_model,test_r2_separa_model,test_mse_separa_model,best_param
0,CFCs,GBR_separate,0.9460836981586056,0.9702521982291827,-1,-1,0.9513106101561809,0.4221064041173738,"{'learning_rate': 0.1, 'n_estimators': 200}"
1,CFCs,ETR_separate,0.9529635777684129,0.8526681004942203,-1,-1,0.9319037406928825,0.6002074331540369,{'n_estimators': 200}
2,CFCs,LGBM_separate,0.9144902895847704,1.5544909435890772,-1,-1,0.9701218728551344,0.2979014760185235,"{'learning_rate': 0.5, 'n_estimators': 200, 'num_leaves': 10}"
3,CFCs,BGLGBM_separate,0.9368451224741442,1.188239711258438,-1,-1,0.9585906291167586,0.38170940216536076,{'n_estimators': 30}
