,Gas,Model_name,CV_r2,CV_mse,test_r2_total_model,test_mse_by_total_model,test_r2_separa_model,test_mse_separa_model,best_param
0,CFCs,GBR_separate,0.8861353282045428,1.6130284799670598,-1,-1,0.9723280820421639,0.570700389818024,"{'learning_rate': 0.5, 'n_estimators': 200}"
1,CFCs,ETR_separate,0.9403200519173079,0.7169872107086954,-1,-1,0.9566770243320311,0.7505470107437301,{'n_estimators': 200}
2,CFCs,LGBM_separate,0.8504850234595176,1.8966310108425315,-1,-1,0.9178896798378413,2.1282672981387165,"{'learning_rate': 0.5, 'n_estimators': 200, 'num_leaves': 10}"
3,CFCs,BGLGBM_separate,0.8758229232248175,1.5721990187964623,-1,-1,0.9502264208616981,1.0197161356000488,{'n_estimators': 50}
