,CV_r2,CV_mse,test_r2_separa_model,test_mse_separa_model
0,0.008555152118182897,0.08895331636996859,0.02435246435943672,0.256937889171186
