,CV_r2,CV_mse,test_r2_separa_model,test_mse_separa_model
0,0.9135106063332258,0.8747262314704447,0.9157565499380083,0.825316911931993
