,CV_r2,CV_mse,test_r2_separa_model,test_mse_separa_model
0,0.00953016952831207,0.09925859401583083,0.023866631205500876,0.2390843759990665
