,CV_r2,CV_mse,test_r2_separa_model,test_mse_separa_model
0,0.0071080000860387575,0.07696258123367157,0.01885424908540185,0.20668572848211772
