,CV_r2,CV_mse,test_r2_separa_model,test_mse_separa_model
0,0.01005975622303412,0.10814887079361435,0.0214072135418216,0.2245575579490517
