,CV_r2,CV_mse,test_r2_separa_model,test_mse_separa_model
0,0.007604570197105712,0.07889917069811828,0.022369037099817607,0.2339226006004057
