,CV_r2,CV_mse,test_r2_separa_model,test_mse_separa_model
0,0.0051858364889467625,0.034747236435106736,0.012038101579864695,0.07859117879295457
