,CV_r2,CV_mse,test_r2_separa_model,test_mse_separa_model
0,0.9508855123429402,0.35342334621878096,0.9604198042651722,0.2725351672812448
