,CV_r2,CV_mse,test_r2_separa_model,test_mse_separa_model
0,0.9503157218081,0.3577390106277406,0.9601601154569919,0.2744617907999481
