,CV_r2,CV_mse,test_r2_separa_model,test_mse_separa_model
0,0.004574263587543864,0.032256285709743586,0.008562916431501305,0.06252741104128764
