,CV_r2,CV_mse,test_r2_separa_model,test_mse_separa_model
0,0.00503106338386711,0.0357347920357676,0.009015969368989143,0.06469433437936231
