,CV_r2,CV_mse,test_r2_separa_model,test_mse_separa_model
0,0.007788474059511952,0.08251350918170006,0.02014000957081288,0.21276374105299586
