,CV_r2,CV_mse,test_r2_separa_model,test_mse_separa_model
0,0.9238182819961215,0.7716052159511233,0.9299963089839938,0.6971471544300004
