,CV_r2,CV_mse,test_r2_separa_model,test_mse_separa_model
0,0.010429996552062717,0.10651552451285698,0.023200944584355038,0.23538214116185
