,CV_r2,CV_mse,test_r2_separa_model,test_mse_separa_model
0,0.9175074668844532,0.8336863262766708,0.9224563888222022,0.7686683712693521
