,CV_r2,CV_mse,test_r2_separa_model,test_mse_separa_model
0,0.010575256551722402,0.11973737939088713,0.025500130159083933,0.2808916603881712
