,Gas,Model_name,CV_r2,CV_mse,test_r2_total_model,test_mse_by_total_model,test_r2_separa_model,test_mse_separa_model,best_param
0,E&E,GBR_separate,0.9167875379610297,0.6042088407774776,-1,-1,0.9380262161127179,0.505534852927772,"{'learning_rate': 0.5, 'n_estimators': 200}"
1,E&E,ETR_separate,0.8935711053178821,0.7736961082083444,-1,-1,0.895298874857352,0.822275984143471,{'n_estimators': 180}
2,E&E,LGBM_separate,0.9105666820193736,0.6483492956008161,-1,-1,0.9311570792853161,0.5486386078615813,"{'learning_rate': 0.5, 'n_estimators': 200, 'num_leaves': 50}"
3,E&E,BGLGBM_separate,0.9242794646742116,0.5512290344029951,-1,-1,0.938842604455277,0.4775319652322254,{'n_estimators': 50}
