,Gas,Model_name,CV_r2,CV_mse,test_r2_total_model,test_mse_by_total_model,test_r2_separa_model,test_mse_separa_model,best_param
0,E&E,GBR_separate,0.928334169805656,0.52916696385049,-1,-1,0.9136272715869278,0.7097193997631616,"{'learning_rate': 0.5, 'n_estimators': 200}"
1,E&E,ETR_separate,0.8877382355073825,0.8201474362893428,-1,-1,0.890376170928102,0.7493775238743555,{'n_estimators': 200}
2,E&E,LGBM_separate,0.9246580583732165,0.5576392766299145,-1,-1,0.9363394479445882,0.48718129812249855,"{'learning_rate': 0.5, 'n_estimators': 200, 'num_leaves': 30}"
3,E&E,BGLGBM_separate,0.930646727257046,0.5131149453831189,-1,-1,0.9347067585030672,0.46221551470931344,{'n_estimators': 50}
