,Gas,Model_name,CV_r2,CV_mse,test_r2_total_model,test_mse_by_total_model,test_r2_separa_model,test_mse_separa_model,best_param
0,E&E,ETR_separate,0.9062622780983366,1.0517414051231833,-1,-1,0.8711189667843958,0.7494192275733377,{'n_estimators': 150}
1,E&E,LGBM_separate,0.9059760633576026,1.0408910958667579,-1,-1,0.9215569440353026,0.4927984149432419,"{'learning_rate': 0.5, 'n_estimators': 200, 'num_leaves': 50}"
2,E&E,BGLGBM_separate,0.9180142625984538,0.9207751279656164,-1,-1,0.9200929971832933,0.48262356935414374,{'n_estimators': 50}
3,E&E,ETR_separate,0.9080239101332109,0.7158343433921803,-1,-1,0.8727495086755025,0.7599439156572775,{'n_estimators': 200}
4,E&E,LGBM_separate,0.9357964761442913,0.4992840272363379,-1,-1,0.9486712754433022,0.3257280119722783,"{'learning_rate': 0.1, 'n_estimators': 200, 'num_leaves': 50}"
5,E&E,BGLGBM_separate,0.9404232782631048,0.4642470121052581,-1,-1,0.9442550888036452,0.34122485332369207,{'n_estimators': 50}
