,Gas,Model_name,CV_r2,CV_mse,test_r2_total_model,test_mse_by_total_model,test_r2_separa_model,test_mse_separa_model,best_param
0,E&E,ETR_separate,0.909756912625433,1.0106192081644907,-1,-1,0.9218747523289912,0.5637747346803462,{'n_estimators': 200}
1,E&E,LGBM_separate,0.905937927275299,1.039611626299514,-1,-1,0.9527339179967051,0.34698273156104387,"{'learning_rate': 0.5, 'n_estimators': 200, 'num_leaves': 50}"
2,E&E,BGLGBM_separate,0.9197415030681004,0.8947151521111458,-1,-1,0.9580979047364886,0.294526710636535,{'n_estimators': 50}
3,E&E,ETR_separate,0.9022425085043221,0.7277124910867501,-1,-1,0.9211374020554215,0.5750006270862239,{'n_estimators': 100}
4,E&E,LGBM_separate,0.9271084321835739,0.5417352349249189,-1,-1,0.9589398357130566,0.29394471294322905,"{'learning_rate': 0.1, 'n_estimators': 200, 'num_leaves': 50}"
5,E&E,BGLGBM_separate,0.9306780474855941,0.5141515903303708,-1,-1,0.9586529750440786,0.2978407633011102,{'n_estimators': 10}
