,Gas,Model_name,CV_r2,CV_mse,test_r2_total_model,test_mse_by_total_model,test_r2_separa_model,test_mse_separa_model,best_param
0,E&E,ETR_separate,0.9164631902811566,0.9634169045267781,-1,-1,0.9157941392031068,0.6567191362307984,{'n_estimators': 200}
1,E&E,LGBM_separate,0.8955342467976507,1.207243324016783,-1,-1,0.953595577076754,0.34979902021806053,"{'learning_rate': 0.5, 'n_estimators': 200, 'num_leaves': 50}"
2,E&E,BGLGBM_separate,0.92291291227992,0.8998844689387611,-1,-1,0.9505876691337051,0.3609102833893175,{'n_estimators': 50}
3,E&E,ETR_separate,0.9046070537975333,0.6876610467512811,-1,-1,0.9130172112109585,0.6813433347101153,{'n_estimators': 200}
4,E&E,LGBM_separate,0.9203372746477223,0.5688413023601704,-1,-1,0.9553892881302691,0.3434330822083594,"{'learning_rate': 0.5, 'n_estimators': 200, 'num_leaves': 30}"
5,E&E,BGLGBM_separate,0.9304657770442463,0.5026263810523638,-1,-1,0.9552381223536309,0.33113229314386344,{'n_estimators': 50}
