,Gas,Model_name,CV_r2,CV_mse,test_r2_total_model,test_mse_by_total_model,test_r2_separa_model,test_mse_separa_model,best_param
0,E&E,ETR_separate,0.9177162618255925,0.9217898736312055,-1,-1,0.8913636544792867,0.6739998160786557,{'n_estimators': 200}
1,E&E,LGBM_separate,0.9144936833968973,0.9641526098745116,-1,-1,0.9106898672580059,0.5672200285666545,"{'learning_rate': 0.5, 'n_estimators': 200, 'num_leaves': 50}"
2,E&E,BGLGBM_separate,0.9329178325558323,0.7509318494357227,-1,-1,0.9315416290098935,0.418634595512602,{'n_estimators': 50}
3,E&E,ETR_separate,0.8933233355726611,0.8273753889674136,-1,-1,0.892687445218821,0.6635017870836929,{'n_estimators': 150}
4,E&E,LGBM_separate,0.9375375772967368,0.486630669937104,-1,-1,0.9343665467622964,0.4296704160033894,"{'learning_rate': 0.1, 'n_estimators': 200, 'num_leaves': 50}"
5,E&E,BGLGBM_separate,0.9410308386574864,0.45805807983758384,-1,-1,0.9301276954083461,0.44504433405349253,{'n_estimators': 50}
