,Gas,Model_name,CV_r2,CV_mse,test_r2_total_model,test_mse_by_total_model,test_r2_separa_model,test_mse_separa_model,best_param
0,E&E,ETR_separate,0.9164801501729112,0.993070207521946,-1,-1,0.9064286743906492,0.6553085124376046,{'n_estimators': 180}
1,E&E,LGBM_separate,0.9114834932259199,1.0623652149456073,-1,-1,0.9443245237878464,0.41470856552990115,"{'learning_rate': 0.5, 'n_estimators': 200, 'num_leaves': 50}"
2,E&E,BGLGBM_separate,0.9328965409374359,0.799788443913549,-1,-1,0.9416705713447836,0.3989777267095442,{'n_estimators': 30}
3,E&E,ETR_separate,0.9008962650856891,0.73570336558438,-1,-1,0.9061130922189993,0.649636152230719,{'n_estimators': 100}
4,E&E,LGBM_separate,0.9307034041548252,0.5124026452551813,-1,-1,0.9491917828690355,0.37960787337929597,"{'learning_rate': 0.5, 'n_estimators': 200, 'num_leaves': 20}"
5,E&E,BGLGBM_separate,0.9348721520302498,0.4813801077212707,-1,-1,0.9491480226959249,0.3581198170831581,{'n_estimators': 50}
