,Gas,Model_name,CV_r2,CV_mse,test_r2_total_model,test_mse_by_total_model,test_r2_separa_model,test_mse_separa_model,best_param
0,E&E,ETR_separate,0.9047404438521978,1.0983656131137178,-1,-1,0.9055833536806243,0.6561655483253747,{'n_estimators': 200}
1,E&E,LGBM_separate,0.9048516749705267,1.0685237572843005,-1,-1,0.9518792903126665,0.37613045280301,"{'learning_rate': 0.5, 'n_estimators': 200, 'num_leaves': 50}"
2,E&E,BGLGBM_separate,0.9216902351279159,0.888504718566347,-1,-1,0.9559444315056169,0.31515019973779534,{'n_estimators': 50}
3,E&E,ETR_separate,0.8897887927095484,0.7960660648275694,-1,-1,0.9024831999751631,0.6764806895283461,{'n_estimators': 100}
4,E&E,LGBM_separate,0.9245037677805319,0.5464184447486962,-1,-1,0.9416548095696007,0.4323839409087929,"{'learning_rate': 0.1, 'n_estimators': 200, 'num_leaves': 50}"
5,E&E,BGLGBM_separate,0.9284939309879314,0.5155845053082546,-1,-1,0.946492376749588,0.3876650409793566,{'n_estimators': 50}
