,Gas,Model_name,CV_r2,CV_mse,test_r2_total_model,test_mse_by_total_model,test_r2_separa_model,test_mse_separa_model,best_param
0,E&E,ETR_separate,0.9078026500735483,1.0604535237414803,-1,-1,0.9124604152905741,0.7591381909251487,{'n_estimators': 200}
1,E&E,LGBM_separate,0.9129873536201278,0.9919722958131965,-1,-1,0.9260004155899055,0.650974488970448,"{'learning_rate': 0.5, 'n_estimators': 200, 'num_leaves': 50}"
2,E&E,BGLGBM_separate,0.9276982351235519,0.8259030240322662,-1,-1,0.9311935145518796,0.5718583621885935,{'n_estimators': 50}
3,E&E,ETR_separate,0.8994362061141008,0.711543971423408,-1,-1,0.9068662853477847,0.8043988073241832,{'n_estimators': 120}
4,E&E,LGBM_separate,0.9347871008595392,0.4611322040880932,-1,-1,0.9359462783781262,0.5495228808388196,"{'learning_rate': 0.1, 'n_estimators': 200, 'num_leaves': 50}"
5,E&E,BGLGBM_separate,0.9361320085030641,0.45090286161094967,-1,-1,0.9341708604039931,0.5627944562930062,{'n_estimators': 30}
