,Gas,Model_name,CV_r2,CV_mse,test_r2_total_model,test_mse_by_total_model,test_r2_separa_model,test_mse_separa_model,best_param
0,E&E,ETR_separate,0.9202449509741978,0.9124195229990493,-1,-1,0.8868472328034928,0.5860316575289228,{'n_estimators': 200}
1,E&E,LGBM_separate,0.9153530380281717,0.9685867010626392,-1,-1,0.9331528739012155,0.3453355000653569,"{'learning_rate': 0.5, 'n_estimators': 200, 'num_leaves': 50}"
2,E&E,BGLGBM_separate,0.9274908870563191,0.830541814085581,-1,-1,0.9355740046943316,0.32642159351983535,{'n_estimators': 50}
3,E&E,ETR_separate,0.9095128874789674,0.7070853830631261,-1,-1,0.8881745527775574,0.5849636624359004,{'n_estimators': 120}
4,E&E,LGBM_separate,0.9353599787135654,0.5045937607402149,-1,-1,0.9435838484297027,0.290057208597962,"{'learning_rate': 0.1, 'n_estimators': 200, 'num_leaves': 50}"
5,E&E,BGLGBM_separate,0.9390466697320203,0.4784023119810823,-1,-1,0.943481648869891,0.2876916059288391,{'n_estimators': 50}
